Date,Product_ID,Demand
2024-01-01,P0001,247
2024-02-01,P0001,276
2024-03-01,P0001,284
2024-04-01,P0001,296
2024-05-01,P0001,260
2024-06-01,P0001,272
2024-07-01,P0001,204
2024-08-01,P0001,243
2024-09-01,P0001,214
2024-10-01,P0001,232
2024-11-01,P0001,260
2024-12-01,P0001,204
2025-01-01,P0001,228
2025-02-01,P0001,272
2025-03-01,P0001,267
2025-04-01,P0001,252
2025-05-01,P0001,291
2025-06-01,P0001,257
2025-07-01,P0001,245
2025-08-01,P0001,256
2025-09-01,P0001,228
2025-10-01,P0001,208
2025-11-01,P0001,252
2025-12-01,P0001,223
2024-01-01,P0002,337
2024-02-01,P0002,336
2024-03-01,P0002,334
2024-04-01,P0002,349
2024-05-01,P0002,344
2024-06-01,P0002,325
2024-07-01,P0002,351
2024-08-01,P0002,324
2024-09-01,P0002,352
2024-10-01,P0002,382
2024-11-01,P0002,375
2024-12-01,P0002,396
2025-01-01,P0002,381
2025-02-01,P0002,369
2025-03-01,P0002,417
2025-04-01,P0002,469
2025-05-01,P0002,441
2025-06-01,P0002,455
2025-07-01,P0002,400
2025-08-01,P0002,472
2025-09-01,P0002,426
2025-10-01,P0002,433
2025-11-01,P0002,456
2025-12-01,P0002,479
2024-01-01,P0003,867
2024-02-01,P0003,928
2024-03-01,P0003,1029
2024-04-01,P0003,733
2024-05-01,P0003,962
2024-06-01,P0003,911
2024-07-01,P0003,867
2024-08-01,P0003,841
2024-09-01,P0003,749
2024-10-01,P0003,763
2024-11-01,P0003,764
2024-12-01,P0003,798
2025-01-01,P0003,870
2025-02-01,P0003,800
2025-03-01,P0003,1002
2025-04-01,P0003,976
2025-05-01,P0003,898
2025-06-01,P0003,882
2025-07-01,P0003,929
2025-08-01,P0003,763
2025-09-01,P0003,912
2025-10-01,P0003,848
2025-11-01,P0003,771
2025-12-01,P0003,712
2024-01-01,P0004,930
2024-02-01,P0004,799
2024-03-01,P0004,1142
2024-04-01,P0004,1113
2024-05-01,P0004,1021
2024-06-01,P0004,1012
2024-07-01,P0004,971
2024-08-01,P0004,774
2024-09-01,P0004,889
2024-10-01,P0004,844
2024-11-01,P0004,875
2024-12-01,P0004,931
2025-01-01,P0004,1002
2025-02-01,P0004,976
2025-03-01,P0004,1084
2025-04-01,P0004,1246
2025-05-01,P0004,1151
2025-06-01,P0004,1049
2025-07-01,P0004,1000
2025-08-01,P0004,993
2025-09-01,P0004,911
2025-10-01,P0004,1104
2025-11-01,P0004,1012
2025-12-01,P0004,1181
2024-01-01,P0005,941
2024-02-01,P0005,884
2024-03-01,P0005,1147
2024-04-01,P0005,1018
2024-05-01,P0005,1024
2024-06-01,P0005,994
2024-07-01,P0005,926
2024-08-01,P0005,752
2024-09-01,P0005,798
2024-10-01,P0005,878
2024-11-01,P0005,849
2024-12-01,P0005,797
2025-01-01,P0005,1000
2025-02-01,P0005,1114
2025-03-01,P0005,1188
2025-04-01,P0005,1232
2025-05-01,P0005,1241
2025-06-01,P0005,1079
2025-07-01,P0005,1020
2025-08-01,P0005,894
2025-09-01,P0005,880
2025-10-01,P0005,802
2025-11-01,P0005,886
2025-12-01,P0005,871
2024-01-01,P0006,1008
2024-02-01,P0006,1150
2024-03-01,P0006,1071
2024-04-01,P0006,1276
2024-05-01,P0006,1311
2024-06-01,P0006,1091
2024-07-01,P0006,1035
2024-08-01,P0006,1119
2024-09-01,P0006,1060
2024-10-01,P0006,1133
2024-11-01,P0006,1015
2024-12-01,P0006,1045
2025-01-01,P0006,1144
2025-02-01,P0006,1326
2025-03-01,P0006,1294
2025-04-01,P0006,1397
2025-05-01,P0006,1476
2025-06-01,P0006,1184
2025-07-01,P0006,1252
2025-08-01,P0006,1059
2025-09-01,P0006,1031
2025-10-01,P0006,1127
2025-11-01,P0006,1222
2025-12-01,P0006,1415
2024-01-01,P0007,779
2024-02-01,P0007,802
2024-03-01,P0007,931
2024-04-01,P0007,1019
2024-05-01,P0007,889
2024-06-01,P0007,692
2024-07-01,P0007,581
2024-08-01,P0007,732
2024-09-01,P0007,813
2024-10-01,P0007,741
2024-11-01,P0007,668
2024-12-01,P0007,611
2025-01-01,P0007,794
2025-02-01,P0007,806
2025-03-01,P0007,972
2025-04-01,P0007,903
2025-05-01,P0007,1038
2025-06-01,P0007,777
2025-07-01,P0007,815
2025-08-01,P0007,782
2025-09-01,P0007,829
2025-10-01,P0007,701
2025-11-01,P0007,733
2025-12-01,P0007,725
2024-01-01,P0008,1199
2024-02-01,P0008,1361
2024-03-01,P0008,1403
2024-04-01,P0008,1473
2024-05-01,P0008,1425
2024-06-01,P0008,1333
2024-07-01,P0008,1361
2024-08-01,P0008,1368
2024-09-01,P0008,1126
2024-10-01,P0008,1143
2024-11-01,P0008,1386
2024-12-01,P0008,1184
2025-01-01,P0008,1218
2025-02-01,P0008,1104
2025-03-01,P0008,1363
2025-04-01,P0008,1383
2025-05-01,P0008,1266
2025-06-01,P0008,1223
2025-07-01,P0008,1227
2025-08-01,P0008,1275
2025-09-01,P0008,981
2025-10-01,P0008,1136
2025-11-01,P0008,907
2025-12-01,P0008,1200
2024-01-01,P0009,1279
2024-02-01,P0009,1344
2024-03-01,P0009,1461
2024-04-01,P0009,1556
2024-05-01,P0009,1701
2024-06-01,P0009,1520
2024-07-01,P0009,1435
2024-08-01,P0009,1317
2024-09-01,P0009,1078
2024-10-01,P0009,1123
2024-11-01,P0009,1302
2024-12-01,P0009,1362
2025-01-01,P0009,1553
2025-02-01,P0009,1680
2025-03-01,P0009,1595
2025-04-01,P0009,1598
2025-05-01,P0009,1657
2025-06-01,P0009,1526
2025-07-01,P0009,1321
2025-08-01,P0009,1265
2025-09-01,P0009,1424
2025-10-01,P0009,1092
2025-11-01,P0009,1203
2025-12-01,P0009,1261
2024-01-01,P0010,900
2024-02-01,P0010,898
2024-03-01,P0010,933
2024-04-01,P0010,931
2024-05-01,P0010,906
2024-06-01,P0010,905
2024-07-01,P0010,806
2024-08-01,P0010,661
2024-09-01,P0010,702
2024-10-01,P0010,695
2024-11-01,P0010,696
2024-12-01,P0010,860
2025-01-01,P0010,1046
2025-02-01,P0010,877
2025-03-01,P0010,1011
2025-04-01,P0010,1026
2025-05-01,P0010,1080
2025-06-01,P0010,823
2025-07-01,P0010,960
2025-08-01,P0010,889
2025-09-01,P0010,914
2025-10-01,P0010,830
2025-11-01,P0010,881
2025-12-01,P0010,960
2024-01-01,P0011,455
2024-02-01,P0011,479
2024-03-01,P0011,506
2024-04-01,P0011,626
2024-05-01,P0011,539
2024-06-01,P0011,528
2024-07-01,P0011,465
2024-08-01,P0011,480
2024-09-01,P0011,406
2024-10-01,P0011,462
2024-11-01,P0011,449
2024-12-01,P0011,442
2025-01-01,P0011,478
2025-02-01,P0011,561
2025-03-01,P0011,597
2025-04-01,P0011,584
2025-05-01,P0011,657
2025-06-01,P0011,546
2025-07-01,P0011,495
2025-08-01,P0011,465
2025-09-01,P0011,423
2025-10-01,P0011,413
2025-11-01,P0011,433
2025-12-01,P0011,478
2024-01-01,P0012,867
2024-02-01,P0012,1055
2024-03-01,P0012,1116
2024-04-01,P0012,1182
2024-05-01,P0012,1078
2024-06-01,P0012,987
2024-07-01,P0012,977
2024-08-01,P0012,686
2024-09-01,P0012,686
2024-10-01,P0012,699
2024-11-01,P0012,621
2024-12-01,P0012,963
2025-01-01,P0012,923
2025-02-01,P0012,919
2025-03-01,P0012,1083
2025-04-01,P0012,1118
2025-05-01,P0012,1006
2025-06-01,P0012,898
2025-07-01,P0012,837
2025-08-01,P0012,729
2025-09-01,P0012,635
2025-10-01,P0012,582
2025-11-01,P0012,657
2025-12-01,P0012,717
2024-01-01,P0013,494
2024-02-01,P0013,532
2024-03-01,P0013,603
2024-04-01,P0013,511
2024-05-01,P0013,631
2024-06-01,P0013,498
2024-07-01,P0013,562
2024-08-01,P0013,475
2024-09-01,P0013,551
2024-10-01,P0013,543
2024-11-01,P0013,594
2024-12-01,P0013,582
2025-01-01,P0013,630
2025-02-01,P0013,673
2025-03-01,P0013,687
2025-04-01,P0013,684
2025-05-01,P0013,784
2025-06-01,P0013,697
2025-07-01,P0013,613
2025-08-01,P0013,697
2025-09-01,P0013,690
2025-10-01,P0013,676
2025-11-01,P0013,662
2025-12-01,P0013,702
2024-01-01,P0014,446
2024-02-01,P0014,413
2024-03-01,P0014,438
2024-04-01,P0014,474
2024-05-01,P0014,473
2024-06-01,P0014,423
2024-07-01,P0014,388
2024-08-01,P0014,347
2024-09-01,P0014,325
2024-10-01,P0014,285
2024-11-01,P0014,280
2024-12-01,P0014,277
2025-01-01,P0014,385
2025-02-01,P0014,404
2025-03-01,P0014,410
2025-04-01,P0014,434
2025-05-01,P0014,358
2025-06-01,P0014,365
2025-07-01,P0014,333
2025-08-01,P0014,263
2025-09-01,P0014,268
2025-10-01,P0014,260
2025-11-01,P0014,182
2025-12-01,P0014,300
2024-01-01,P0015,1556
2024-02-01,P0015,1673
2024-03-01,P0015,1606
2024-04-01,P0015,1773
2024-05-01,P0015,1782
2024-06-01,P0015,1574
2024-07-01,P0015,1596
2024-08-01,P0015,1139
2024-09-01,P0015,1191
2024-10-01,P0015,1088
2024-11-01,P0015,1423
2024-12-01,P0015,1339
2025-01-01,P0015,1404
2025-02-01,P0015,1478
2025-03-01,P0015,1585
2025-04-01,P0015,1918
2025-05-01,P0015,2032
2025-06-01,P0015,1454
2025-07-01,P0015,1551
2025-08-01,P0015,1596
2025-09-01,P0015,1272
2025-10-01,P0015,1152
2025-11-01,P0015,1349
2025-12-01,P0015,1276
2024-01-01,P0016,1134
2024-02-01,P0016,1353
2024-03-01,P0016,1548
2024-04-01,P0016,1340
2024-05-01,P0016,1511
2024-06-01,P0016,1535
2024-07-01,P0016,1375
2024-08-01,P0016,1414
2024-09-01,P0016,1253
2024-10-01,P0016,1305
2024-11-01,P0016,1197
2024-12-01,P0016,1364
2025-01-01,P0016,1358
2025-02-01,P0016,1403
2025-03-01,P0016,1525
2025-04-01,P0016,1399
2025-05-01,P0016,1581
2025-06-01,P0016,1647
2025-07-01,P0016,1465
2025-08-01,P0016,1499
2025-09-01,P0016,1508
2025-10-01,P0016,1296
2025-11-01,P0016,1248
2025-12-01,P0016,1428
2024-01-01,P0017,687
2024-02-01,P0017,722
2024-03-01,P0017,861
2024-04-01,P0017,845
2024-05-01,P0017,861
2024-06-01,P0017,700
2024-07-01,P0017,675
2024-08-01,P0017,716
2024-09-01,P0017,625
2024-10-01,P0017,615
2024-11-01,P0017,516
2024-12-01,P0017,609
2025-01-01,P0017,598
2025-02-01,P0017,735
2025-03-01,P0017,752
2025-04-01,P0017,733
2025-05-01,P0017,791
2025-06-01,P0017,675
2025-07-01,P0017,730
2025-08-01,P0017,586
2025-09-01,P0017,529
2025-10-01,P0017,619
2025-11-01,P0017,531
2025-12-01,P0017,580
2024-01-01,P0018,1455
2024-02-01,P0018,1531
2024-03-01,P0018,1514
2024-04-01,P0018,1418
2024-05-01,P0018,1450
2024-06-01,P0018,1302
2024-07-01,P0018,1574
2024-08-01,P0018,1287
2024-09-01,P0018,1385
2024-10-01,P0018,1436
2024-11-01,P0018,1305
2024-12-01,P0018,1310
2025-01-01,P0018,1438
2025-02-01,P0018,1532
2025-03-01,P0018,1702
2025-04-01,P0018,1703
2025-05-01,P0018,1635
2025-06-01,P0018,1551
2025-07-01,P0018,1470
2025-08-01,P0018,1369
2025-09-01,P0018,1456
2025-10-01,P0018,1415
2025-11-01,P0018,1419
2025-12-01,P0018,1579
2024-01-01,P0019,306
2024-02-01,P0019,338
2024-03-01,P0019,342
2024-04-01,P0019,362
2024-05-01,P0019,386
2024-06-01,P0019,387
2024-07-01,P0019,358
2024-08-01,P0019,316
2024-09-01,P0019,387
2024-10-01,P0019,327
2024-11-01,P0019,326
2024-12-01,P0019,397
2025-01-01,P0019,420
2025-02-01,P0019,423
2025-03-01,P0019,462
2025-04-01,P0019,413
2025-05-01,P0019,483
2025-06-01,P0019,473
2025-07-01,P0019,436
2025-08-01,P0019,413
2025-09-01,P0019,426
2025-10-01,P0019,443
2025-11-01,P0019,426
2025-12-01,P0019,476
2024-01-01,P0020,1336
2024-02-01,P0020,1523
2024-03-01,P0020,1777
2024-04-01,P0020,1871
2024-05-01,P0020,1592
2024-06-01,P0020,1654
2024-07-01,P0020,1593
2024-08-01,P0020,1479
2024-09-01,P0020,1059
2024-10-01,P0020,1181
2024-11-01,P0020,1186
2024-12-01,P0020,1436
2025-01-01,P0020,1572
2025-02-01,P0020,1564
2025-03-01,P0020,2138
2025-04-01,P0020,1956
2025-05-01,P0020,1895
2025-06-01,P0020,1643
2025-07-01,P0020,1609
2025-08-01,P0020,1545
2025-09-01,P0020,1369
2025-10-01,P0020,1174
2025-11-01,P0020,1572
2025-12-01,P0020,1331
2024-01-01,P0021,763
2024-02-01,P0021,884
2024-03-01,P0021,728
2024-04-01,P0021,850
2024-05-01,P0021,828
2024-06-01,P0021,762
2024-07-01,P0021,855
2024-08-01,P0021,838
2024-09-01,P0021,830
2024-10-01,P0021,789
2024-11-01,P0021,859
2024-12-01,P0021,779
2025-01-01,P0021,919
2025-02-01,P0021,911
2025-03-01,P0021,975
2025-04-01,P0021,986
2025-05-01,P0021,909
2025-06-01,P0021,843
2025-07-01,P0021,883
2025-08-01,P0021,836
2025-09-01,P0021,927
2025-10-01,P0021,948
2025-11-01,P0021,921
2025-12-01,P0021,987
2024-01-01,P0022,502
2024-02-01,P0022,702
2024-03-01,P0022,703
2024-04-01,P0022,706
2024-05-01,P0022,640
2024-06-01,P0022,656
2024-07-01,P0022,583
2024-08-01,P0022,535
2024-09-01,P0022,634
2024-10-01,P0022,539
2024-11-01,P0022,624
2024-12-01,P0022,677
2025-01-01,P0022,647
2025-02-01,P0022,751
2025-03-01,P0022,699
2025-04-01,P0022,644
2025-05-01,P0022,732
2025-06-01,P0022,679
2025-07-01,P0022,685
2025-08-01,P0022,681
2025-09-01,P0022,668
2025-10-01,P0022,650
2025-11-01,P0022,616
2025-12-01,P0022,718
2024-01-01,P0023,1309
2024-02-01,P0023,1205
2024-03-01,P0023,1459
2024-04-01,P0023,1635
2024-05-01,P0023,1429
2024-06-01,P0023,1223
2024-07-01,P0023,1293
2024-08-01,P0023,1155
2024-09-01,P0023,1151
2024-10-01,P0023,1239
2024-11-01,P0023,1306
2024-12-01,P0023,1289
2025-01-01,P0023,1261
2025-02-01,P0023,1391
2025-03-01,P0023,1367
2025-04-01,P0023,1417
2025-05-01,P0023,1570
2025-06-01,P0023,1457
2025-07-01,P0023,1503
2025-08-01,P0023,1095
2025-09-01,P0023,1235
2025-10-01,P0023,1304
2025-11-01,P0023,1287
2025-12-01,P0023,1226
2024-01-01,P0024,805
2024-02-01,P0024,1236
2024-03-01,P0024,1204
2024-04-01,P0024,1173
2024-05-01,P0024,1133
2024-06-01,P0024,996
2024-07-01,P0024,1109
2024-08-01,P0024,884
2024-09-01,P0024,903
2024-10-01,P0024,818
2024-11-01,P0024,918
2024-12-01,P0024,1131
2025-01-01,P0024,1094
2025-02-01,P0024,1246
2025-03-01,P0024,1241
2025-04-01,P0024,1169
2025-05-01,P0024,1237
2025-06-01,P0024,1209
2025-07-01,P0024,1108
2025-08-01,P0024,1229
2025-09-01,P0024,907
2025-10-01,P0024,905
2025-11-01,P0024,977
2025-12-01,P0024,1050
2024-01-01,P0025,1578
2024-02-01,P0025,1406
2024-03-01,P0025,1473
2024-04-01,P0025,1329
2024-05-01,P0025,1444
2024-06-01,P0025,1318
2024-07-01,P0025,1157
2024-08-01,P0025,1376
2024-09-01,P0025,1113
2024-10-01,P0025,1186
2024-11-01,P0025,1050
2024-12-01,P0025,1184
2025-01-01,P0025,1217
2025-02-01,P0025,1502
2025-03-01,P0025,1380
2025-04-01,P0025,1530
2025-05-01,P0025,1527
2025-06-01,P0025,1427
2025-07-01,P0025,1000
2025-08-01,P0025,1328
2025-09-01,P0025,1131
2025-10-01,P0025,1050
2025-11-01,P0025,1083
2025-12-01,P0025,986
2024-01-01,P0026,684
2024-02-01,P0026,696
2024-03-01,P0026,795
2024-04-01,P0026,813
2024-05-01,P0026,856
2024-06-01,P0026,817
2024-07-01,P0026,735
2024-08-01,P0026,704
2024-09-01,P0026,671
2024-10-01,P0026,665
2024-11-01,P0026,780
2024-12-01,P0026,792
2025-01-01,P0026,736
2025-02-01,P0026,833
2025-03-01,P0026,791
2025-04-01,P0026,891
2025-05-01,P0026,874
2025-06-01,P0026,824
2025-07-01,P0026,799
2025-08-01,P0026,716
2025-09-01,P0026,742
2025-10-01,P0026,750
2025-11-01,P0026,725
2025-12-01,P0026,727
2024-01-01,P0027,1124
2024-02-01,P0027,1145
2024-03-01,P0027,1408
2024-04-01,P0027,1310
2024-05-01,P0027,1276
2024-06-01,P0027,1454
2024-07-01,P0027,1154
2024-08-01,P0027,1057
2024-09-01,P0027,1047
2024-10-01,P0027,790
2024-11-01,P0027,1117
2024-12-01,P0027,1178
2025-01-01,P0027,1123
2025-02-01,P0027,1267
2025-03-01,P0027,1404
2025-04-01,P0027,1635
2025-05-01,P0027,1390
2025-06-01,P0027,1360
2025-07-01,P0027,1278
2025-08-01,P0027,1027
2025-09-01,P0027,1039
2025-10-01,P0027,1029
2025-11-01,P0027,924
2025-12-01,P0027,1186
2024-01-01,P0028,678
2024-02-01,P0028,965
2024-03-01,P0028,951
2024-04-01,P0028,984
2024-05-01,P0028,1045
2024-06-01,P0028,1007
2024-07-01,P0028,650
2024-08-01,P0028,807
2024-09-01,P0028,619
2024-10-01,P0028,581
2024-11-01,P0028,720
2024-12-01,P0028,762
2025-01-01,P0028,831
2025-02-01,P0028,881
2025-03-01,P0028,822
2025-04-01,P0028,1088
2025-05-01,P0028,1013
2025-06-01,P0028,951
2025-07-01,P0028,713
2025-08-01,P0028,782
2025-09-01,P0028,737
2025-10-01,P0028,704
2025-11-01,P0028,624
2025-12-01,P0028,586
2024-01-01,P0029,847
2024-02-01,P0029,1171
2024-03-01,P0029,1014
2024-04-01,P0029,1127
2024-05-01,P0029,1071
2024-06-01,P0029,982
2024-07-01,P0029,854
2024-08-01,P0029,897
2024-09-01,P0029,969
2024-10-01,P0029,994
2024-11-01,P0029,1072
2024-12-01,P0029,941
2025-01-01,P0029,1005
2025-02-01,P0029,1136
2025-03-01,P0029,1081
2025-04-01,P0029,999
2025-05-01,P0029,1131
2025-06-01,P0029,987
2025-07-01,P0029,1132
2025-08-01,P0029,998
2025-09-01,P0029,852
2025-10-01,P0029,905
2025-11-01,P0029,902
2025-12-01,P0029,965
2024-01-01,P0030,225
2024-02-01,P0030,307
2024-03-01,P0030,348
2024-04-01,P0030,313
2024-05-01,P0030,333
2024-06-01,P0030,327
2024-07-01,P0030,318
2024-08-01,P0030,281
2024-09-01,P0030,302
2024-10-01,P0030,279
2024-11-01,P0030,302
2024-12-01,P0030,372
2025-01-01,P0030,364
2025-02-01,P0030,403
2025-03-01,P0030,462
2025-04-01,P0030,467
2025-05-01,P0030,530
2025-06-01,P0030,459
2025-07-01,P0030,441
2025-08-01,P0030,440
2025-09-01,P0030,434
2025-10-01,P0030,478
2025-11-01,P0030,430
2025-12-01,P0030,459
2024-01-01,P0031,326
2024-02-01,P0031,355
2024-03-01,P0031,435
2024-04-01,P0031,409
2024-05-01,P0031,347
2024-06-01,P0031,409
2024-07-01,P0031,389
2024-08-01,P0031,375
2024-09-01,P0031,422
2024-10-01,P0031,432
2024-11-01,P0031,441
2024-12-01,P0031,455
2025-01-01,P0031,442
2025-02-01,P0031,481
2025-03-01,P0031,499
2025-04-01,P0031,522
2025-05-01,P0031,562
2025-06-01,P0031,566
2025-07-01,P0031,558
2025-08-01,P0031,509
2025-09-01,P0031,551
2025-10-01,P0031,576
2025-11-01,P0031,556
2025-12-01,P0031,553
2024-01-01,P0032,152
2024-02-01,P0032,142
2024-03-01,P0032,136
2024-04-01,P0032,143
2024-05-01,P0032,132
2024-06-01,P0032,165
2024-07-01,P0032,135
2024-08-01,P0032,128
2024-09-01,P0032,116
2024-10-01,P0032,128
2024-11-01,P0032,102
2024-12-01,P0032,148
2025-01-01,P0032,142
2025-02-01,P0032,143
2025-03-01,P0032,171
2025-04-01,P0032,182
2025-05-01,P0032,168
2025-06-01,P0032,167
2025-07-01,P0032,155
2025-08-01,P0032,132
2025-09-01,P0032,154
2025-10-01,P0032,145
2025-11-01,P0032,131
2025-12-01,P0032,151
2024-01-01,P0033,820
2024-02-01,P0033,1071
2024-03-01,P0033,862
2024-04-01,P0033,912
2024-05-01,P0033,754
2024-06-01,P0033,838
2024-07-01,P0033,686
2024-08-01,P0033,811
2024-09-01,P0033,634
2024-10-01,P0033,646
2024-11-01,P0033,636
2024-12-01,P0033,593
2025-01-01,P0033,677
2025-02-01,P0033,795
2025-03-01,P0033,798
2025-04-01,P0033,845
2025-05-01,P0033,848
2025-06-01,P0033,888
2025-07-01,P0033,756
2025-08-01,P0033,642
2025-09-01,P0033,572
2025-10-01,P0033,572
2025-11-01,P0033,610
2025-12-01,P0033,642
2024-01-01,P0034,1045
2024-02-01,P0034,973
2024-03-01,P0034,1361
2024-04-01,P0034,1260
2024-05-01,P0034,1423
2024-06-01,P0034,1430
2024-07-01,P0034,1127
2024-08-01,P0034,1149
2024-09-01,P0034,1205
2024-10-01,P0034,1221
2024-11-01,P0034,1183
2024-12-01,P0034,1293
2025-01-01,P0034,1261
2025-02-01,P0034,1109
2025-03-01,P0034,1391
2025-04-01,P0034,1308
2025-05-01,P0034,1309
2025-06-01,P0034,1463
2025-07-01,P0034,1282
2025-08-01,P0034,1382
2025-09-01,P0034,1294
2025-10-01,P0034,1194
2025-11-01,P0034,1231
2025-12-01,P0034,1286
2024-01-01,P0035,748
2024-02-01,P0035,712
2024-03-01,P0035,798
2024-04-01,P0035,842
2024-05-01,P0035,837
2024-06-01,P0035,765
2024-07-01,P0035,760
2024-08-01,P0035,730
2024-09-01,P0035,709
2024-10-01,P0035,597
2024-11-01,P0035,692
2024-12-01,P0035,685
2025-01-01,P0035,809
2025-02-01,P0035,869
2025-03-01,P0035,824
2025-04-01,P0035,852
2025-05-01,P0035,761
2025-06-01,P0035,904
2025-07-01,P0035,846
2025-08-01,P0035,768
2025-09-01,P0035,702
2025-10-01,P0035,831
2025-11-01,P0035,745
2025-12-01,P0035,848
2024-01-01,P0036,1052
2024-02-01,P0036,1036
2024-03-01,P0036,1218
2024-04-01,P0036,1201
2024-05-01,P0036,1175
2024-06-01,P0036,1042
2024-07-01,P0036,930
2024-08-01,P0036,797
2024-09-01,P0036,715
2024-10-01,P0036,723
2024-11-01,P0036,695
2024-12-01,P0036,849
2025-01-01,P0036,777
2025-02-01,P0036,978
2025-03-01,P0036,1050
2025-04-01,P0036,1055
2025-05-01,P0036,1148
2025-06-01,P0036,992
2025-07-01,P0036,935
2025-08-01,P0036,695
2025-09-01,P0036,640
2025-10-01,P0036,745
2025-11-01,P0036,703
2025-12-01,P0036,694
2024-01-01,P0037,1318
2024-02-01,P0037,1286
2024-03-01,P0037,1198
2024-04-01,P0037,1450
2024-05-01,P0037,1282
2024-06-01,P0037,1208
2024-07-01,P0037,1292
2024-08-01,P0037,1120
2024-09-01,P0037,964
2024-10-01,P0037,941
2024-11-01,P0037,989
2024-12-01,P0037,967
2025-01-01,P0037,1316
2025-02-01,P0037,1270
2025-03-01,P0037,1427
2025-04-01,P0037,1310
2025-05-01,P0037,1302
2025-06-01,P0037,1193
2025-07-01,P0037,1186
2025-08-01,P0037,965
2025-09-01,P0037,879
2025-10-01,P0037,812
2025-11-01,P0037,952
2025-12-01,P0037,1015
2024-01-01,P0038,1479
2024-02-01,P0038,1440
2024-03-01,P0038,1750
2024-04-01,P0038,1691
2024-05-01,P0038,1544
2024-06-01,P0038,1359
2024-07-01,P0038,1378
2024-08-01,P0038,1275
2024-09-01,P0038,1262
2024-10-01,P0038,1139
2024-11-01,P0038,1224
2024-12-01,P0038,1352
2025-01-01,P0038,1435
2025-02-01,P0038,1565
2025-03-01,P0038,1713
2025-04-01,P0038,1621
2025-05-01,P0038,1530
2025-06-01,P0038,1392
2025-07-01,P0038,1470
2025-08-01,P0038,1201
2025-09-01,P0038,1321
2025-10-01,P0038,1278
2025-11-01,P0038,1305
2025-12-01,P0038,1358
2024-01-01,P0039,1190
2024-02-01,P0039,1305
2024-03-01,P0039,1306
2024-04-01,P0039,1325
2024-05-01,P0039,1435
2024-06-01,P0039,1383
2024-07-01,P0039,1249
2024-08-01,P0039,1197
2024-09-01,P0039,1203
2024-10-01,P0039,1071
2024-11-01,P0039,940
2024-12-01,P0039,1082
2025-01-01,P0039,1423
2025-02-01,P0039,1473
2025-03-01,P0039,1413
2025-04-01,P0039,1491
2025-05-01,P0039,1347
2025-06-01,P0039,1473
2025-07-01,P0039,1364
2025-08-01,P0039,1064
2025-09-01,P0039,943
2025-10-01,P0039,932
2025-11-01,P0039,960
2025-12-01,P0039,1087
2024-01-01,P0040,1064
2024-02-01,P0040,1137
2024-03-01,P0040,1163
2024-04-01,P0040,1203
2024-05-01,P0040,1118
2024-06-01,P0040,1111
2024-07-01,P0040,1040
2024-08-01,P0040,936
2024-09-01,P0040,976
2024-10-01,P0040,810
2024-11-01,P0040,753
2024-12-01,P0040,789
2025-01-01,P0040,934
2025-02-01,P0040,1020
2025-03-01,P0040,1232
2025-04-01,P0040,1190
2025-05-01,P0040,995
2025-06-01,P0040,901
2025-07-01,P0040,975
2025-08-01,P0040,784
2025-09-01,P0040,627
2025-10-01,P0040,724
2025-11-01,P0040,729
2025-12-01,P0040,977
2024-01-01,P0041,1315
2024-02-01,P0041,1386
2024-03-01,P0041,1565
2024-04-01,P0041,1479
2024-05-01,P0041,1357
2024-06-01,P0041,1382
2024-07-01,P0041,1497
2024-08-01,P0041,1391
2024-09-01,P0041,1320
2024-10-01,P0041,1397
2024-11-01,P0041,1199
2024-12-01,P0041,1409
2025-01-01,P0041,1291
2025-02-01,P0041,1512
2025-03-01,P0041,1499
2025-04-01,P0041,1499
2025-05-01,P0041,1448
2025-06-01,P0041,1421
2025-07-01,P0041,1428
2025-08-01,P0041,1252
2025-09-01,P0041,1285
2025-10-01,P0041,1141
2025-11-01,P0041,1323
2025-12-01,P0041,1022
2024-01-01,P0042,334
2024-02-01,P0042,441
2024-03-01,P0042,478
2024-04-01,P0042,454
2024-05-01,P0042,449
2024-06-01,P0042,445
2024-07-01,P0042,333
2024-08-01,P0042,391
2024-09-01,P0042,380
2024-10-01,P0042,355
2024-11-01,P0042,371
2024-12-01,P0042,434
2025-01-01,P0042,507
2025-02-01,P0042,474
2025-03-01,P0042,513
2025-04-01,P0042,553
2025-05-01,P0042,514
2025-06-01,P0042,522
2025-07-01,P0042,485
2025-08-01,P0042,533
2025-09-01,P0042,468
2025-10-01,P0042,520
2025-11-01,P0042,541
2025-12-01,P0042,491
2024-01-01,P0043,1471
2024-02-01,P0043,1483
2024-03-01,P0043,1510
2024-04-01,P0043,1623
2024-05-01,P0043,1241
2024-06-01,P0043,1363
2024-07-01,P0043,1359
2024-08-01,P0043,1313
2024-09-01,P0043,1381
2024-10-01,P0043,1165
2024-11-01,P0043,1234
2024-12-01,P0043,1194
2025-01-01,P0043,1367
2025-02-01,P0043,1482
2025-03-01,P0043,1463
2025-04-01,P0043,1396
2025-05-01,P0043,1485
2025-06-01,P0043,1472
2025-07-01,P0043,1246
2025-08-01,P0043,1230
2025-09-01,P0043,1210
2025-10-01,P0043,1148
2025-11-01,P0043,985
2025-12-01,P0043,1279
2024-01-01,P0044,846
2024-02-01,P0044,1040
2024-03-01,P0044,973
2024-04-01,P0044,993
2024-05-01,P0044,1079
2024-06-01,P0044,903
2024-07-01,P0044,857
2024-08-01,P0044,623
2024-09-01,P0044,656
2024-10-01,P0044,537
2024-11-01,P0044,644
2024-12-01,P0044,665
2025-01-01,P0044,787
2025-02-01,P0044,827
2025-03-01,P0044,896
2025-04-01,P0044,1021
2025-05-01,P0044,854
2025-06-01,P0044,906
2025-07-01,P0044,767
2025-08-01,P0044,608
2025-09-01,P0044,536
2025-10-01,P0044,609
2025-11-01,P0044,584
2025-12-01,P0044,549
2024-01-01,P0045,315
2024-02-01,P0045,331
2024-03-01,P0045,353
2024-04-01,P0045,378
2024-05-01,P0045,389
2024-06-01,P0045,451
2024-07-01,P0045,398
2024-08-01,P0045,321
2024-09-01,P0045,329
2024-10-01,P0045,392
2024-11-01,P0045,389
2024-12-01,P0045,424
2025-01-01,P0045,399
2025-02-01,P0045,415
2025-03-01,P0045,406
2025-04-01,P0045,510
2025-05-01,P0045,496
2025-06-01,P0045,495
2025-07-01,P0045,479
2025-08-01,P0045,433
2025-09-01,P0045,460
2025-10-01,P0045,435
2025-11-01,P0045,483
2025-12-01,P0045,487
2024-01-01,P0046,393
2024-02-01,P0046,388
2024-03-01,P0046,416
2024-04-01,P0046,381
2024-05-01,P0046,377
2024-06-01,P0046,386
2024-07-01,P0046,396
2024-08-01,P0046,349
2024-09-01,P0046,326
2024-10-01,P0046,362
2024-11-01,P0046,356
2024-12-01,P0046,316
2025-01-01,P0046,375
2025-02-01,P0046,414
2025-03-01,P0046,365
2025-04-01,P0046,383
2025-05-01,P0046,413
2025-06-01,P0046,386
2025-07-01,P0046,365
2025-08-01,P0046,337
2025-09-01,P0046,322
2025-10-01,P0046,319
2025-11-01,P0046,290
2025-12-01,P0046,305
2024-01-01,P0047,780
2024-02-01,P0047,1001
2024-03-01,P0047,944
2024-04-01,P0047,968
2024-05-01,P0047,908
2024-06-01,P0047,863
2024-07-01,P0047,740
2024-08-01,P0047,733
2024-09-01,P0047,580
2024-10-01,P0047,440
2024-11-01,P0047,681
2024-12-01,P0047,563
2025-01-01,P0047,745
2025-02-01,P0047,958
2025-03-01,P0047,930
2025-04-01,P0047,1067
2025-05-01,P0047,979
2025-06-01,P0047,852
2025-07-01,P0047,796
2025-08-01,P0047,644
2025-09-01,P0047,747
2025-10-01,P0047,509
2025-11-01,P0047,546
2025-12-01,P0047,691
2024-01-01,P0048,226
2024-02-01,P0048,241
2024-03-01,P0048,208
2024-04-01,P0048,266
2024-05-01,P0048,236
2024-06-01,P0048,257
2024-07-01,P0048,292
2024-08-01,P0048,253
2024-09-01,P0048,297
2024-10-01,P0048,288
2024-11-01,P0048,326
2024-12-01,P0048,351
2025-01-01,P0048,367
2025-02-01,P0048,369
2025-03-01,P0048,387
2025-04-01,P0048,425
2025-05-01,P0048,394
2025-06-01,P0048,387
2025-07-01,P0048,408
2025-08-01,P0048,425
2025-09-01,P0048,414
2025-10-01,P0048,455
2025-11-01,P0048,430
2025-12-01,P0048,475
2024-01-01,P0049,717
2024-02-01,P0049,801
2024-03-01,P0049,772
2024-04-01,P0049,760
2024-05-01,P0049,832
2024-06-01,P0049,885
2024-07-01,P0049,800
2024-08-01,P0049,812
2024-09-01,P0049,626
2024-10-01,P0049,788
2024-11-01,P0049,702
2024-12-01,P0049,803
2025-01-01,P0049,785
2025-02-01,P0049,846
2025-03-01,P0049,977
2025-04-01,P0049,803
2025-05-01,P0049,868
2025-06-01,P0049,889
2025-07-01,P0049,817
2025-08-01,P0049,880
2025-09-01,P0049,856
2025-10-01,P0049,820
2025-11-01,P0049,835
2025-12-01,P0049,796
2024-01-01,P0050,654
2024-02-01,P0050,682
2024-03-01,P0050,660
2024-04-01,P0050,634
2024-05-01,P0050,610
2024-06-01,P0050,655
2024-07-01,P0050,579
2024-08-01,P0050,555
2024-09-01,P0050,581
2024-10-01,P0050,672
2024-11-01,P0050,495
2024-12-01,P0050,622
2025-01-01,P0050,539
2025-02-01,P0050,567
2025-03-01,P0050,592
2025-04-01,P0050,545
2025-05-01,P0050,567
2025-06-01,P0050,582
2025-07-01,P0050,540
2025-08-01,P0050,438
2025-09-01,P0050,477
2025-10-01,P0050,444
2025-11-01,P0050,370
2025-12-01,P0050,554
2024-01-01,P0051,757
2024-02-01,P0051,727
2024-03-01,P0051,679
2024-04-01,P0051,797
2024-05-01,P0051,761
2024-06-01,P0051,747
2024-07-01,P0051,611
2024-08-01,P0051,596
2024-09-01,P0051,550
2024-10-01,P0051,526
2024-11-01,P0051,510
2024-12-01,P0051,644
2025-01-01,P0051,651
2025-02-01,P0051,683
2025-03-01,P0051,684
2025-04-01,P0051,719
2025-05-01,P0051,633
2025-06-01,P0051,654
2025-07-01,P0051,604
2025-08-01,P0051,590
2025-09-01,P0051,389
2025-10-01,P0051,378
2025-11-01,P0051,504
2025-12-01,P0051,438
2024-01-01,P0052,1293
2024-02-01,P0052,1629
2024-03-01,P0052,1750
2024-04-01,P0052,1760
2024-05-01,P0052,1763
2024-06-01,P0052,1487
2024-07-01,P0052,1291
2024-08-01,P0052,1393
2024-09-01,P0052,1007
2024-10-01,P0052,981
2024-11-01,P0052,1155
2024-12-01,P0052,1398
2025-01-01,P0052,1283
2025-02-01,P0052,1667
2025-03-01,P0052,1908
2025-04-01,P0052,1772
2025-05-01,P0052,1717
2025-06-01,P0052,1574
2025-07-01,P0052,1488
2025-08-01,P0052,1250
2025-09-01,P0052,1032
2025-10-01,P0052,1020
2025-11-01,P0052,1198
2025-12-01,P0052,1186
2024-01-01,P0053,973
2024-02-01,P0053,1169
2024-03-01,P0053,1251
2024-04-01,P0053,1341
2024-05-01,P0053,1320
2024-06-01,P0053,1305
2024-07-01,P0053,1103
2024-08-01,P0053,1174
2024-09-01,P0053,995
2024-10-01,P0053,964
2024-11-01,P0053,1125
2024-12-01,P0053,981
2025-01-01,P0053,1045
2025-02-01,P0053,1378
2025-03-01,P0053,1229
2025-04-01,P0053,1077
2025-05-01,P0053,1359
2025-06-01,P0053,1164
2025-07-01,P0053,1095
2025-08-01,P0053,1193
2025-09-01,P0053,876
2025-10-01,P0053,895
2025-11-01,P0053,999
2025-12-01,P0053,1002
2024-01-01,P0054,1348
2024-02-01,P0054,1303
2024-03-01,P0054,1552
2024-04-01,P0054,1531
2024-05-01,P0054,1509
2024-06-01,P0054,1416
2024-07-01,P0054,1501
2024-08-01,P0054,1431
2024-09-01,P0054,1196
2024-10-01,P0054,1254
2024-11-01,P0054,1246
2024-12-01,P0054,1447
2025-01-01,P0054,1254
2025-02-01,P0054,1482
2025-03-01,P0054,1370
2025-04-01,P0054,1473
2025-05-01,P0054,1462
2025-06-01,P0054,1425
2025-07-01,P0054,1463
2025-08-01,P0054,1480
2025-09-01,P0054,1077
2025-10-01,P0054,1218
2025-11-01,P0054,1153
2025-12-01,P0054,1189
2024-01-01,P0055,870
2024-02-01,P0055,704
2024-03-01,P0055,789
2024-04-01,P0055,840
2024-05-01,P0055,915
2024-06-01,P0055,755
2024-07-01,P0055,679
2024-08-01,P0055,794
2024-09-01,P0055,944
2024-10-01,P0055,807
2024-11-01,P0055,776
2024-12-01,P0055,777
2025-01-01,P0055,897
2025-02-01,P0055,930
2025-03-01,P0055,887
2025-04-01,P0055,981
2025-05-01,P0055,947
2025-06-01,P0055,951
2025-07-01,P0055,995
2025-08-01,P0055,920
2025-09-01,P0055,814
2025-10-01,P0055,1034
2025-11-01,P0055,949
2025-12-01,P0055,923
2024-01-01,P0056,1374
2024-02-01,P0056,1365
2024-03-01,P0056,1417
2024-04-01,P0056,1510
2024-05-01,P0056,1765
2024-06-01,P0056,1233
2024-07-01,P0056,1451
2024-08-01,P0056,1459
2024-09-01,P0056,1141
2024-10-01,P0056,1384
2024-11-01,P0056,1313
2024-12-01,P0056,1358
2025-01-01,P0056,1456
2025-02-01,P0056,1575
2025-03-01,P0056,1659
2025-04-01,P0056,1687
2025-05-01,P0056,1648
2025-06-01,P0056,1632
2025-07-01,P0056,1713
2025-08-01,P0056,1473
2025-09-01,P0056,1261
2025-10-01,P0056,1288
2025-11-01,P0056,1409
2025-12-01,P0056,1426
2024-01-01,P0057,1222
2024-02-01,P0057,1671
2024-03-01,P0057,1599
2024-04-01,P0057,1682
2024-05-01,P0057,1537
2024-06-01,P0057,1592
2024-07-01,P0057,1375
2024-08-01,P0057,1649
2024-09-01,P0057,1252
2024-10-01,P0057,1337
2024-11-01,P0057,1670
2024-12-01,P0057,1315
2025-01-01,P0057,1614
2025-02-01,P0057,1416
2025-03-01,P0057,1505
2025-04-01,P0057,1531
2025-05-01,P0057,1717
2025-06-01,P0057,1599
2025-07-01,P0057,1516
2025-08-01,P0057,1572
2025-09-01,P0057,1666
2025-10-01,P0057,1376
2025-11-01,P0057,1478
2025-12-01,P0057,1367
2024-01-01,P0058,1260
2024-02-01,P0058,1156
2024-03-01,P0058,1325
2024-04-01,P0058,1378
2024-05-01,P0058,1264
2024-06-01,P0058,1194
2024-07-01,P0058,1136
2024-08-01,P0058,865
2024-09-01,P0058,705
2024-10-01,P0058,868
2024-11-01,P0058,893
2024-12-01,P0058,909
2025-01-01,P0058,973
2025-02-01,P0058,1198
2025-03-01,P0058,1193
2025-04-01,P0058,1159
2025-05-01,P0058,1303
2025-06-01,P0058,1230
2025-07-01,P0058,971
2025-08-01,P0058,708
2025-09-01,P0058,640
2025-10-01,P0058,666
2025-11-01,P0058,650
2025-12-01,P0058,628
2024-01-01,P0059,161
2024-02-01,P0059,192
2024-03-01,P0059,217
2024-04-01,P0059,243
2024-05-01,P0059,248
2024-06-01,P0059,232
2024-07-01,P0059,239
2024-08-01,P0059,214
2024-09-01,P0059,192
2024-10-01,P0059,257
2024-11-01,P0059,232
2024-12-01,P0059,245
2025-01-01,P0059,286
2025-02-01,P0059,347
2025-03-01,P0059,361
2025-04-01,P0059,402
2025-05-01,P0059,361
2025-06-01,P0059,384
2025-07-01,P0059,361
2025-08-01,P0059,362
2025-09-01,P0059,359
2025-10-01,P0059,364
2025-11-01,P0059,398
2025-12-01,P0059,412
2024-01-01,P0060,181
2024-02-01,P0060,222
2024-03-01,P0060,230
2024-04-01,P0060,252
2024-05-01,P0060,233
2024-06-01,P0060,224
2024-07-01,P0060,179
2024-08-01,P0060,189
2024-09-01,P0060,207
2024-10-01,P0060,204
2024-11-01,P0060,177
2024-12-01,P0060,227
2025-01-01,P0060,259
2025-02-01,P0060,255
2025-03-01,P0060,273
2025-04-01,P0060,271
2025-05-01,P0060,277
2025-06-01,P0060,282
2025-07-01,P0060,228
2025-08-01,P0060,271
2025-09-01,P0060,247
2025-10-01,P0060,215
2025-11-01,P0060,212
2025-12-01,P0060,252
2024-01-01,P0061,173
2024-02-01,P0061,185
2024-03-01,P0061,176
2024-04-01,P0061,224
2024-05-01,P0061,205
2024-06-01,P0061,185
2024-07-01,P0061,202
2024-08-01,P0061,179
2024-09-01,P0061,196
2024-10-01,P0061,200
2024-11-01,P0061,212
2024-12-01,P0061,213
2025-01-01,P0061,254
2025-02-01,P0061,236
2025-03-01,P0061,271
2025-04-01,P0061,277
2025-05-01,P0061,314
2025-06-01,P0061,309
2025-07-01,P0061,265
2025-08-01,P0061,283
2025-09-01,P0061,259
2025-10-01,P0061,273
2025-11-01,P0061,281
2025-12-01,P0061,305
2024-01-01,P0062,299
2024-02-01,P0062,361
2024-03-01,P0062,409
2024-04-01,P0062,363
2024-05-01,P0062,405
2024-06-01,P0062,372
2024-07-01,P0062,375
2024-08-01,P0062,344
2024-09-01,P0062,342
2024-10-01,P0062,363
2024-11-01,P0062,363
2024-12-01,P0062,334
2025-01-01,P0062,379
2025-02-01,P0062,413
2025-03-01,P0062,413
2025-04-01,P0062,444
2025-05-01,P0062,416
2025-06-01,P0062,429
2025-07-01,P0062,400
2025-08-01,P0062,411
2025-09-01,P0062,416
2025-10-01,P0062,407
2025-11-01,P0062,403
2025-12-01,P0062,489
2024-01-01,P0063,319
2024-02-01,P0063,335
2024-03-01,P0063,421
2024-04-01,P0063,405
2024-05-01,P0063,401
2024-06-01,P0063,436
2024-07-01,P0063,429
2024-08-01,P0063,341
2024-09-01,P0063,337
2024-10-01,P0063,300
2024-11-01,P0063,338
2024-12-01,P0063,356
2025-01-01,P0063,408
2025-02-01,P0063,445
2025-03-01,P0063,464
2025-04-01,P0063,493
2025-05-01,P0063,478
2025-06-01,P0063,496
2025-07-01,P0063,475
2025-08-01,P0063,369
2025-09-01,P0063,406
2025-10-01,P0063,363
2025-11-01,P0063,371
2025-12-01,P0063,431
2024-01-01,P0064,1495
2024-02-01,P0064,1486
2024-03-01,P0064,1793
2024-04-01,P0064,1771
2024-05-01,P0064,1596
2024-06-01,P0064,1272
2024-07-01,P0064,1478
2024-08-01,P0064,1178
2024-09-01,P0064,1149
2024-10-01,P0064,1059
2024-11-01,P0064,1203
2024-12-01,P0064,1195
2025-01-01,P0064,1359
2025-02-01,P0064,1430
2025-03-01,P0064,1429
2025-04-01,P0064,1764
2025-05-01,P0064,1489
2025-06-01,P0064,1505
2025-07-01,P0064,1289
2025-08-01,P0064,1286
2025-09-01,P0064,1015
2025-10-01,P0064,1085
2025-11-01,P0064,1204
2025-12-01,P0064,1118
2024-01-01,P0065,346
2024-02-01,P0065,341
2024-03-01,P0065,333
2024-04-01,P0065,343
2024-05-01,P0065,391
2024-06-01,P0065,373
2024-07-01,P0065,312
2024-08-01,P0065,390
2024-09-01,P0065,288
2024-10-01,P0065,323
2024-11-01,P0065,337
2024-12-01,P0065,378
2025-01-01,P0065,382
2025-02-01,P0065,369
2025-03-01,P0065,365
2025-04-01,P0065,439
2025-05-01,P0065,440
2025-06-01,P0065,419
2025-07-01,P0065,374
2025-08-01,P0065,353
2025-09-01,P0065,348
2025-10-01,P0065,372
2025-11-01,P0065,409
2025-12-01,P0065,393
2024-01-01,P0066,1519
2024-02-01,P0066,1406
2024-03-01,P0066,1557
2024-04-01,P0066,1623
2024-05-01,P0066,1371
2024-06-01,P0066,1287
2024-07-01,P0066,1395
2024-08-01,P0066,1297
2024-09-01,P0066,1271
2024-10-01,P0066,1160
2024-11-01,P0066,1157
2024-12-01,P0066,1260
2025-01-01,P0066,1546
2025-02-01,P0066,1495
2025-03-01,P0066,1456
2025-04-01,P0066,1513
2025-05-01,P0066,1332
2025-06-01,P0066,1440
2025-07-01,P0066,1229
2025-08-01,P0066,1142
2025-09-01,P0066,1229
2025-10-01,P0066,1077
2025-11-01,P0066,1342
2025-12-01,P0066,1166
2024-01-01,P0067,764
2024-02-01,P0067,773
2024-03-01,P0067,931
2024-04-01,P0067,881
2024-05-01,P0067,903
2024-06-01,P0067,773
2024-07-01,P0067,698
2024-08-01,P0067,618
2024-09-01,P0067,656
2024-10-01,P0067,590
2024-11-01,P0067,599
2024-12-01,P0067,678
2025-01-01,P0067,658
2025-02-01,P0067,773
2025-03-01,P0067,776
2025-04-01,P0067,839
2025-05-01,P0067,803
2025-06-01,P0067,721
2025-07-01,P0067,770
2025-08-01,P0067,664
2025-09-01,P0067,599
2025-10-01,P0067,566
2025-11-01,P0067,511
2025-12-01,P0067,586
2024-01-01,P0068,946
2024-02-01,P0068,1066
2024-03-01,P0068,1062
2024-04-01,P0068,1176
2024-05-01,P0068,1133
2024-06-01,P0068,1149
2024-07-01,P0068,949
2024-08-01,P0068,862
2024-09-01,P0068,899
2024-10-01,P0068,953
2024-11-01,P0068,980
2024-12-01,P0068,998
2025-01-01,P0068,984
2025-02-01,P0068,1291
2025-03-01,P0068,1299
2025-04-01,P0068,1231
2025-05-01,P0068,1262
2025-06-01,P0068,1287
2025-07-01,P0068,1179
2025-08-01,P0068,1093
2025-09-01,P0068,1047
2025-10-01,P0068,1154
2025-11-01,P0068,1046
2025-12-01,P0068,1068
2024-01-01,P0069,90
2024-02-01,P0069,114
2024-03-01,P0069,122
2024-04-01,P0069,128
2024-05-01,P0069,130
2024-06-01,P0069,135
2024-07-01,P0069,141
2024-08-01,P0069,131
2024-09-01,P0069,115
2024-10-01,P0069,129
2024-11-01,P0069,127
2024-12-01,P0069,133
2025-01-01,P0069,155
2025-02-01,P0069,158
2025-03-01,P0069,168
2025-04-01,P0069,184
2025-05-01,P0069,157
2025-06-01,P0069,185
2025-07-01,P0069,176
2025-08-01,P0069,168
2025-09-01,P0069,179
2025-10-01,P0069,168
2025-11-01,P0069,166
2025-12-01,P0069,200
2024-01-01,P0070,935
2024-02-01,P0070,978
2024-03-01,P0070,1028
2024-04-01,P0070,960
2024-05-01,P0070,999
2024-06-01,P0070,902
2024-07-01,P0070,859
2024-08-01,P0070,857
2024-09-01,P0070,767
2024-10-01,P0070,734
2024-11-01,P0070,633
2024-12-01,P0070,877
2025-01-01,P0070,923
2025-02-01,P0070,886
2025-03-01,P0070,1076
2025-04-01,P0070,931
2025-05-01,P0070,977
2025-06-01,P0070,975
2025-07-01,P0070,856
2025-08-01,P0070,797
2025-09-01,P0070,912
2025-10-01,P0070,835
2025-11-01,P0070,907
2025-12-01,P0070,1061
2024-01-01,P0071,513
2024-02-01,P0071,532
2024-03-01,P0071,562
2024-04-01,P0071,634
2024-05-01,P0071,579
2024-06-01,P0071,629
2024-07-01,P0071,569
2024-08-01,P0071,476
2024-09-01,P0071,473
2024-10-01,P0071,438
2024-11-01,P0071,442
2024-12-01,P0071,464
2025-01-01,P0071,512
2025-02-01,P0071,630
2025-03-01,P0071,585
2025-04-01,P0071,592
2025-05-01,P0071,585
2025-06-01,P0071,582
2025-07-01,P0071,484
2025-08-01,P0071,429
2025-09-01,P0071,352
2025-10-01,P0071,356
2025-11-01,P0071,338
2025-12-01,P0071,450
2024-01-01,P0072,803
2024-02-01,P0072,798
2024-03-01,P0072,951
2024-04-01,P0072,1027
2024-05-01,P0072,923
2024-06-01,P0072,936
2024-07-01,P0072,728
2024-08-01,P0072,735
2024-09-01,P0072,571
2024-10-01,P0072,600
2024-11-01,P0072,610
2024-12-01,P0072,666
2025-01-01,P0072,792
2025-02-01,P0072,903
2025-03-01,P0072,1093
2025-04-01,P0072,982
2025-05-01,P0072,1062
2025-06-01,P0072,860
2025-07-01,P0072,882
2025-08-01,P0072,736
2025-09-01,P0072,679
2025-10-01,P0072,539
2025-11-01,P0072,657
2025-12-01,P0072,641
2024-01-01,P0073,1078
2024-02-01,P0073,1163
2024-03-01,P0073,1120
2024-04-01,P0073,1309
2024-05-01,P0073,1187
2024-06-01,P0073,1114
2024-07-01,P0073,985
2024-08-01,P0073,1028
2024-09-01,P0073,1011
2024-10-01,P0073,1043
2024-11-01,P0073,922
2024-12-01,P0073,897
2025-01-01,P0073,1090
2025-02-01,P0073,1157
2025-03-01,P0073,1339
2025-04-01,P0073,1383
2025-05-01,P0073,1271
2025-06-01,P0073,1249
2025-07-01,P0073,1212
2025-08-01,P0073,1077
2025-09-01,P0073,1034
2025-10-01,P0073,1076
2025-11-01,P0073,1090
2025-12-01,P0073,1141
2024-01-01,P0074,345
2024-02-01,P0074,337
2024-03-01,P0074,391
2024-04-01,P0074,373
2024-05-01,P0074,423
2024-06-01,P0074,376
2024-07-01,P0074,370
2024-08-01,P0074,397
2024-09-01,P0074,343
2024-10-01,P0074,358
2024-11-01,P0074,425
2024-12-01,P0074,433
2025-01-01,P0074,430
2025-02-01,P0074,483
2025-03-01,P0074,467
2025-04-01,P0074,460
2025-05-01,P0074,477
2025-06-01,P0074,493
2025-07-01,P0074,507
2025-08-01,P0074,463
2025-09-01,P0074,490
2025-10-01,P0074,490
2025-11-01,P0074,534
2025-12-01,P0074,567
2024-01-01,P0075,1114
2024-02-01,P0075,1189
2024-03-01,P0075,1011
2024-04-01,P0075,1377
2024-05-01,P0075,1160
2024-06-01,P0075,1229
2024-07-01,P0075,1060
2024-08-01,P0075,895
2024-09-01,P0075,919
2024-10-01,P0075,957
2024-11-01,P0075,939
2024-12-01,P0075,1113
2025-01-01,P0075,1182
2025-02-01,P0075,1202
2025-03-01,P0075,1111
2025-04-01,P0075,1336
2025-05-01,P0075,1219
2025-06-01,P0075,1416
2025-07-01,P0075,1159
2025-08-01,P0075,1076
2025-09-01,P0075,1046
2025-10-01,P0075,819
2025-11-01,P0075,1062
2025-12-01,P0075,1091
2024-01-01,P0076,801
2024-02-01,P0076,904
2024-03-01,P0076,993
2024-04-01,P0076,1057
2024-05-01,P0076,1071
2024-06-01,P0076,935
2024-07-01,P0076,934
2024-08-01,P0076,964
2024-09-01,P0076,697
2024-10-01,P0076,912
2024-11-01,P0076,849
2024-12-01,P0076,995
2025-01-01,P0076,1015
2025-02-01,P0076,949
2025-03-01,P0076,1062
2025-04-01,P0076,1110
2025-05-01,P0076,1243
2025-06-01,P0076,1037
2025-07-01,P0076,1068
2025-08-01,P0076,884
2025-09-01,P0076,922
2025-10-01,P0076,905
2025-11-01,P0076,936
2025-12-01,P0076,960
2024-01-01,P0077,1096
2024-02-01,P0077,1278
2024-03-01,P0077,1336
2024-04-01,P0077,1306
2024-05-01,P0077,1332
2024-06-01,P0077,1007
2024-07-01,P0077,1095
2024-08-01,P0077,1170
2024-09-01,P0077,808
2024-10-01,P0077,864
2024-11-01,P0077,905
2024-12-01,P0077,985
2025-01-01,P0077,1070
2025-02-01,P0077,1248
2025-03-01,P0077,1432
2025-04-01,P0077,1221
2025-05-01,P0077,1292
2025-06-01,P0077,873
2025-07-01,P0077,1086
2025-08-01,P0077,896
2025-09-01,P0077,887
2025-10-01,P0077,915
2025-11-01,P0077,771
2025-12-01,P0077,840
2024-01-01,P0078,362
2024-02-01,P0078,372
2024-03-01,P0078,444
2024-04-01,P0078,442
2024-05-01,P0078,405
2024-06-01,P0078,320
2024-07-01,P0078,342
2024-08-01,P0078,275
2024-09-01,P0078,254
2024-10-01,P0078,232
2024-11-01,P0078,230
2024-12-01,P0078,273
2025-01-01,P0078,284
2025-02-01,P0078,281
2025-03-01,P0078,333
2025-04-01,P0078,367
2025-05-01,P0078,325
2025-06-01,P0078,285
2025-07-01,P0078,229
2025-08-01,P0078,182
2025-09-01,P0078,136
2025-10-01,P0078,109
2025-11-01,P0078,208
2025-12-01,P0078,203
2024-01-01,P0079,383
2024-02-01,P0079,362
2024-03-01,P0079,368
2024-04-01,P0079,396
2024-05-01,P0079,388
2024-06-01,P0079,343
2024-07-01,P0079,302
2024-08-01,P0079,280
2024-09-01,P0079,267
2024-10-01,P0079,239
2024-11-01,P0079,264
2024-12-01,P0079,253
2025-01-01,P0079,233
2025-02-01,P0079,298
2025-03-01,P0079,318
2025-04-01,P0079,260
2025-05-01,P0079,249
2025-06-01,P0079,296
2025-07-01,P0079,229
2025-08-01,P0079,158
2025-09-01,P0079,168
2025-10-01,P0079,207
2025-11-01,P0079,192
2025-12-01,P0079,218
2024-01-01,P0080,334
2024-02-01,P0080,448
2024-03-01,P0080,416
2024-04-01,P0080,481
2024-05-01,P0080,413
2024-06-01,P0080,479
2024-07-01,P0080,374
2024-08-01,P0080,357
2024-09-01,P0080,296
2024-10-01,P0080,302
2024-11-01,P0080,375
2024-12-01,P0080,446
2025-01-01,P0080,419
2025-02-01,P0080,533
2025-03-01,P0080,550
2025-04-01,P0080,511
2025-05-01,P0080,547
2025-06-01,P0080,491
2025-07-01,P0080,491
2025-08-01,P0080,506
2025-09-01,P0080,478
2025-10-01,P0080,463
2025-11-01,P0080,457
2025-12-01,P0080,504
2024-01-01,P0081,766
2024-02-01,P0081,813
2024-03-01,P0081,932
2024-04-01,P0081,932
2024-05-01,P0081,947
2024-06-01,P0081,883
2024-07-01,P0081,797
2024-08-01,P0081,727
2024-09-01,P0081,682
2024-10-01,P0081,767
2024-11-01,P0081,798
2024-12-01,P0081,715
2025-01-01,P0081,871
2025-02-01,P0081,911
2025-03-01,P0081,912
2025-04-01,P0081,1155
2025-05-01,P0081,825
2025-06-01,P0081,749
2025-07-01,P0081,870
2025-08-01,P0081,852
2025-09-01,P0081,861
2025-10-01,P0081,845
2025-11-01,P0081,765
2025-12-01,P0081,830
2024-01-01,P0082,795
2024-02-01,P0082,880
2024-03-01,P0082,906
2024-04-01,P0082,888
2024-05-01,P0082,913
2024-06-01,P0082,888
2024-07-01,P0082,756
2024-08-01,P0082,695
2024-09-01,P0082,584
2024-10-01,P0082,646
2024-11-01,P0082,604
2024-12-01,P0082,687
2025-01-01,P0082,940
2025-02-01,P0082,899
2025-03-01,P0082,1032
2025-04-01,P0082,858
2025-05-01,P0082,984
2025-06-01,P0082,922
2025-07-01,P0082,756
2025-08-01,P0082,768
2025-09-01,P0082,644
2025-10-01,P0082,510
2025-11-01,P0082,604
2025-12-01,P0082,751
2024-01-01,P0083,931
2024-02-01,P0083,966
2024-03-01,P0083,977
2024-04-01,P0083,1088
2024-05-01,P0083,1011
2024-06-01,P0083,889
2024-07-01,P0083,951
2024-08-01,P0083,922
2024-09-01,P0083,849
2024-10-01,P0083,920
2024-11-01,P0083,894
2024-12-01,P0083,758
2025-01-01,P0083,959
2025-02-01,P0083,943
2025-03-01,P0083,1002
2025-04-01,P0083,1120
2025-05-01,P0083,978
2025-06-01,P0083,952
2025-07-01,P0083,857
2025-08-01,P0083,721
2025-09-01,P0083,723
2025-10-01,P0083,815
2025-11-01,P0083,697
2025-12-01,P0083,839
2024-01-01,P0084,538
2024-02-01,P0084,648
2024-03-01,P0084,683
2024-04-01,P0084,677
2024-05-01,P0084,653
2024-06-01,P0084,571
2024-07-01,P0084,538
2024-08-01,P0084,503
2024-09-01,P0084,395
2024-10-01,P0084,404
2024-11-01,P0084,487
2024-12-01,P0084,550
2025-01-01,P0084,572
2025-02-01,P0084,592
2025-03-01,P0084,636
2025-04-01,P0084,605
2025-05-01,P0084,708
2025-06-01,P0084,580
2025-07-01,P0084,589
2025-08-01,P0084,509
2025-09-01,P0084,406
2025-10-01,P0084,456
2025-11-01,P0084,470
2025-12-01,P0084,508
2024-01-01,P0085,81
2024-02-01,P0085,97
2024-03-01,P0085,115
2024-04-01,P0085,127
2024-05-01,P0085,140
2024-06-01,P0085,142
2024-07-01,P0085,145
2024-08-01,P0085,162
2024-09-01,P0085,154
2024-10-01,P0085,164
2024-11-01,P0085,180
2024-12-01,P0085,196
2025-01-01,P0085,215
2025-02-01,P0085,222
2025-03-01,P0085,253
2025-04-01,P0085,243
2025-05-01,P0085,259
2025-06-01,P0085,264
2025-07-01,P0085,271
2025-08-01,P0085,281
2025-09-01,P0085,287
2025-10-01,P0085,295
2025-11-01,P0085,313
2025-12-01,P0085,309
2024-01-01,P0086,187
2024-02-01,P0086,194
2024-03-01,P0086,233
2024-04-01,P0086,228
2024-05-01,P0086,187
2024-06-01,P0086,170
2024-07-01,P0086,174
2024-08-01,P0086,114
2024-09-01,P0086,106
2024-10-01,P0086,100
2024-11-01,P0086,106
2024-12-01,P0086,113
2025-01-01,P0086,107
2025-02-01,P0086,106
2025-03-01,P0086,134
2025-04-01,P0086,152
2025-05-01,P0086,128
2025-06-01,P0086,68
2025-07-01,P0086,46
2025-08-01,P0086,41
2025-09-01,P0086,0
2025-10-01,P0086,15
2025-11-01,P0086,16
2025-12-01,P0086,0
2024-01-01,P0087,991
2024-02-01,P0087,1260
2024-03-01,P0087,1232
2024-04-01,P0087,1195
2024-05-01,P0087,1249
2024-06-01,P0087,1293
2024-07-01,P0087,1221
2024-08-01,P0087,1098
2024-09-01,P0087,1076
2024-10-01,P0087,825
2024-11-01,P0087,1037
2024-12-01,P0087,1072
2025-01-01,P0087,1102
2025-02-01,P0087,1334
2025-03-01,P0087,1346
2025-04-01,P0087,1257
2025-05-01,P0087,1372
2025-06-01,P0087,1332
2025-07-01,P0087,1251
2025-08-01,P0087,1201
2025-09-01,P0087,1042
2025-10-01,P0087,982
2025-11-01,P0087,1159
2025-12-01,P0087,1306
2024-01-01,P0088,309
2024-02-01,P0088,365
2024-03-01,P0088,353
2024-04-01,P0088,394
2024-05-01,P0088,458
2024-06-01,P0088,382
2024-07-01,P0088,363
2024-08-01,P0088,308
2024-09-01,P0088,288
2024-10-01,P0088,295
2024-11-01,P0088,314
2024-12-01,P0088,358
2025-01-01,P0088,408
2025-02-01,P0088,464
2025-03-01,P0088,457
2025-04-01,P0088,509
2025-05-01,P0088,478
2025-06-01,P0088,437
2025-07-01,P0088,461
2025-08-01,P0088,412
2025-09-01,P0088,435
2025-10-01,P0088,452
2025-11-01,P0088,446
2025-12-01,P0088,462
2024-01-01,P0089,510
2024-02-01,P0089,595
2024-03-01,P0089,585
2024-04-01,P0089,649
2024-05-01,P0089,538
2024-06-01,P0089,623
2024-07-01,P0089,504
2024-08-01,P0089,563
2024-09-01,P0089,475
2024-10-01,P0089,556
2024-11-01,P0089,532
2024-12-01,P0089,568
2025-01-01,P0089,559
2025-02-01,P0089,710
2025-03-01,P0089,591
2025-04-01,P0089,660
2025-05-01,P0089,721
2025-06-01,P0089,634
2025-07-01,P0089,622
2025-08-01,P0089,616
2025-09-01,P0089,576
2025-10-01,P0089,623
2025-11-01,P0089,645
2025-12-01,P0089,658
2024-01-01,P0090,627
2024-02-01,P0090,647
2024-03-01,P0090,723
2024-04-01,P0090,678
2024-05-01,P0090,906
2024-06-01,P0090,765
2024-07-01,P0090,694
2024-08-01,P0090,624
2024-09-01,P0090,672
2024-10-01,P0090,612
2024-11-01,P0090,705
2024-12-01,P0090,638
2025-01-01,P0090,827
2025-02-01,P0090,857
2025-03-01,P0090,861
2025-04-01,P0090,941
2025-05-01,P0090,831
2025-06-01,P0090,894
2025-07-01,P0090,811
2025-08-01,P0090,869
2025-09-01,P0090,817
2025-10-01,P0090,755
2025-11-01,P0090,816
2025-12-01,P0090,794
2024-01-01,P0091,1423
2024-02-01,P0091,1255
2024-03-01,P0091,1514
2024-04-01,P0091,1487
2024-05-01,P0091,1245
2024-06-01,P0091,1299
2024-07-01,P0091,1262
2024-08-01,P0091,1119
2024-09-01,P0091,917
2024-10-01,P0091,934
2024-11-01,P0091,818
2024-12-01,P0091,940
2025-01-01,P0091,967
2025-02-01,P0091,1318
2025-03-01,P0091,1384
2025-04-01,P0091,1239
2025-05-01,P0091,1343
2025-06-01,P0091,1305
2025-07-01,P0091,1083
2025-08-01,P0091,1043
2025-09-01,P0091,913
2025-10-01,P0091,805
2025-11-01,P0091,723
2025-12-01,P0091,1067
2024-01-01,P0092,1414
2024-02-01,P0092,1632
2024-03-01,P0092,1655
2024-04-01,P0092,1515
2024-05-01,P0092,1617
2024-06-01,P0092,1801
2024-07-01,P0092,1449
2024-08-01,P0092,1365
2024-09-01,P0092,1608
2024-10-01,P0092,1417
2024-11-01,P0092,1491
2024-12-01,P0092,1557
2025-01-01,P0092,1579
2025-02-01,P0092,1358
2025-03-01,P0092,1836
2025-04-01,P0092,1647
2025-05-01,P0092,1653
2025-06-01,P0092,1858
2025-07-01,P0092,1466
2025-08-01,P0092,1122
2025-09-01,P0092,1423
2025-10-01,P0092,1428
2025-11-01,P0092,1655
2025-12-01,P0092,1588
2024-01-01,P0093,943
2024-02-01,P0093,962
2024-03-01,P0093,958
2024-04-01,P0093,1105
2024-05-01,P0093,1041
2024-06-01,P0093,1016
2024-07-01,P0093,833
2024-08-01,P0093,1042
2024-09-01,P0093,804
2024-10-01,P0093,843
2024-11-01,P0093,879
2024-12-01,P0093,834
2025-01-01,P0093,772
2025-02-01,P0093,963
2025-03-01,P0093,840
2025-04-01,P0093,991
2025-05-01,P0093,1046
2025-06-01,P0093,973
2025-07-01,P0093,828
2025-08-01,P0093,736
2025-09-01,P0093,753
2025-10-01,P0093,782
2025-11-01,P0093,810
2025-12-01,P0093,792
2024-01-01,P0094,1515
2024-02-01,P0094,1480
2024-03-01,P0094,1743
2024-04-01,P0094,1791
2024-05-01,P0094,1809
2024-06-01,P0094,1666
2024-07-01,P0094,1450
2024-08-01,P0094,1273
2024-09-01,P0094,923
2024-10-01,P0094,1130
2024-11-01,P0094,1176
2024-12-01,P0094,1288
2025-01-01,P0094,1363
2025-02-01,P0094,1795
2025-03-01,P0094,1819
2025-04-01,P0094,1965
2025-05-01,P0094,1957
2025-06-01,P0094,1653
2025-07-01,P0094,984
2025-08-01,P0094,1348
2025-09-01,P0094,1055
2025-10-01,P0094,1112
2025-11-01,P0094,966
2025-12-01,P0094,1282
2024-01-01,P0095,602
2024-02-01,P0095,606
2024-03-01,P0095,665
2024-04-01,P0095,566
2024-05-01,P0095,620
2024-06-01,P0095,642
2024-07-01,P0095,574
2024-08-01,P0095,477
2024-09-01,P0095,459
2024-10-01,P0095,413
2024-11-01,P0095,482
2024-12-01,P0095,508
2025-01-01,P0095,505
2025-02-01,P0095,543
2025-03-01,P0095,552
2025-04-01,P0095,581
2025-05-01,P0095,494
2025-06-01,P0095,555
2025-07-01,P0095,561
2025-08-01,P0095,440
2025-09-01,P0095,482
2025-10-01,P0095,379
2025-11-01,P0095,374
2025-12-01,P0095,457
2024-01-01,P0096,829
2024-02-01,P0096,766
2024-03-01,P0096,796
2024-04-01,P0096,874
2024-05-01,P0096,913
2024-06-01,P0096,769
2024-07-01,P0096,758
2024-08-01,P0096,765
2024-09-01,P0096,617
2024-10-01,P0096,640
2024-11-01,P0096,748
2024-12-01,P0096,747
2025-01-01,P0096,769
2025-02-01,P0096,954
2025-03-01,P0096,931
2025-04-01,P0096,956
2025-05-01,P0096,890
2025-06-01,P0096,860
2025-07-01,P0096,870
2025-08-01,P0096,764
2025-09-01,P0096,744
2025-10-01,P0096,756
2025-11-01,P0096,845
2025-12-01,P0096,790
2024-01-01,P0097,892
2024-02-01,P0097,1142
2024-03-01,P0097,1191
2024-04-01,P0097,1368
2024-05-01,P0097,1143
2024-06-01,P0097,1090
2024-07-01,P0097,927
2024-08-01,P0097,742
2024-09-01,P0097,780
2024-10-01,P0097,627
2024-11-01,P0097,849
2024-12-01,P0097,844
2025-01-01,P0097,1010
2025-02-01,P0097,944
2025-03-01,P0097,1157
2025-04-01,P0097,1183
2025-05-01,P0097,1041
2025-06-01,P0097,1054
2025-07-01,P0097,780
2025-08-01,P0097,842
2025-09-01,P0097,713
2025-10-01,P0097,732
2025-11-01,P0097,703
2025-12-01,P0097,717
2024-01-01,P0098,1205
2024-02-01,P0098,1239
2024-03-01,P0098,1577
2024-04-01,P0098,1437
2024-05-01,P0098,1406
2024-06-01,P0098,1485
2024-07-01,P0098,1330
2024-08-01,P0098,1148
2024-09-01,P0098,1042
2024-10-01,P0098,1098
2024-11-01,P0098,1152
2024-12-01,P0098,1057
2025-01-01,P0098,1112
2025-02-01,P0098,1302
2025-03-01,P0098,1502
2025-04-01,P0098,1474
2025-05-01,P0098,1451
2025-06-01,P0098,1427
2025-07-01,P0098,1228
2025-08-01,P0098,1162
2025-09-01,P0098,1007
2025-10-01,P0098,1013
2025-11-01,P0098,920
2025-12-01,P0098,1077
2024-01-01,P0099,260
2024-02-01,P0099,254
2024-03-01,P0099,259
2024-04-01,P0099,269
2024-05-01,P0099,205
2024-06-01,P0099,280
2024-07-01,P0099,267
2024-08-01,P0099,209
2024-09-01,P0099,206
2024-10-01,P0099,211
2024-11-01,P0099,180
2024-12-01,P0099,196
2025-01-01,P0099,192
2025-02-01,P0099,247
2025-03-01,P0099,240
2025-04-01,P0099,245
2025-05-01,P0099,197
2025-06-01,P0099,227
2025-07-01,P0099,205
2025-08-01,P0099,196
2025-09-01,P0099,157
2025-10-01,P0099,192
2025-11-01,P0099,169
2025-12-01,P0099,196
2024-01-01,P0100,1374
2024-02-01,P0100,1474
2024-03-01,P0100,1530
2024-04-01,P0100,1697
2024-05-01,P0100,1377
2024-06-01,P0100,1274
2024-07-01,P0100,1549
2024-08-01,P0100,1329
2024-09-01,P0100,850
2024-10-01,P0100,1266
2024-11-01,P0100,1192
2024-12-01,P0100,1310
2025-01-01,P0100,1327
2025-02-01,P0100,1466
2025-03-01,P0100,1569
2025-04-01,P0100,1651
2025-05-01,P0100,1559
2025-06-01,P0100,1441
2025-07-01,P0100,1443
2025-08-01,P0100,1103
2025-09-01,P0100,1078
2025-10-01,P0100,1006
2025-11-01,P0100,1059
2025-12-01,P0100,1208
2024-01-01,P0101,669
2024-02-01,P0101,753
2024-03-01,P0101,700
2024-04-01,P0101,827
2024-05-01,P0101,757
2024-06-01,P0101,767
2024-07-01,P0101,683
2024-08-01,P0101,701
2024-09-01,P0101,668
2024-10-01,P0101,581
2024-11-01,P0101,583
2024-12-01,P0101,570
2025-01-01,P0101,758
2025-02-01,P0101,769
2025-03-01,P0101,753
2025-04-01,P0101,846
2025-05-01,P0101,814
2025-06-01,P0101,807
2025-07-01,P0101,789
2025-08-01,P0101,775
2025-09-01,P0101,729
2025-10-01,P0101,660
2025-11-01,P0101,649
2025-12-01,P0101,759
2024-01-01,P0102,674
2024-02-01,P0102,683
2024-03-01,P0102,724
2024-04-01,P0102,784
2024-05-01,P0102,685
2024-06-01,P0102,652
2024-07-01,P0102,560
2024-08-01,P0102,617
2024-09-01,P0102,467
2024-10-01,P0102,450
2024-11-01,P0102,568
2024-12-01,P0102,504
2025-01-01,P0102,578
2025-02-01,P0102,689
2025-03-01,P0102,582
2025-04-01,P0102,623
2025-05-01,P0102,580
2025-06-01,P0102,621
2025-07-01,P0102,561
2025-08-01,P0102,535
2025-09-01,P0102,464
2025-10-01,P0102,579
2025-11-01,P0102,406
2025-12-01,P0102,429
2024-01-01,P0103,117
2024-02-01,P0103,136
2024-03-01,P0103,140
2024-04-01,P0103,140
2024-05-01,P0103,139
2024-06-01,P0103,144
2024-07-01,P0103,155
2024-08-01,P0103,136
2024-09-01,P0103,141
2024-10-01,P0103,154
2024-11-01,P0103,136
2024-12-01,P0103,139
2025-01-01,P0103,167
2025-02-01,P0103,164
2025-03-01,P0103,186
2025-04-01,P0103,197
2025-05-01,P0103,205
2025-06-01,P0103,181
2025-07-01,P0103,184
2025-08-01,P0103,177
2025-09-01,P0103,171
2025-10-01,P0103,168
2025-11-01,P0103,178
2025-12-01,P0103,185
2024-01-01,P0104,399
2024-02-01,P0104,443
2024-03-01,P0104,533
2024-04-01,P0104,531
2024-05-01,P0104,461
2024-06-01,P0104,457
2024-07-01,P0104,461
2024-08-01,P0104,437
2024-09-01,P0104,472
2024-10-01,P0104,404
2024-11-01,P0104,527
2024-12-01,P0104,485
2025-01-01,P0104,520
2025-02-01,P0104,525
2025-03-01,P0104,551
2025-04-01,P0104,594
2025-05-01,P0104,578
2025-06-01,P0104,537
2025-07-01,P0104,546
2025-08-01,P0104,553
2025-09-01,P0104,520
2025-10-01,P0104,570
2025-11-01,P0104,489
2025-12-01,P0104,517
2024-01-01,P0105,437
2024-02-01,P0105,573
2024-03-01,P0105,611
2024-04-01,P0105,619
2024-05-01,P0105,519
2024-06-01,P0105,535
2024-07-01,P0105,572
2024-08-01,P0105,480
2024-09-01,P0105,504
2024-10-01,P0105,466
2024-11-01,P0105,500
2024-12-01,P0105,508
2025-01-01,P0105,509
2025-02-01,P0105,543
2025-03-01,P0105,574
2025-04-01,P0105,558
2025-05-01,P0105,508
2025-06-01,P0105,644
2025-07-01,P0105,562
2025-08-01,P0105,504
2025-09-01,P0105,489
2025-10-01,P0105,450
2025-11-01,P0105,379
2025-12-01,P0105,425
2024-01-01,P0106,1385
2024-02-01,P0106,1519
2024-03-01,P0106,1596
2024-04-01,P0106,1790
2024-05-01,P0106,1827
2024-06-01,P0106,1553
2024-07-01,P0106,1227
2024-08-01,P0106,1243
2024-09-01,P0106,1003
2024-10-01,P0106,1012
2024-11-01,P0106,993
2024-12-01,P0106,1001
2025-01-01,P0106,1630
2025-02-01,P0106,1625
2025-03-01,P0106,1619
2025-04-01,P0106,1718
2025-05-01,P0106,1613
2025-06-01,P0106,1328
2025-07-01,P0106,1474
2025-08-01,P0106,1243
2025-09-01,P0106,940
2025-10-01,P0106,1268
2025-11-01,P0106,1062
2025-12-01,P0106,1122
2024-01-01,P0107,390
2024-02-01,P0107,425
2024-03-01,P0107,526
2024-04-01,P0107,443
2024-05-01,P0107,443
2024-06-01,P0107,511
2024-07-01,P0107,459
2024-08-01,P0107,418
2024-09-01,P0107,352
2024-10-01,P0107,334
2024-11-01,P0107,348
2024-12-01,P0107,328
2025-01-01,P0107,425
2025-02-01,P0107,358
2025-03-01,P0107,442
2025-04-01,P0107,385
2025-05-01,P0107,419
2025-06-01,P0107,386
2025-07-01,P0107,336
2025-08-01,P0107,374
2025-09-01,P0107,305
2025-10-01,P0107,331
2025-11-01,P0107,331
2025-12-01,P0107,318
2024-01-01,P0108,533
2024-02-01,P0108,614
2024-03-01,P0108,644
2024-04-01,P0108,589
2024-05-01,P0108,603
2024-06-01,P0108,573
2024-07-01,P0108,513
2024-08-01,P0108,563
2024-09-01,P0108,447
2024-10-01,P0108,473
2024-11-01,P0108,471
2024-12-01,P0108,498
2025-01-01,P0108,518
2025-02-01,P0108,588
2025-03-01,P0108,595
2025-04-01,P0108,563
2025-05-01,P0108,585
2025-06-01,P0108,506
2025-07-01,P0108,594
2025-08-01,P0108,485
2025-09-01,P0108,415
2025-10-01,P0108,370
2025-11-01,P0108,463
2025-12-01,P0108,402
2024-01-01,P0109,941
2024-02-01,P0109,1156
2024-03-01,P0109,1204
2024-04-01,P0109,1149
2024-05-01,P0109,1340
2024-06-01,P0109,1016
2024-07-01,P0109,930
2024-08-01,P0109,924
2024-09-01,P0109,781
2024-10-01,P0109,702
2024-11-01,P0109,687
2024-12-01,P0109,908
2025-01-01,P0109,884
2025-02-01,P0109,1089
2025-03-01,P0109,1198
2025-04-01,P0109,1363
2025-05-01,P0109,1225
2025-06-01,P0109,1162
2025-07-01,P0109,1076
2025-08-01,P0109,983
2025-09-01,P0109,872
2025-10-01,P0109,901
2025-11-01,P0109,765
2025-12-01,P0109,920
2024-01-01,P0110,918
2024-02-01,P0110,1038
2024-03-01,P0110,1013
2024-04-01,P0110,1037
2024-05-01,P0110,1126
2024-06-01,P0110,983
2024-07-01,P0110,1186
2024-08-01,P0110,1078
2024-09-01,P0110,917
2024-10-01,P0110,931
2024-11-01,P0110,1097
2024-12-01,P0110,1142
2025-01-01,P0110,919
2025-02-01,P0110,1100
2025-03-01,P0110,1094
2025-04-01,P0110,1070
2025-05-01,P0110,1245
2025-06-01,P0110,1054
2025-07-01,P0110,1328
2025-08-01,P0110,1162
2025-09-01,P0110,1144
2025-10-01,P0110,1053
2025-11-01,P0110,1075
2025-12-01,P0110,1027
2024-01-01,P0111,720
2024-02-01,P0111,621
2024-03-01,P0111,865
2024-04-01,P0111,799
2024-05-01,P0111,775
2024-06-01,P0111,785
2024-07-01,P0111,766
2024-08-01,P0111,691
2024-09-01,P0111,682
2024-10-01,P0111,720
2024-11-01,P0111,728
2024-12-01,P0111,743
2025-01-01,P0111,803
2025-02-01,P0111,801
2025-03-01,P0111,868
2025-04-01,P0111,850
2025-05-01,P0111,943
2025-06-01,P0111,935
2025-07-01,P0111,948
2025-08-01,P0111,862
2025-09-01,P0111,825
2025-10-01,P0111,850
2025-11-01,P0111,909
2025-12-01,P0111,979
2024-01-01,P0112,411
2024-02-01,P0112,401
2024-03-01,P0112,479
2024-04-01,P0112,453
2024-05-01,P0112,409
2024-06-01,P0112,497
2024-07-01,P0112,416
2024-08-01,P0112,375
2024-09-01,P0112,330
2024-10-01,P0112,365
2024-11-01,P0112,360
2024-12-01,P0112,392
2025-01-01,P0112,401
2025-02-01,P0112,489
2025-03-01,P0112,496
2025-04-01,P0112,491
2025-05-01,P0112,474
2025-06-01,P0112,456
2025-07-01,P0112,461
2025-08-01,P0112,396
2025-09-01,P0112,413
2025-10-01,P0112,356
2025-11-01,P0112,421
2025-12-01,P0112,436
2024-01-01,P0113,168
2024-02-01,P0113,160
2024-03-01,P0113,224
2024-04-01,P0113,214
2024-05-01,P0113,206
2024-06-01,P0113,205
2024-07-01,P0113,162
2024-08-01,P0113,169
2024-09-01,P0113,143
2024-10-01,P0113,173
2024-11-01,P0113,131
2024-12-01,P0113,162
2025-01-01,P0113,162
2025-02-01,P0113,184
2025-03-01,P0113,192
2025-04-01,P0113,236
2025-05-01,P0113,192
2025-06-01,P0113,178
2025-07-01,P0113,159
2025-08-01,P0113,160
2025-09-01,P0113,147
2025-10-01,P0113,161
2025-11-01,P0113,164
2025-12-01,P0113,174
2024-01-01,P0114,948
2024-02-01,P0114,1094
2024-03-01,P0114,1214
2024-04-01,P0114,1109
2024-05-01,P0114,1149
2024-06-01,P0114,1028
2024-07-01,P0114,946
2024-08-01,P0114,938
2024-09-01,P0114,986
2024-10-01,P0114,902
2024-11-01,P0114,706
2024-12-01,P0114,1101
2025-01-01,P0114,1048
2025-02-01,P0114,1238
2025-03-01,P0114,1086
2025-04-01,P0114,1409
2025-05-01,P0114,1299
2025-06-01,P0114,1334
2025-07-01,P0114,1241
2025-08-01,P0114,1178
2025-09-01,P0114,1102
2025-10-01,P0114,1047
2025-11-01,P0114,1165
2025-12-01,P0114,1091
2024-01-01,P0115,1237
2024-02-01,P0115,1496
2024-03-01,P0115,1407
2024-04-01,P0115,1642
2024-05-01,P0115,1484
2024-06-01,P0115,1625
2024-07-01,P0115,1326
2024-08-01,P0115,1176
2024-09-01,P0115,924
2024-10-01,P0115,1181
2024-11-01,P0115,895
2024-12-01,P0115,1212
2025-01-01,P0115,1430
2025-02-01,P0115,1523
2025-03-01,P0115,1539
2025-04-01,P0115,1984
2025-05-01,P0115,1588
2025-06-01,P0115,1465
2025-07-01,P0115,1501
2025-08-01,P0115,1211
2025-09-01,P0115,1064
2025-10-01,P0115,1161
2025-11-01,P0115,1126
2025-12-01,P0115,1236
2024-01-01,P0116,841
2024-02-01,P0116,937
2024-03-01,P0116,1106
2024-04-01,P0116,1076
2024-05-01,P0116,1111
2024-06-01,P0116,955
2024-07-01,P0116,898
2024-08-01,P0116,665
2024-09-01,P0116,719
2024-10-01,P0116,742
2024-11-01,P0116,689
2024-12-01,P0116,868
2025-01-01,P0116,817
2025-02-01,P0116,961
2025-03-01,P0116,1033
2025-04-01,P0116,943
2025-05-01,P0116,992
2025-06-01,P0116,1052
2025-07-01,P0116,978
2025-08-01,P0116,806
2025-09-01,P0116,810
2025-10-01,P0116,571
2025-11-01,P0116,502
2025-12-01,P0116,738
2024-01-01,P0117,640
2024-02-01,P0117,919
2024-03-01,P0117,1037
2024-04-01,P0117,819
2024-05-01,P0117,931
2024-06-01,P0117,780
2024-07-01,P0117,692
2024-08-01,P0117,571
2024-09-01,P0117,672
2024-10-01,P0117,619
2024-11-01,P0117,573
2024-12-01,P0117,661
2025-01-01,P0117,727
2025-02-01,P0117,796
2025-03-01,P0117,911
2025-04-01,P0117,779
2025-05-01,P0117,847
2025-06-01,P0117,785
2025-07-01,P0117,657
2025-08-01,P0117,736
2025-09-01,P0117,472
2025-10-01,P0117,627
2025-11-01,P0117,537
2025-12-01,P0117,669
2024-01-01,P0118,830
2024-02-01,P0118,834
2024-03-01,P0118,952
2024-04-01,P0118,1050
2024-05-01,P0118,941
2024-06-01,P0118,955
2024-07-01,P0118,882
2024-08-01,P0118,731
2024-09-01,P0118,727
2024-10-01,P0118,653
2024-11-01,P0118,730
2024-12-01,P0118,800
2025-01-01,P0118,1003
2025-02-01,P0118,994
2025-03-01,P0118,904
2025-04-01,P0118,916
2025-05-01,P0118,1000
2025-06-01,P0118,857
2025-07-01,P0118,855
2025-08-01,P0118,716
2025-09-01,P0118,797
2025-10-01,P0118,640
2025-11-01,P0118,613
2025-12-01,P0118,881
2024-01-01,P0119,236
2024-02-01,P0119,247
2024-03-01,P0119,284
2024-04-01,P0119,243
2024-05-01,P0119,247
2024-06-01,P0119,251
2024-07-01,P0119,192
2024-08-01,P0119,177
2024-09-01,P0119,176
2024-10-01,P0119,146
2024-11-01,P0119,220
2024-12-01,P0119,188
2025-01-01,P0119,197
2025-02-01,P0119,206
2025-03-01,P0119,201
2025-04-01,P0119,245
2025-05-01,P0119,269
2025-06-01,P0119,236
2025-07-01,P0119,195
2025-08-01,P0119,193
2025-09-01,P0119,152
2025-10-01,P0119,147
2025-11-01,P0119,147
2025-12-01,P0119,141
2024-01-01,P0120,745
2024-02-01,P0120,782
2024-03-01,P0120,935
2024-04-01,P0120,968
2024-05-01,P0120,998
2024-06-01,P0120,876
2024-07-01,P0120,822
2024-08-01,P0120,762
2024-09-01,P0120,739
2024-10-01,P0120,711
2024-11-01,P0120,782
2024-12-01,P0120,811
2025-01-01,P0120,874
2025-02-01,P0120,964
2025-03-01,P0120,979
2025-04-01,P0120,1146
2025-05-01,P0120,1099
2025-06-01,P0120,1078
2025-07-01,P0120,1045
2025-08-01,P0120,783
2025-09-01,P0120,752
2025-10-01,P0120,756
2025-11-01,P0120,859
2025-12-01,P0120,880
2024-01-01,P0121,570
2024-02-01,P0121,582
2024-03-01,P0121,577
2024-04-01,P0121,694
2024-05-01,P0121,620
2024-06-01,P0121,596
2024-07-01,P0121,652
2024-08-01,P0121,521
2024-09-01,P0121,536
2024-10-01,P0121,444
2024-11-01,P0121,477
2024-12-01,P0121,517
2025-01-01,P0121,475
2025-02-01,P0121,646
2025-03-01,P0121,550
2025-04-01,P0121,604
2025-05-01,P0121,560
2025-06-01,P0121,560
2025-07-01,P0121,527
2025-08-01,P0121,532
2025-09-01,P0121,506
2025-10-01,P0121,588
2025-11-01,P0121,522
2025-12-01,P0121,565
2024-01-01,P0122,990
2024-02-01,P0122,1222
2024-03-01,P0122,1057
2024-04-01,P0122,1205
2024-05-01,P0122,949
2024-06-01,P0122,1046
2024-07-01,P0122,1390
2024-08-01,P0122,1182
2024-09-01,P0122,1143
2024-10-01,P0122,1279
2024-11-01,P0122,1212
2024-12-01,P0122,1004
2025-01-01,P0122,1170
2025-02-01,P0122,1252
2025-03-01,P0122,1378
2025-04-01,P0122,1301
2025-05-01,P0122,1346
2025-06-01,P0122,1079
2025-07-01,P0122,1248
2025-08-01,P0122,1059
2025-09-01,P0122,1083
2025-10-01,P0122,998
2025-11-01,P0122,1120
2025-12-01,P0122,1020
2024-01-01,P0123,733
2024-02-01,P0123,783
2024-03-01,P0123,789
2024-04-01,P0123,865
2024-05-01,P0123,800
2024-06-01,P0123,876
2024-07-01,P0123,672
2024-08-01,P0123,678
2024-09-01,P0123,699
2024-10-01,P0123,724
2024-11-01,P0123,741
2024-12-01,P0123,808
2025-01-01,P0123,830
2025-02-01,P0123,894
2025-03-01,P0123,824
2025-04-01,P0123,939
2025-05-01,P0123,962
2025-06-01,P0123,851
2025-07-01,P0123,874
2025-08-01,P0123,865
2025-09-01,P0123,932
2025-10-01,P0123,786
2025-11-01,P0123,720
2025-12-01,P0123,675
2024-01-01,P0124,197
2024-02-01,P0124,199
2024-03-01,P0124,238
2024-04-01,P0124,265
2024-05-01,P0124,223
2024-06-01,P0124,220
2024-07-01,P0124,251
2024-08-01,P0124,219
2024-09-01,P0124,192
2024-10-01,P0124,198
2024-11-01,P0124,216
2024-12-01,P0124,251
2025-01-01,P0124,276
2025-02-01,P0124,286
2025-03-01,P0124,306
2025-04-01,P0124,302
2025-05-01,P0124,336
2025-06-01,P0124,300
2025-07-01,P0124,299
2025-08-01,P0124,279
2025-09-01,P0124,289
2025-10-01,P0124,266
2025-11-01,P0124,277
2025-12-01,P0124,305
2024-01-01,P0125,1037
2024-02-01,P0125,1276
2024-03-01,P0125,1099
2024-04-01,P0125,1207
2024-05-01,P0125,1097
2024-06-01,P0125,1299
2024-07-01,P0125,1064
2024-08-01,P0125,1033
2024-09-01,P0125,1194
2024-10-01,P0125,991
2024-11-01,P0125,1009
2024-12-01,P0125,1089
2025-01-01,P0125,1016
2025-02-01,P0125,1301
2025-03-01,P0125,1253
2025-04-01,P0125,1481
2025-05-01,P0125,1250
2025-06-01,P0125,1277
2025-07-01,P0125,1236
2025-08-01,P0125,1214
2025-09-01,P0125,1212
2025-10-01,P0125,1233
2025-11-01,P0125,1187
2025-12-01,P0125,1251
2024-01-01,P0126,224
2024-02-01,P0126,254
2024-03-01,P0126,265
2024-04-01,P0126,284
2024-05-01,P0126,289
2024-06-01,P0126,269
2024-07-01,P0126,331
2024-08-01,P0126,290
2024-09-01,P0126,290
2024-10-01,P0126,304
2024-11-01,P0126,321
2024-12-01,P0126,339
2025-01-01,P0126,334
2025-02-01,P0126,359
2025-03-01,P0126,364
2025-04-01,P0126,426
2025-05-01,P0126,406
2025-06-01,P0126,412
2025-07-01,P0126,392
2025-08-01,P0126,395
2025-09-01,P0126,421
2025-10-01,P0126,447
2025-11-01,P0126,461
2025-12-01,P0126,405
2024-01-01,P0127,143
2024-02-01,P0127,131
2024-03-01,P0127,154
2024-04-01,P0127,172
2024-05-01,P0127,176
2024-06-01,P0127,178
2024-07-01,P0127,169
2024-08-01,P0127,179
2024-09-01,P0127,192
2024-10-01,P0127,214
2024-11-01,P0127,218
2024-12-01,P0127,242
2025-01-01,P0127,247
2025-02-01,P0127,258
2025-03-01,P0127,272
2025-04-01,P0127,294
2025-05-01,P0127,315
2025-06-01,P0127,305
2025-07-01,P0127,321
2025-08-01,P0127,325
2025-09-01,P0127,348
2025-10-01,P0127,354
2025-11-01,P0127,344
2025-12-01,P0127,370
2024-01-01,P0128,254
2024-02-01,P0128,225
2024-03-01,P0128,289
2024-04-01,P0128,266
2024-05-01,P0128,303
2024-06-01,P0128,286
2024-07-01,P0128,279
2024-08-01,P0128,270
2024-09-01,P0128,315
2024-10-01,P0128,306
2024-11-01,P0128,307
2024-12-01,P0128,310
2025-01-01,P0128,299
2025-02-01,P0128,313
2025-03-01,P0128,351
2025-04-01,P0128,360
2025-05-01,P0128,351
2025-06-01,P0128,334
2025-07-01,P0128,348
2025-08-01,P0128,359
2025-09-01,P0128,361
2025-10-01,P0128,353
2025-11-01,P0128,352
2025-12-01,P0128,370
2024-01-01,P0129,1157
2024-02-01,P0129,1131
2024-03-01,P0129,1294
2024-04-01,P0129,1338
2024-05-01,P0129,1267
2024-06-01,P0129,1161
2024-07-01,P0129,1027
2024-08-01,P0129,1244
2024-09-01,P0129,1069
2024-10-01,P0129,1117
2024-11-01,P0129,998
2024-12-01,P0129,1082
2025-01-01,P0129,1080
2025-02-01,P0129,1391
2025-03-01,P0129,1230
2025-04-01,P0129,1080
2025-05-01,P0129,1407
2025-06-01,P0129,1340
2025-07-01,P0129,1213
2025-08-01,P0129,1067
2025-09-01,P0129,1209
2025-10-01,P0129,967
2025-11-01,P0129,1127
2025-12-01,P0129,1120
2024-01-01,P0130,140
2024-02-01,P0130,158
2024-03-01,P0130,210
2024-04-01,P0130,189
2024-05-01,P0130,221
2024-06-01,P0130,232
2024-07-01,P0130,230
2024-08-01,P0130,241
2024-09-01,P0130,231
2024-10-01,P0130,257
2024-11-01,P0130,243
2024-12-01,P0130,285
2025-01-01,P0130,317
2025-02-01,P0130,322
2025-03-01,P0130,359
2025-04-01,P0130,337
2025-05-01,P0130,363
2025-06-01,P0130,359
2025-07-01,P0130,338
2025-08-01,P0130,368
2025-09-01,P0130,370
2025-10-01,P0130,373
2025-11-01,P0130,385
2025-12-01,P0130,423
2024-01-01,P0131,191
2024-02-01,P0131,229
2024-03-01,P0131,236
2024-04-01,P0131,239
2024-05-01,P0131,249
2024-06-01,P0131,194
2024-07-01,P0131,186
2024-08-01,P0131,155
2024-09-01,P0131,167
2024-10-01,P0131,201
2024-11-01,P0131,150
2024-12-01,P0131,201
2025-01-01,P0131,228
2025-02-01,P0131,224
2025-03-01,P0131,226
2025-04-01,P0131,225
2025-05-01,P0131,245
2025-06-01,P0131,223
2025-07-01,P0131,203
2025-08-01,P0131,220
2025-09-01,P0131,189
2025-10-01,P0131,164
2025-11-01,P0131,165
2025-12-01,P0131,180
2024-01-01,P0132,242
2024-02-01,P0132,326
2024-03-01,P0132,345
2024-04-01,P0132,305
2024-05-01,P0132,383
2024-06-01,P0132,348
2024-07-01,P0132,336
2024-08-01,P0132,315
2024-09-01,P0132,305
2024-10-01,P0132,302
2024-11-01,P0132,309
2024-12-01,P0132,369
2025-01-01,P0132,343
2025-02-01,P0132,422
2025-03-01,P0132,432
2025-04-01,P0132,448
2025-05-01,P0132,493
2025-06-01,P0132,461
2025-07-01,P0132,452
2025-08-01,P0132,380
2025-09-01,P0132,394
2025-10-01,P0132,415
2025-11-01,P0132,468
2025-12-01,P0132,485
2024-01-01,P0133,80
2024-02-01,P0133,87
2024-03-01,P0133,87
2024-04-01,P0133,96
2024-05-01,P0133,86
2024-06-01,P0133,69
2024-07-01,P0133,83
2024-08-01,P0133,72
2024-09-01,P0133,78
2024-10-01,P0133,44
2024-11-01,P0133,57
2024-12-01,P0133,50
2025-01-01,P0133,57
2025-02-01,P0133,75
2025-03-01,P0133,62
2025-04-01,P0133,62
2025-05-01,P0133,62
2025-06-01,P0133,63
2025-07-01,P0133,60
2025-08-01,P0133,47
2025-09-01,P0133,43
2025-10-01,P0133,37
2025-11-01,P0133,40
2025-12-01,P0133,32
2024-01-01,P0134,641
2024-02-01,P0134,773
2024-03-01,P0134,773
2024-04-01,P0134,760
2024-05-01,P0134,833
2024-06-01,P0134,765
2024-07-01,P0134,642
2024-08-01,P0134,593
2024-09-01,P0134,593
2024-10-01,P0134,551
2024-11-01,P0134,567
2024-12-01,P0134,622
2025-01-01,P0134,637
2025-02-01,P0134,677
2025-03-01,P0134,688
2025-04-01,P0134,776
2025-05-01,P0134,749
2025-06-01,P0134,617
2025-07-01,P0134,670
2025-08-01,P0134,558
2025-09-01,P0134,524
2025-10-01,P0134,471
2025-11-01,P0134,449
2025-12-01,P0134,442
2024-01-01,P0135,732
2024-02-01,P0135,887
2024-03-01,P0135,856
2024-04-01,P0135,922
2024-05-01,P0135,980
2024-06-01,P0135,937
2024-07-01,P0135,896
2024-08-01,P0135,681
2024-09-01,P0135,790
2024-10-01,P0135,829
2024-11-01,P0135,947
2024-12-01,P0135,734
2025-01-01,P0135,926
2025-02-01,P0135,940
2025-03-01,P0135,952
2025-04-01,P0135,869
2025-05-01,P0135,1012
2025-06-01,P0135,920
2025-07-01,P0135,860
2025-08-01,P0135,825
2025-09-01,P0135,829
2025-10-01,P0135,863
2025-11-01,P0135,764
2025-12-01,P0135,894
2024-01-01,P0136,1453
2024-02-01,P0136,1662
2024-03-01,P0136,1565
2024-04-01,P0136,1755
2024-05-01,P0136,1749
2024-06-01,P0136,1801
2024-07-01,P0136,1534
2024-08-01,P0136,1268
2024-09-01,P0136,1242
2024-10-01,P0136,1429
2024-11-01,P0136,1297
2024-12-01,P0136,1366
2025-01-01,P0136,1582
2025-02-01,P0136,1511
2025-03-01,P0136,1594
2025-04-01,P0136,1631
2025-05-01,P0136,1629
2025-06-01,P0136,1623
2025-07-01,P0136,1400
2025-08-01,P0136,1464
2025-09-01,P0136,1232
2025-10-01,P0136,1441
2025-11-01,P0136,1492
2025-12-01,P0136,1377
2024-01-01,P0137,807
2024-02-01,P0137,1007
2024-03-01,P0137,1023
2024-04-01,P0137,990
2024-05-01,P0137,1030
2024-06-01,P0137,1017
2024-07-01,P0137,1022
2024-08-01,P0137,923
2024-09-01,P0137,921
2024-10-01,P0137,872
2024-11-01,P0137,877
2024-12-01,P0137,964
2025-01-01,P0137,993
2025-02-01,P0137,1158
2025-03-01,P0137,1134
2025-04-01,P0137,1046
2025-05-01,P0137,1117
2025-06-01,P0137,1096
2025-07-01,P0137,999
2025-08-01,P0137,1075
2025-09-01,P0137,869
2025-10-01,P0137,921
2025-11-01,P0137,1006
2025-12-01,P0137,1040
2024-01-01,P0138,1375
2024-02-01,P0138,1502
2024-03-01,P0138,1754
2024-04-01,P0138,1611
2024-05-01,P0138,1698
2024-06-01,P0138,1504
2024-07-01,P0138,1305
2024-08-01,P0138,1295
2024-09-01,P0138,1020
2024-10-01,P0138,1066
2024-11-01,P0138,1290
2024-12-01,P0138,1223
2025-01-01,P0138,1457
2025-02-01,P0138,1641
2025-03-01,P0138,1767
2025-04-01,P0138,1842
2025-05-01,P0138,1858
2025-06-01,P0138,1759
2025-07-01,P0138,1540
2025-08-01,P0138,1301
2025-09-01,P0138,1078
2025-10-01,P0138,1232
2025-11-01,P0138,1173
2025-12-01,P0138,1352
2024-01-01,P0139,739
2024-02-01,P0139,661
2024-03-01,P0139,639
2024-04-01,P0139,681
2024-05-01,P0139,670
2024-06-01,P0139,613
2024-07-01,P0139,613
2024-08-01,P0139,490
2024-09-01,P0139,524
2024-10-01,P0139,465
2024-11-01,P0139,461
2024-12-01,P0139,582
2025-01-01,P0139,605
2025-02-01,P0139,676
2025-03-01,P0139,676
2025-04-01,P0139,679
2025-05-01,P0139,720
2025-06-01,P0139,600
2025-07-01,P0139,592
2025-08-01,P0139,463
2025-09-01,P0139,506
2025-10-01,P0139,440
2025-11-01,P0139,327
2025-12-01,P0139,416
2024-01-01,P0140,762
2024-02-01,P0140,856
2024-03-01,P0140,788
2024-04-01,P0140,821
2024-05-01,P0140,839
2024-06-01,P0140,855
2024-07-01,P0140,654
2024-08-01,P0140,711
2024-09-01,P0140,577
2024-10-01,P0140,575
2024-11-01,P0140,583
2024-12-01,P0140,558
2025-01-01,P0140,739
2025-02-01,P0140,697
2025-03-01,P0140,773
2025-04-01,P0140,725
2025-05-01,P0140,755
2025-06-01,P0140,734
2025-07-01,P0140,679
2025-08-01,P0140,577
2025-09-01,P0140,603
2025-10-01,P0140,501
2025-11-01,P0140,535
2025-12-01,P0140,610
2024-01-01,P0141,844
2024-02-01,P0141,938
2024-03-01,P0141,907
2024-04-01,P0141,956
2024-05-01,P0141,915
2024-06-01,P0141,976
2024-07-01,P0141,903
2024-08-01,P0141,840
2024-09-01,P0141,950
2024-10-01,P0141,859
2024-11-01,P0141,918
2024-12-01,P0141,876
2025-01-01,P0141,932
2025-02-01,P0141,823
2025-03-01,P0141,926
2025-04-01,P0141,1090
2025-05-01,P0141,989
2025-06-01,P0141,1021
2025-07-01,P0141,905
2025-08-01,P0141,862
2025-09-01,P0141,952
2025-10-01,P0141,953
2025-11-01,P0141,945
2025-12-01,P0141,941
2024-01-01,P0142,789
2024-02-01,P0142,688
2024-03-01,P0142,721
2024-04-01,P0142,813
2024-05-01,P0142,747
2024-06-01,P0142,800
2024-07-01,P0142,659
2024-08-01,P0142,653
2024-09-01,P0142,647
2024-10-01,P0142,616
2024-11-01,P0142,552
2024-12-01,P0142,715
2025-01-01,P0142,664
2025-02-01,P0142,701
2025-03-01,P0142,736
2025-04-01,P0142,789
2025-05-01,P0142,828
2025-06-01,P0142,724
2025-07-01,P0142,752
2025-08-01,P0142,577
2025-09-01,P0142,568
2025-10-01,P0142,544
2025-11-01,P0142,585
2025-12-01,P0142,651
2024-01-01,P0143,926
2024-02-01,P0143,1027
2024-03-01,P0143,1092
2024-04-01,P0143,948
2024-05-01,P0143,1075
2024-06-01,P0143,1009
2024-07-01,P0143,874
2024-08-01,P0143,947
2024-09-01,P0143,968
2024-10-01,P0143,931
2024-11-01,P0143,847
2024-12-01,P0143,740
2025-01-01,P0143,896
2025-02-01,P0143,833
2025-03-01,P0143,935
2025-04-01,P0143,865
2025-05-01,P0143,870
2025-06-01,P0143,898
2025-07-01,P0143,823
2025-08-01,P0143,811
2025-09-01,P0143,695
2025-10-01,P0143,742
2025-11-01,P0143,767
2025-12-01,P0143,818
2024-01-01,P0144,819
2024-02-01,P0144,951
2024-03-01,P0144,985
2024-04-01,P0144,957
2024-05-01,P0144,1008
2024-06-01,P0144,990
2024-07-01,P0144,955
2024-08-01,P0144,866
2024-09-01,P0144,833
2024-10-01,P0144,893
2024-11-01,P0144,877
2024-12-01,P0144,836
2025-01-01,P0144,1149
2025-02-01,P0144,1128
2025-03-01,P0144,1118
2025-04-01,P0144,1022
2025-05-01,P0144,1182
2025-06-01,P0144,957
2025-07-01,P0144,1074
2025-08-01,P0144,950
2025-09-01,P0144,882
2025-10-01,P0144,1005
2025-11-01,P0144,1069
2025-12-01,P0144,979
2024-01-01,P0145,372
2024-02-01,P0145,506
2024-03-01,P0145,463
2024-04-01,P0145,501
2024-05-01,P0145,470
2024-06-01,P0145,451
2024-07-01,P0145,411
2024-08-01,P0145,382
2024-09-01,P0145,382
2024-10-01,P0145,398
2024-11-01,P0145,413
2024-12-01,P0145,449
2025-01-01,P0145,496
2025-02-01,P0145,588
2025-03-01,P0145,612
2025-04-01,P0145,692
2025-05-01,P0145,666
2025-06-01,P0145,626
2025-07-01,P0145,576
2025-08-01,P0145,523
2025-09-01,P0145,515
2025-10-01,P0145,534
2025-11-01,P0145,575
2025-12-01,P0145,579
2024-01-01,P0146,620
2024-02-01,P0146,695
2024-03-01,P0146,745
2024-04-01,P0146,660
2024-05-01,P0146,657
2024-06-01,P0146,702
2024-07-01,P0146,690
2024-08-01,P0146,747
2024-09-01,P0146,728
2024-10-01,P0146,624
2024-11-01,P0146,666
2024-12-01,P0146,665
2025-01-01,P0146,687
2025-02-01,P0146,690
2025-03-01,P0146,768
2025-04-01,P0146,746
2025-05-01,P0146,739
2025-06-01,P0146,777
2025-07-01,P0146,630
2025-08-01,P0146,701
2025-09-01,P0146,740
2025-10-01,P0146,747
2025-11-01,P0146,799
2025-12-01,P0146,741
2024-01-01,P0147,889
2024-02-01,P0147,880
2024-03-01,P0147,989
2024-04-01,P0147,962
2024-05-01,P0147,777
2024-06-01,P0147,844
2024-07-01,P0147,904
2024-08-01,P0147,827
2024-09-01,P0147,775
2024-10-01,P0147,781
2024-11-01,P0147,745
2024-12-01,P0147,757
2025-01-01,P0147,851
2025-02-01,P0147,860
2025-03-01,P0147,886
2025-04-01,P0147,848
2025-05-01,P0147,916
2025-06-01,P0147,832
2025-07-01,P0147,974
2025-08-01,P0147,788
2025-09-01,P0147,687
2025-10-01,P0147,831
2025-11-01,P0147,775
2025-12-01,P0147,773
2024-01-01,P0148,923
2024-02-01,P0148,992
2024-03-01,P0148,1123
2024-04-01,P0148,1107
2024-05-01,P0148,1057
2024-06-01,P0148,951
2024-07-01,P0148,959
2024-08-01,P0148,821
2024-09-01,P0148,665
2024-10-01,P0148,650
2024-11-01,P0148,634
2024-12-01,P0148,820
2025-01-01,P0148,733
2025-02-01,P0148,740
2025-03-01,P0148,1051
2025-04-01,P0148,993
2025-05-01,P0148,1049
2025-06-01,P0148,922
2025-07-01,P0148,831
2025-08-01,P0148,667
2025-09-01,P0148,595
2025-10-01,P0148,651
2025-11-01,P0148,626
2025-12-01,P0148,617
2024-01-01,P0149,1208
2024-02-01,P0149,1118
2024-03-01,P0149,1258
2024-04-01,P0149,1111
2024-05-01,P0149,1174
2024-06-01,P0149,1151
2024-07-01,P0149,965
2024-08-01,P0149,934
2024-09-01,P0149,812
2024-10-01,P0149,829
2024-11-01,P0149,856
2024-12-01,P0149,924
2025-01-01,P0149,1043
2025-02-01,P0149,1082
2025-03-01,P0149,1169
2025-04-01,P0149,1155
2025-05-01,P0149,1230
2025-06-01,P0149,1271
2025-07-01,P0149,1038
2025-08-01,P0149,1045
2025-09-01,P0149,904
2025-10-01,P0149,886
2025-11-01,P0149,819
2025-12-01,P0149,960
2024-01-01,P0150,822
2024-02-01,P0150,833
2024-03-01,P0150,933
2024-04-01,P0150,907
2024-05-01,P0150,903
2024-06-01,P0150,862
2024-07-01,P0150,859
2024-08-01,P0150,799
2024-09-01,P0150,703
2024-10-01,P0150,702
2024-11-01,P0150,654
2024-12-01,P0150,743
2025-01-01,P0150,825
2025-02-01,P0150,838
2025-03-01,P0150,1033
2025-04-01,P0150,889
2025-05-01,P0150,892
2025-06-01,P0150,817
2025-07-01,P0150,885
2025-08-01,P0150,785
2025-09-01,P0150,783
2025-10-01,P0150,682
2025-11-01,P0150,674
2025-12-01,P0150,767
2024-01-01,P0151,753
2024-02-01,P0151,875
2024-03-01,P0151,889
2024-04-01,P0151,847
2024-05-01,P0151,761
2024-06-01,P0151,731
2024-07-01,P0151,829
2024-08-01,P0151,676
2024-09-01,P0151,693
2024-10-01,P0151,718
2024-11-01,P0151,750
2024-12-01,P0151,755
2025-01-01,P0151,708
2025-02-01,P0151,805
2025-03-01,P0151,801
2025-04-01,P0151,774
2025-05-01,P0151,898
2025-06-01,P0151,784
2025-07-01,P0151,796
2025-08-01,P0151,598
2025-09-01,P0151,676
2025-10-01,P0151,616
2025-11-01,P0151,638
2025-12-01,P0151,655
2024-01-01,P0152,737
2024-02-01,P0152,902
2024-03-01,P0152,949
2024-04-01,P0152,1042
2024-05-01,P0152,845
2024-06-01,P0152,1003
2024-07-01,P0152,893
2024-08-01,P0152,814
2024-09-01,P0152,672
2024-10-01,P0152,829
2024-11-01,P0152,705
2024-12-01,P0152,798
2025-01-01,P0152,903
2025-02-01,P0152,1024
2025-03-01,P0152,1086
2025-04-01,P0152,1063
2025-05-01,P0152,1100
2025-06-01,P0152,1057
2025-07-01,P0152,971
2025-08-01,P0152,816
2025-09-01,P0152,943
2025-10-01,P0152,900
2025-11-01,P0152,921
2025-12-01,P0152,1006
2024-01-01,P0153,1263
2024-02-01,P0153,1355
2024-03-01,P0153,1339
2024-04-01,P0153,1353
2024-05-01,P0153,1400
2024-06-01,P0153,1455
2024-07-01,P0153,1283
2024-08-01,P0153,1278
2024-09-01,P0153,1102
2024-10-01,P0153,935
2024-11-01,P0153,994
2024-12-01,P0153,1159
2025-01-01,P0153,1291
2025-02-01,P0153,1482
2025-03-01,P0153,1201
2025-04-01,P0153,1259
2025-05-01,P0153,1459
2025-06-01,P0153,1218
2025-07-01,P0153,1287
2025-08-01,P0153,1097
2025-09-01,P0153,1125
2025-10-01,P0153,1030
2025-11-01,P0153,1014
2025-12-01,P0153,1009
2024-01-01,P0154,1180
2024-02-01,P0154,1223
2024-03-01,P0154,1258
2024-04-01,P0154,1319
2024-05-01,P0154,1297
2024-06-01,P0154,1150
2024-07-01,P0154,1087
2024-08-01,P0154,1004
2024-09-01,P0154,940
2024-10-01,P0154,933
2024-11-01,P0154,1107
2024-12-01,P0154,1105
2025-01-01,P0154,1179
2025-02-01,P0154,1155
2025-03-01,P0154,1334
2025-04-01,P0154,1365
2025-05-01,P0154,1413
2025-06-01,P0154,1578
2025-07-01,P0154,1231
2025-08-01,P0154,1209
2025-09-01,P0154,1189
2025-10-01,P0154,1027
2025-11-01,P0154,1046
2025-12-01,P0154,1110
2024-01-01,P0155,703
2024-02-01,P0155,795
2024-03-01,P0155,700
2024-04-01,P0155,743
2024-05-01,P0155,718
2024-06-01,P0155,680
2024-07-01,P0155,576
2024-08-01,P0155,713
2024-09-01,P0155,494
2024-10-01,P0155,556
2024-11-01,P0155,464
2024-12-01,P0155,481
2025-01-01,P0155,603
2025-02-01,P0155,518
2025-03-01,P0155,632
2025-04-01,P0155,702
2025-05-01,P0155,717
2025-06-01,P0155,634
2025-07-01,P0155,604
2025-08-01,P0155,372
2025-09-01,P0155,482
2025-10-01,P0155,481
2025-11-01,P0155,528
2025-12-01,P0155,544
2024-01-01,P0156,989
2024-02-01,P0156,961
2024-03-01,P0156,923
2024-04-01,P0156,1133
2024-05-01,P0156,951
2024-06-01,P0156,1007
2024-07-01,P0156,902
2024-08-01,P0156,796
2024-09-01,P0156,726
2024-10-01,P0156,647
2024-11-01,P0156,891
2024-12-01,P0156,852
2025-01-01,P0156,987
2025-02-01,P0156,850
2025-03-01,P0156,1017
2025-04-01,P0156,1146
2025-05-01,P0156,971
2025-06-01,P0156,1023
2025-07-01,P0156,1055
2025-08-01,P0156,922
2025-09-01,P0156,647
2025-10-01,P0156,535
2025-11-01,P0156,823
2025-12-01,P0156,801
2024-01-01,P0157,1596
2024-02-01,P0157,1509
2024-03-01,P0157,1503
2024-04-01,P0157,1699
2024-05-01,P0157,1625
2024-06-01,P0157,1266
2024-07-01,P0157,1420
2024-08-01,P0157,1146
2024-09-01,P0157,1113
2024-10-01,P0157,853
2024-11-01,P0157,1250
2024-12-01,P0157,1206
2025-01-01,P0157,1464
2025-02-01,P0157,1243
2025-03-01,P0157,1473
2025-04-01,P0157,1725
2025-05-01,P0157,1454
2025-06-01,P0157,1521
2025-07-01,P0157,1351
2025-08-01,P0157,1195
2025-09-01,P0157,1045
2025-10-01,P0157,1065
2025-11-01,P0157,1147
2025-12-01,P0157,1254
2024-01-01,P0158,1060
2024-02-01,P0158,984
2024-03-01,P0158,1048
2024-04-01,P0158,1184
2024-05-01,P0158,1200
2024-06-01,P0158,1257
2024-07-01,P0158,1111
2024-08-01,P0158,1039
2024-09-01,P0158,955
2024-10-01,P0158,946
2024-11-01,P0158,900
2024-12-01,P0158,942
2025-01-01,P0158,1009
2025-02-01,P0158,1080
2025-03-01,P0158,1028
2025-04-01,P0158,1102
2025-05-01,P0158,1054
2025-06-01,P0158,1058
2025-07-01,P0158,958
2025-08-01,P0158,924
2025-09-01,P0158,962
2025-10-01,P0158,677
2025-11-01,P0158,717
2025-12-01,P0158,995
2024-01-01,P0159,1276
2024-02-01,P0159,1511
2024-03-01,P0159,1642
2024-04-01,P0159,1584
2024-05-01,P0159,1786
2024-06-01,P0159,1420
2024-07-01,P0159,1623
2024-08-01,P0159,1491
2024-09-01,P0159,1427
2024-10-01,P0159,1206
2024-11-01,P0159,1331
2024-12-01,P0159,1226
2025-01-01,P0159,1446
2025-02-01,P0159,1688
2025-03-01,P0159,1739
2025-04-01,P0159,1732
2025-05-01,P0159,1480
2025-06-01,P0159,1761
2025-07-01,P0159,1719
2025-08-01,P0159,1344
2025-09-01,P0159,1127
2025-10-01,P0159,1248
2025-11-01,P0159,1355
2025-12-01,P0159,1681
2024-01-01,P0160,851
2024-02-01,P0160,777
2024-03-01,P0160,760
2024-04-01,P0160,790
2024-05-01,P0160,831
2024-06-01,P0160,690
2024-07-01,P0160,777
2024-08-01,P0160,788
2024-09-01,P0160,610
2024-10-01,P0160,666
2024-11-01,P0160,737
2024-12-01,P0160,743
2025-01-01,P0160,692
2025-02-01,P0160,773
2025-03-01,P0160,761
2025-04-01,P0160,709
2025-05-01,P0160,824
2025-06-01,P0160,669
2025-07-01,P0160,713
2025-08-01,P0160,738
2025-09-01,P0160,601
2025-10-01,P0160,662
2025-11-01,P0160,718
2025-12-01,P0160,640
2024-01-01,P0161,838
2024-02-01,P0161,859
2024-03-01,P0161,808
2024-04-01,P0161,865
2024-05-01,P0161,879
2024-06-01,P0161,788
2024-07-01,P0161,840
2024-08-01,P0161,664
2024-09-01,P0161,695
2024-10-01,P0161,627
2024-11-01,P0161,784
2024-12-01,P0161,724
2025-01-01,P0161,848
2025-02-01,P0161,901
2025-03-01,P0161,793
2025-04-01,P0161,880
2025-05-01,P0161,887
2025-06-01,P0161,741
2025-07-01,P0161,755
2025-08-01,P0161,482
2025-09-01,P0161,655
2025-10-01,P0161,633
2025-11-01,P0161,684
2025-12-01,P0161,618
2024-01-01,P0162,1085
2024-02-01,P0162,1106
2024-03-01,P0162,1208
2024-04-01,P0162,1282
2024-05-01,P0162,1245
2024-06-01,P0162,1235
2024-07-01,P0162,911
2024-08-01,P0162,1183
2024-09-01,P0162,868
2024-10-01,P0162,1135
2024-11-01,P0162,981
2024-12-01,P0162,988
2025-01-01,P0162,1048
2025-02-01,P0162,969
2025-03-01,P0162,1132
2025-04-01,P0162,1433
2025-05-01,P0162,1209
2025-06-01,P0162,1126
2025-07-01,P0162,1063
2025-08-01,P0162,1148
2025-09-01,P0162,1026
2025-10-01,P0162,883
2025-11-01,P0162,1050
2025-12-01,P0162,1103
2024-01-01,P0163,874
2024-02-01,P0163,910
2024-03-01,P0163,911
2024-04-01,P0163,943
2024-05-01,P0163,990
2024-06-01,P0163,865
2024-07-01,P0163,974
2024-08-01,P0163,932
2024-09-01,P0163,895
2024-10-01,P0163,766
2024-11-01,P0163,808
2024-12-01,P0163,732
2025-01-01,P0163,950
2025-02-01,P0163,1093
2025-03-01,P0163,982
2025-04-01,P0163,993
2025-05-01,P0163,996
2025-06-01,P0163,910
2025-07-01,P0163,1017
2025-08-01,P0163,1000
2025-09-01,P0163,764
2025-10-01,P0163,808
2025-11-01,P0163,806
2025-12-01,P0163,887
2024-01-01,P0164,523
2024-02-01,P0164,528
2024-03-01,P0164,645
2024-04-01,P0164,563
2024-05-01,P0164,662
2024-06-01,P0164,559
2024-07-01,P0164,445
2024-08-01,P0164,414
2024-09-01,P0164,437
2024-10-01,P0164,464
2024-11-01,P0164,410
2024-12-01,P0164,498
2025-01-01,P0164,548
2025-02-01,P0164,641
2025-03-01,P0164,723
2025-04-01,P0164,694
2025-05-01,P0164,603
2025-06-01,P0164,727
2025-07-01,P0164,575
2025-08-01,P0164,549
2025-09-01,P0164,508
2025-10-01,P0164,526
2025-11-01,P0164,411
2025-12-01,P0164,521
2024-01-01,P0165,405
2024-02-01,P0165,504
2024-03-01,P0165,511
2024-04-01,P0165,570
2024-05-01,P0165,615
2024-06-01,P0165,544
2024-07-01,P0165,521
2024-08-01,P0165,463
2024-09-01,P0165,482
2024-10-01,P0165,476
2024-11-01,P0165,448
2024-12-01,P0165,478
2025-01-01,P0165,577
2025-02-01,P0165,591
2025-03-01,P0165,611
2025-04-01,P0165,679
2025-05-01,P0165,615
2025-06-01,P0165,616
2025-07-01,P0165,570
2025-08-01,P0165,603
2025-09-01,P0165,497
2025-10-01,P0165,507
2025-11-01,P0165,600
2025-12-01,P0165,607
2024-01-01,P0166,577
2024-02-01,P0166,548
2024-03-01,P0166,703
2024-04-01,P0166,630
2024-05-01,P0166,576
2024-06-01,P0166,544
2024-07-01,P0166,480
2024-08-01,P0166,397
2024-09-01,P0166,343
2024-10-01,P0166,420
2024-11-01,P0166,296
2024-12-01,P0166,432
2025-01-01,P0166,369
2025-02-01,P0166,487
2025-03-01,P0166,534
2025-04-01,P0166,601
2025-05-01,P0166,504
2025-06-01,P0166,419
2025-07-01,P0166,360
2025-08-01,P0166,353
2025-09-01,P0166,378
2025-10-01,P0166,277
2025-11-01,P0166,243
2025-12-01,P0166,334
2024-01-01,P0167,1170
2024-02-01,P0167,1774
2024-03-01,P0167,1682
2024-04-01,P0167,1871
2024-05-01,P0167,1697
2024-06-01,P0167,1578
2024-07-01,P0167,1399
2024-08-01,P0167,1143
2024-09-01,P0167,1149
2024-10-01,P0167,1085
2024-11-01,P0167,1064
2024-12-01,P0167,1180
2025-01-01,P0167,1627
2025-02-01,P0167,1706
2025-03-01,P0167,1790
2025-04-01,P0167,1706
2025-05-01,P0167,1744
2025-06-01,P0167,1682
2025-07-01,P0167,1461
2025-08-01,P0167,1346
2025-09-01,P0167,1063
2025-10-01,P0167,927
2025-11-01,P0167,1217
2025-12-01,P0167,1160
2024-01-01,P0168,317
2024-02-01,P0168,359
2024-03-01,P0168,339
2024-04-01,P0168,290
2024-05-01,P0168,303
2024-06-01,P0168,278
2024-07-01,P0168,291
2024-08-01,P0168,272
2024-09-01,P0168,245
2024-10-01,P0168,275
2024-11-01,P0168,249
2024-12-01,P0168,284
2025-01-01,P0168,304
2025-02-01,P0168,245
2025-03-01,P0168,332
2025-04-01,P0168,318
2025-05-01,P0168,297
2025-06-01,P0168,260
2025-07-01,P0168,208
2025-08-01,P0168,229
2025-09-01,P0168,203
2025-10-01,P0168,205
2025-11-01,P0168,219
2025-12-01,P0168,187
2024-01-01,P0169,1136
2024-02-01,P0169,1260
2024-03-01,P0169,1254
2024-04-01,P0169,1494
2024-05-01,P0169,1471
2024-06-01,P0169,1143
2024-07-01,P0169,1373
2024-08-01,P0169,1027
2024-09-01,P0169,976
2024-10-01,P0169,865
2024-11-01,P0169,914
2024-12-01,P0169,1109
2025-01-01,P0169,1174
2025-02-01,P0169,1086
2025-03-01,P0169,1362
2025-04-01,P0169,1544
2025-05-01,P0169,1418
2025-06-01,P0169,1202
2025-07-01,P0169,1282
2025-08-01,P0169,979
2025-09-01,P0169,976
2025-10-01,P0169,808
2025-11-01,P0169,1023
2025-12-01,P0169,955
2024-01-01,P0170,299
2024-02-01,P0170,280
2024-03-01,P0170,321
2024-04-01,P0170,336
2024-05-01,P0170,285
2024-06-01,P0170,279
2024-07-01,P0170,273
2024-08-01,P0170,233
2024-09-01,P0170,218
2024-10-01,P0170,178
2024-11-01,P0170,158
2024-12-01,P0170,215
2025-01-01,P0170,241
2025-02-01,P0170,278
2025-03-01,P0170,241
2025-04-01,P0170,236
2025-05-01,P0170,197
2025-06-01,P0170,204
2025-07-01,P0170,196
2025-08-01,P0170,149
2025-09-01,P0170,147
2025-10-01,P0170,150
2025-11-01,P0170,114
2025-12-01,P0170,131
2024-01-01,P0171,237
2024-02-01,P0171,260
2024-03-01,P0171,275
2024-04-01,P0171,263
2024-05-01,P0171,259
2024-06-01,P0171,265
2024-07-01,P0171,253
2024-08-01,P0171,248
2024-09-01,P0171,205
2024-10-01,P0171,252
2024-11-01,P0171,236
2024-12-01,P0171,265
2025-01-01,P0171,292
2025-02-01,P0171,320
2025-03-01,P0171,327
2025-04-01,P0171,331
2025-05-01,P0171,325
2025-06-01,P0171,295
2025-07-01,P0171,318
2025-08-01,P0171,285
2025-09-01,P0171,269
2025-10-01,P0171,259
2025-11-01,P0171,311
2025-12-01,P0171,288
2024-01-01,P0172,1384
2024-02-01,P0172,1360
2024-03-01,P0172,1432
2024-04-01,P0172,1606
2024-05-01,P0172,1344
2024-06-01,P0172,1146
2024-07-01,P0172,1104
2024-08-01,P0172,1129
2024-09-01,P0172,1316
2024-10-01,P0172,1060
2024-11-01,P0172,1045
2024-12-01,P0172,958
2025-01-01,P0172,1283
2025-02-01,P0172,1378
2025-03-01,P0172,1346
2025-04-01,P0172,1353
2025-05-01,P0172,1362
2025-06-01,P0172,1293
2025-07-01,P0172,1035
2025-08-01,P0172,1026
2025-09-01,P0172,948
2025-10-01,P0172,845
2025-11-01,P0172,996
2025-12-01,P0172,999
2024-01-01,P0173,172
2024-02-01,P0173,177
2024-03-01,P0173,187
2024-04-01,P0173,178
2024-05-01,P0173,160
2024-06-01,P0173,166
2024-07-01,P0173,149
2024-08-01,P0173,162
2024-09-01,P0173,166
2024-10-01,P0173,138
2024-11-01,P0173,139
2024-12-01,P0173,131
2025-01-01,P0173,143
2025-02-01,P0173,138
2025-03-01,P0173,164
2025-04-01,P0173,139
2025-05-01,P0173,157
2025-06-01,P0173,146
2025-07-01,P0173,145
2025-08-01,P0173,134
2025-09-01,P0173,112
2025-10-01,P0173,120
2025-11-01,P0173,106
2025-12-01,P0173,121
2024-01-01,P0174,1196
2024-02-01,P0174,1356
2024-03-01,P0174,1616
2024-04-01,P0174,1694
2024-05-01,P0174,1471
2024-06-01,P0174,1533
2024-07-01,P0174,1343
2024-08-01,P0174,1293
2024-09-01,P0174,1175
2024-10-01,P0174,1351
2024-11-01,P0174,1182
2024-12-01,P0174,1458
2025-01-01,P0174,1506
2025-02-01,P0174,1738
2025-03-01,P0174,1694
2025-04-01,P0174,1603
2025-05-01,P0174,1729
2025-06-01,P0174,1600
2025-07-01,P0174,1723
2025-08-01,P0174,1448
2025-09-01,P0174,1367
2025-10-01,P0174,1223
2025-11-01,P0174,1293
2025-12-01,P0174,1545
2024-01-01,P0175,1228
2024-02-01,P0175,1191
2024-03-01,P0175,1290
2024-04-01,P0175,1317
2024-05-01,P0175,1179
2024-06-01,P0175,1271
2024-07-01,P0175,964
2024-08-01,P0175,925
2024-09-01,P0175,847
2024-10-01,P0175,699
2024-11-01,P0175,781
2024-12-01,P0175,1086
2025-01-01,P0175,1163
2025-02-01,P0175,1178
2025-03-01,P0175,1277
2025-04-01,P0175,1207
2025-05-01,P0175,1308
2025-06-01,P0175,1129
2025-07-01,P0175,1042
2025-08-01,P0175,793
2025-09-01,P0175,722
2025-10-01,P0175,842
2025-11-01,P0175,765
2025-12-01,P0175,966
2024-01-01,P0176,436
2024-02-01,P0176,506
2024-03-01,P0176,449
2024-04-01,P0176,580
2024-05-01,P0176,528
2024-06-01,P0176,391
2024-07-01,P0176,361
2024-08-01,P0176,347
2024-09-01,P0176,310
2024-10-01,P0176,245
2024-11-01,P0176,331
2024-12-01,P0176,368
2025-01-01,P0176,323
2025-02-01,P0176,434
2025-03-01,P0176,465
2025-04-01,P0176,475
2025-05-01,P0176,418
2025-06-01,P0176,371
2025-07-01,P0176,323
2025-08-01,P0176,369
2025-09-01,P0176,237
2025-10-01,P0176,274
2025-11-01,P0176,229
2025-12-01,P0176,317
2024-01-01,P0177,206
2024-02-01,P0177,208
2024-03-01,P0177,192
2024-04-01,P0177,192
2024-05-01,P0177,201
2024-06-01,P0177,167
2024-07-01,P0177,170
2024-08-01,P0177,175
2024-09-01,P0177,167
2024-10-01,P0177,131
2024-11-01,P0177,175
2024-12-01,P0177,138
2025-01-01,P0177,176
2025-02-01,P0177,190
2025-03-01,P0177,194
2025-04-01,P0177,192
2025-05-01,P0177,187
2025-06-01,P0177,172
2025-07-01,P0177,165
2025-08-01,P0177,125
2025-09-01,P0177,141
2025-10-01,P0177,148
2025-11-01,P0177,121
2025-12-01,P0177,164
2024-01-01,P0178,766
2024-02-01,P0178,752
2024-03-01,P0178,812
2024-04-01,P0178,849
2024-05-01,P0178,856
2024-06-01,P0178,796
2024-07-01,P0178,783
2024-08-01,P0178,688
2024-09-01,P0178,580
2024-10-01,P0178,680
2024-11-01,P0178,656
2024-12-01,P0178,780
2025-01-01,P0178,649
2025-02-01,P0178,771
2025-03-01,P0178,776
2025-04-01,P0178,716
2025-05-01,P0178,907
2025-06-01,P0178,612
2025-07-01,P0178,727
2025-08-01,P0178,719
2025-09-01,P0178,721
2025-10-01,P0178,597
2025-11-01,P0178,617
2025-12-01,P0178,585
2024-01-01,P0179,1347
2024-02-01,P0179,1209
2024-03-01,P0179,1250
2024-04-01,P0179,1311
2024-05-01,P0179,1294
2024-06-01,P0179,1480
2024-07-01,P0179,1311
2024-08-01,P0179,1392
2024-09-01,P0179,1229
2024-10-01,P0179,1144
2024-11-01,P0179,1163
2024-12-01,P0179,1054
2025-01-01,P0179,1322
2025-02-01,P0179,1256
2025-03-01,P0179,1195
2025-04-01,P0179,1338
2025-05-01,P0179,1353
2025-06-01,P0179,1122
2025-07-01,P0179,1290
2025-08-01,P0179,969
2025-09-01,P0179,1060
2025-10-01,P0179,984
2025-11-01,P0179,1241
2025-12-01,P0179,1240
2024-01-01,P0180,304
2024-02-01,P0180,322
2024-03-01,P0180,366
2024-04-01,P0180,335
2024-05-01,P0180,391
2024-06-01,P0180,396
2024-07-01,P0180,345
2024-08-01,P0180,285
2024-09-01,P0180,294
2024-10-01,P0180,310
2024-11-01,P0180,269
2024-12-01,P0180,298
2025-01-01,P0180,424
2025-02-01,P0180,393
2025-03-01,P0180,434
2025-04-01,P0180,458
2025-05-01,P0180,453
2025-06-01,P0180,426
2025-07-01,P0180,422
2025-08-01,P0180,375
2025-09-01,P0180,347
2025-10-01,P0180,324
2025-11-01,P0180,327
2025-12-01,P0180,399
2024-01-01,P0181,411
2024-02-01,P0181,453
2024-03-01,P0181,499
2024-04-01,P0181,549
2024-05-01,P0181,437
2024-06-01,P0181,463
2024-07-01,P0181,519
2024-08-01,P0181,511
2024-09-01,P0181,482
2024-10-01,P0181,470
2024-11-01,P0181,472
2024-12-01,P0181,530
2025-01-01,P0181,529
2025-02-01,P0181,593
2025-03-01,P0181,540
2025-04-01,P0181,585
2025-05-01,P0181,557
2025-06-01,P0181,601
2025-07-01,P0181,590
2025-08-01,P0181,562
2025-09-01,P0181,505
2025-10-01,P0181,596
2025-11-01,P0181,549
2025-12-01,P0181,599
2024-01-01,P0182,1348
2024-02-01,P0182,1395
2024-03-01,P0182,1296
2024-04-01,P0182,1649
2024-05-01,P0182,1746
2024-06-01,P0182,1385
2024-07-01,P0182,1366
2024-08-01,P0182,1452
2024-09-01,P0182,1315
2024-10-01,P0182,963
2024-11-01,P0182,1508
2024-12-01,P0182,1260
2025-01-01,P0182,1177
2025-02-01,P0182,1192
2025-03-01,P0182,1585
2025-04-01,P0182,1441
2025-05-01,P0182,1573
2025-06-01,P0182,1471
2025-07-01,P0182,1219
2025-08-01,P0182,1240
2025-09-01,P0182,1292
2025-10-01,P0182,1320
2025-11-01,P0182,1109
2025-12-01,P0182,1387
2024-01-01,P0183,845
2024-02-01,P0183,849
2024-03-01,P0183,909
2024-04-01,P0183,963
2024-05-01,P0183,1058
2024-06-01,P0183,959
2024-07-01,P0183,963
2024-08-01,P0183,857
2024-09-01,P0183,787
2024-10-01,P0183,787
2024-11-01,P0183,855
2024-12-01,P0183,972
2025-01-01,P0183,1025
2025-02-01,P0183,1105
2025-03-01,P0183,1210
2025-04-01,P0183,1162
2025-05-01,P0183,1093
2025-06-01,P0183,1132
2025-07-01,P0183,1081
2025-08-01,P0183,967
2025-09-01,P0183,971
2025-10-01,P0183,975
2025-11-01,P0183,984
2025-12-01,P0183,1057
2024-01-01,P0184,1534
2024-02-01,P0184,1625
2024-03-01,P0184,1513
2024-04-01,P0184,1766
2024-05-01,P0184,1659
2024-06-01,P0184,1363
2024-07-01,P0184,1523
2024-08-01,P0184,1486
2024-09-01,P0184,1508
2024-10-01,P0184,1566
2024-11-01,P0184,1548
2024-12-01,P0184,1515
2025-01-01,P0184,1509
2025-02-01,P0184,1723
2025-03-01,P0184,1699
2025-04-01,P0184,1782
2025-05-01,P0184,1716
2025-06-01,P0184,1760
2025-07-01,P0184,1950
2025-08-01,P0184,1496
2025-09-01,P0184,1480
2025-10-01,P0184,1348
2025-11-01,P0184,1443
2025-12-01,P0184,1516
2024-01-01,P0185,221
2024-02-01,P0185,230
2024-03-01,P0185,237
2024-04-01,P0185,249
2024-05-01,P0185,226
2024-06-01,P0185,222
2024-07-01,P0185,201
2024-08-01,P0185,161
2024-09-01,P0185,162
2024-10-01,P0185,152
2024-11-01,P0185,99
2024-12-01,P0185,127
2025-01-01,P0185,173
2025-02-01,P0185,157
2025-03-01,P0185,169
2025-04-01,P0185,193
2025-05-01,P0185,199
2025-06-01,P0185,155
2025-07-01,P0185,111
2025-08-01,P0185,107
2025-09-01,P0185,69
2025-10-01,P0185,55
2025-11-01,P0185,46
2025-12-01,P0185,69
2024-01-01,P0186,335
2024-02-01,P0186,334
2024-03-01,P0186,370
2024-04-01,P0186,388
2024-05-01,P0186,418
2024-06-01,P0186,345
2024-07-01,P0186,384
2024-08-01,P0186,290
2024-09-01,P0186,351
2024-10-01,P0186,369
2024-11-01,P0186,376
2024-12-01,P0186,399
2025-01-01,P0186,435
2025-02-01,P0186,468
2025-03-01,P0186,491
2025-04-01,P0186,525
2025-05-01,P0186,483
2025-06-01,P0186,499
2025-07-01,P0186,502
2025-08-01,P0186,500
2025-09-01,P0186,484
2025-10-01,P0186,453
2025-11-01,P0186,467
2025-12-01,P0186,521
2024-01-01,P0187,913
2024-02-01,P0187,760
2024-03-01,P0187,829
2024-04-01,P0187,887
2024-05-01,P0187,952
2024-06-01,P0187,963
2024-07-01,P0187,816
2024-08-01,P0187,757
2024-09-01,P0187,780
2024-10-01,P0187,709
2024-11-01,P0187,688
2024-12-01,P0187,751
2025-01-01,P0187,748
2025-02-01,P0187,747
2025-03-01,P0187,896
2025-04-01,P0187,911
2025-05-01,P0187,761
2025-06-01,P0187,940
2025-07-01,P0187,740
2025-08-01,P0187,697
2025-09-01,P0187,696
2025-10-01,P0187,679
2025-11-01,P0187,537
2025-12-01,P0187,678
2024-01-01,P0188,1206
2024-02-01,P0188,1377
2024-03-01,P0188,1386
2024-04-01,P0188,1385
2024-05-01,P0188,1231
2024-06-01,P0188,1232
2024-07-01,P0188,1223
2024-08-01,P0188,823
2024-09-01,P0188,855
2024-10-01,P0188,1003
2024-11-01,P0188,842
2024-12-01,P0188,1083
2025-01-01,P0188,1031
2025-02-01,P0188,1217
2025-03-01,P0188,1480
2025-04-01,P0188,1513
2025-05-01,P0188,1499
2025-06-01,P0188,1404
2025-07-01,P0188,923
2025-08-01,P0188,1141
2025-09-01,P0188,833
2025-10-01,P0188,942
2025-11-01,P0188,858
2025-12-01,P0188,1035
2024-01-01,P0189,199
2024-02-01,P0189,199
2024-03-01,P0189,223
2024-04-01,P0189,182
2024-05-01,P0189,199
2024-06-01,P0189,133
2024-07-01,P0189,133
2024-08-01,P0189,146
2024-09-01,P0189,101
2024-10-01,P0189,103
2024-11-01,P0189,97
2024-12-01,P0189,96
2025-01-01,P0189,107
2025-02-01,P0189,112
2025-03-01,P0189,121
2025-04-01,P0189,118
2025-05-01,P0189,74
2025-06-01,P0189,76
2025-07-01,P0189,65
2025-08-01,P0189,29
2025-09-01,P0189,31
2025-10-01,P0189,17
2025-11-01,P0189,9
2025-12-01,P0189,12
2024-01-01,P0190,819
2024-02-01,P0190,963
2024-03-01,P0190,960
2024-04-01,P0190,1066
2024-05-01,P0190,1063
2024-06-01,P0190,867
2024-07-01,P0190,834
2024-08-01,P0190,625
2024-09-01,P0190,682
2024-10-01,P0190,714
2024-11-01,P0190,785
2024-12-01,P0190,766
2025-01-01,P0190,818
2025-02-01,P0190,1044
2025-03-01,P0190,923
2025-04-01,P0190,1086
2025-05-01,P0190,1005
2025-06-01,P0190,911
2025-07-01,P0190,808
2025-08-01,P0190,748
2025-09-01,P0190,811
2025-10-01,P0190,718
2025-11-01,P0190,713
2025-12-01,P0190,790
2024-01-01,P0191,610
2024-02-01,P0191,562
2024-03-01,P0191,553
2024-04-01,P0191,572
2024-05-01,P0191,573
2024-06-01,P0191,509
2024-07-01,P0191,558
2024-08-01,P0191,515
2024-09-01,P0191,519
2024-10-01,P0191,415
2024-11-01,P0191,481
2024-12-01,P0191,503
2025-01-01,P0191,533
2025-02-01,P0191,567
2025-03-01,P0191,499
2025-04-01,P0191,538
2025-05-01,P0191,516
2025-06-01,P0191,531
2025-07-01,P0191,544
2025-08-01,P0191,436
2025-09-01,P0191,477
2025-10-01,P0191,368
2025-11-01,P0191,383
2025-12-01,P0191,485
2024-01-01,P0192,480
2024-02-01,P0192,454
2024-03-01,P0192,516
2024-04-01,P0192,457
2024-05-01,P0192,448
2024-06-01,P0192,450
2024-07-01,P0192,410
2024-08-01,P0192,384
2024-09-01,P0192,388
2024-10-01,P0192,367
2024-11-01,P0192,413
2024-12-01,P0192,373
2025-01-01,P0192,402
2025-02-01,P0192,447
2025-03-01,P0192,381
2025-04-01,P0192,377
2025-05-01,P0192,329
2025-06-01,P0192,281
2025-07-01,P0192,315
2025-08-01,P0192,272
2025-09-01,P0192,247
2025-10-01,P0192,288
2025-11-01,P0192,288
2025-12-01,P0192,315
2024-01-01,P0193,146
2024-02-01,P0193,116
2024-03-01,P0193,115
2024-04-01,P0193,118
2024-05-01,P0193,99
2024-06-01,P0193,94
2024-07-01,P0193,87
2024-08-01,P0193,59
2024-09-01,P0193,59
2024-10-01,P0193,46
2024-11-01,P0193,68
2024-12-01,P0193,35
2025-01-01,P0193,53
2025-02-01,P0193,42
2025-03-01,P0193,23
2025-04-01,P0193,21
2025-05-01,P0193,23
2025-06-01,P0193,3
2025-07-01,P0193,1
2025-08-01,P0193,0
2025-09-01,P0193,0
2025-10-01,P0193,0
2025-11-01,P0193,0
2025-12-01,P0193,0
2024-01-01,P0194,1081
2024-02-01,P0194,1176
2024-03-01,P0194,1025
2024-04-01,P0194,1225
2024-05-01,P0194,1289
2024-06-01,P0194,1243
2024-07-01,P0194,1080
2024-08-01,P0194,1038
2024-09-01,P0194,937
2024-10-01,P0194,1055
2024-11-01,P0194,1050
2024-12-01,P0194,1159
2025-01-01,P0194,1048
2025-02-01,P0194,1169
2025-03-01,P0194,1294
2025-04-01,P0194,1382
2025-05-01,P0194,1365
2025-06-01,P0194,1338
2025-07-01,P0194,1130
2025-08-01,P0194,1316
2025-09-01,P0194,1170
2025-10-01,P0194,1035
2025-11-01,P0194,1128
2025-12-01,P0194,1209
2024-01-01,P0195,170
2024-02-01,P0195,203
2024-03-01,P0195,208
2024-04-01,P0195,217
2024-05-01,P0195,241
2024-06-01,P0195,221
2024-07-01,P0195,222
2024-08-01,P0195,213
2024-09-01,P0195,185
2024-10-01,P0195,208
2024-11-01,P0195,196
2024-12-01,P0195,201
2025-01-01,P0195,246
2025-02-01,P0195,271
2025-03-01,P0195,263
2025-04-01,P0195,274
2025-05-01,P0195,287
2025-06-01,P0195,295
2025-07-01,P0195,291
2025-08-01,P0195,273
2025-09-01,P0195,272
2025-10-01,P0195,248
2025-11-01,P0195,270
2025-12-01,P0195,301
2024-01-01,P0196,1563
2024-02-01,P0196,1660
2024-03-01,P0196,1494
2024-04-01,P0196,1817
2024-05-01,P0196,1480
2024-06-01,P0196,1689
2024-07-01,P0196,1489
2024-08-01,P0196,1463
2024-09-01,P0196,1409
2024-10-01,P0196,1188
2024-11-01,P0196,1173
2024-12-01,P0196,1535
2025-01-01,P0196,1664
2025-02-01,P0196,1623
2025-03-01,P0196,1725
2025-04-01,P0196,1457
2025-05-01,P0196,1780
2025-06-01,P0196,1552
2025-07-01,P0196,1682
2025-08-01,P0196,1801
2025-09-01,P0196,1654
2025-10-01,P0196,1347
2025-11-01,P0196,1485
2025-12-01,P0196,1666
2024-01-01,P0197,288
2024-02-01,P0197,347
2024-03-01,P0197,335
2024-04-01,P0197,326
2024-05-01,P0197,283
2024-06-01,P0197,325
2024-07-01,P0197,281
2024-08-01,P0197,262
2024-09-01,P0197,247
2024-10-01,P0197,235
2024-11-01,P0197,206
2024-12-01,P0197,233
2025-01-01,P0197,272
2025-02-01,P0197,270
2025-03-01,P0197,297
2025-04-01,P0197,286
2025-05-01,P0197,290
2025-06-01,P0197,265
2025-07-01,P0197,312
2025-08-01,P0197,184
2025-09-01,P0197,189
2025-10-01,P0197,196
2025-11-01,P0197,215
2025-12-01,P0197,208
2024-01-01,P0198,456
2024-02-01,P0198,432
2024-03-01,P0198,529
2024-04-01,P0198,455
2024-05-01,P0198,557
2024-06-01,P0198,484
2024-07-01,P0198,421
2024-08-01,P0198,318
2024-09-01,P0198,298
2024-10-01,P0198,347
2024-11-01,P0198,270
2024-12-01,P0198,402
2025-01-01,P0198,408
2025-02-01,P0198,432
2025-03-01,P0198,492
2025-04-01,P0198,456
2025-05-01,P0198,439
2025-06-01,P0198,415
2025-07-01,P0198,348
2025-08-01,P0198,294
2025-09-01,P0198,347
2025-10-01,P0198,318
2025-11-01,P0198,319
2025-12-01,P0198,371
2024-01-01,P0199,721
2024-02-01,P0199,750
2024-03-01,P0199,807
2024-04-01,P0199,870
2024-05-01,P0199,766
2024-06-01,P0199,788
2024-07-01,P0199,757
2024-08-01,P0199,648
2024-09-01,P0199,647
2024-10-01,P0199,623
2024-11-01,P0199,584
2024-12-01,P0199,720
2025-01-01,P0199,766
2025-02-01,P0199,895
2025-03-01,P0199,968
2025-04-01,P0199,874
2025-05-01,P0199,944
2025-06-01,P0199,800
2025-07-01,P0199,794
2025-08-01,P0199,754
2025-09-01,P0199,620
2025-10-01,P0199,690
2025-11-01,P0199,707
2025-12-01,P0199,869
2024-01-01,P0200,367
2024-02-01,P0200,403
2024-03-01,P0200,433
2024-04-01,P0200,368
2024-05-01,P0200,385
2024-06-01,P0200,363
2024-07-01,P0200,354
2024-08-01,P0200,291
2024-09-01,P0200,330
2024-10-01,P0200,241
2024-11-01,P0200,266
2024-12-01,P0200,269
2025-01-01,P0200,289
2025-02-01,P0200,410
2025-03-01,P0200,384
2025-04-01,P0200,335
2025-05-01,P0200,376
2025-06-01,P0200,375
2025-07-01,P0200,273
2025-08-01,P0200,260
2025-09-01,P0200,232
2025-10-01,P0200,158
2025-11-01,P0200,197
2025-12-01,P0200,212
2024-01-01,P0201,1432
2024-02-01,P0201,1550
2024-03-01,P0201,1560
2024-04-01,P0201,1531
2024-05-01,P0201,1570
2024-06-01,P0201,1481
2024-07-01,P0201,1289
2024-08-01,P0201,1453
2024-09-01,P0201,1181
2024-10-01,P0201,1286
2024-11-01,P0201,1224
2024-12-01,P0201,1453
2025-01-01,P0201,1546
2025-02-01,P0201,1258
2025-03-01,P0201,1455
2025-04-01,P0201,1466
2025-05-01,P0201,1553
2025-06-01,P0201,1439
2025-07-01,P0201,1253
2025-08-01,P0201,1184
2025-09-01,P0201,1204
2025-10-01,P0201,1265
2025-11-01,P0201,1352
2025-12-01,P0201,1238
2024-01-01,P0202,500
2024-02-01,P0202,494
2024-03-01,P0202,564
2024-04-01,P0202,523
2024-05-01,P0202,489
2024-06-01,P0202,466
2024-07-01,P0202,445
2024-08-01,P0202,361
2024-09-01,P0202,298
2024-10-01,P0202,326
2024-11-01,P0202,340
2024-12-01,P0202,302
2025-01-01,P0202,330
2025-02-01,P0202,508
2025-03-01,P0202,414
2025-04-01,P0202,447
2025-05-01,P0202,458
2025-06-01,P0202,412
2025-07-01,P0202,359
2025-08-01,P0202,253
2025-09-01,P0202,243
2025-10-01,P0202,189
2025-11-01,P0202,277
2025-12-01,P0202,237
2024-01-01,P0203,1011
2024-02-01,P0203,1205
2024-03-01,P0203,1156
2024-04-01,P0203,1079
2024-05-01,P0203,1245
2024-06-01,P0203,1227
2024-07-01,P0203,1168
2024-08-01,P0203,1241
2024-09-01,P0203,999
2024-10-01,P0203,1125
2024-11-01,P0203,1103
2024-12-01,P0203,1034
2025-01-01,P0203,1302
2025-02-01,P0203,1278
2025-03-01,P0203,1450
2025-04-01,P0203,1328
2025-05-01,P0203,1154
2025-06-01,P0203,1489
2025-07-01,P0203,1300
2025-08-01,P0203,1272
2025-09-01,P0203,1192
2025-10-01,P0203,1211
2025-11-01,P0203,1248
2025-12-01,P0203,1175
2024-01-01,P0204,1282
2024-02-01,P0204,1325
2024-03-01,P0204,1327
2024-04-01,P0204,1248
2024-05-01,P0204,1221
2024-06-01,P0204,1260
2024-07-01,P0204,1286
2024-08-01,P0204,1228
2024-09-01,P0204,1164
2024-10-01,P0204,1071
2024-11-01,P0204,1248
2024-12-01,P0204,984
2025-01-01,P0204,1308
2025-02-01,P0204,1269
2025-03-01,P0204,1278
2025-04-01,P0204,1296
2025-05-01,P0204,1336
2025-06-01,P0204,1451
2025-07-01,P0204,1362
2025-08-01,P0204,1212
2025-09-01,P0204,1369
2025-10-01,P0204,1043
2025-11-01,P0204,1293
2025-12-01,P0204,1087
2024-01-01,P0205,530
2024-02-01,P0205,534
2024-03-01,P0205,475
2024-04-01,P0205,541
2024-05-01,P0205,477
2024-06-01,P0205,538
2024-07-01,P0205,504
2024-08-01,P0205,476
2024-09-01,P0205,328
2024-10-01,P0205,511
2024-11-01,P0205,458
2024-12-01,P0205,422
2025-01-01,P0205,475
2025-02-01,P0205,470
2025-03-01,P0205,493
2025-04-01,P0205,447
2025-05-01,P0205,511
2025-06-01,P0205,471
2025-07-01,P0205,460
2025-08-01,P0205,371
2025-09-01,P0205,457
2025-10-01,P0205,452
2025-11-01,P0205,424
2025-12-01,P0205,393
2024-01-01,P0206,1301
2024-02-01,P0206,1361
2024-03-01,P0206,1481
2024-04-01,P0206,1601
2024-05-01,P0206,1277
2024-06-01,P0206,1548
2024-07-01,P0206,1441
2024-08-01,P0206,1379
2024-09-01,P0206,1219
2024-10-01,P0206,1209
2024-11-01,P0206,1261
2024-12-01,P0206,1362
2025-01-01,P0206,1438
2025-02-01,P0206,1649
2025-03-01,P0206,1718
2025-04-01,P0206,1404
2025-05-01,P0206,1622
2025-06-01,P0206,1724
2025-07-01,P0206,1585
2025-08-01,P0206,1287
2025-09-01,P0206,1391
2025-10-01,P0206,1417
2025-11-01,P0206,1453
2025-12-01,P0206,1439
2024-01-01,P0207,965
2024-02-01,P0207,1101
2024-03-01,P0207,1032
2024-04-01,P0207,1159
2024-05-01,P0207,1047
2024-06-01,P0207,1226
2024-07-01,P0207,902
2024-08-01,P0207,1111
2024-09-01,P0207,961
2024-10-01,P0207,856
2024-11-01,P0207,810
2024-12-01,P0207,986
2025-01-01,P0207,975
2025-02-01,P0207,1086
2025-03-01,P0207,1424
2025-04-01,P0207,1134
2025-05-01,P0207,1147
2025-06-01,P0207,1124
2025-07-01,P0207,1024
2025-08-01,P0207,1090
2025-09-01,P0207,943
2025-10-01,P0207,984
2025-11-01,P0207,984
2025-12-01,P0207,1162
2024-01-01,P0208,503
2024-02-01,P0208,558
2024-03-01,P0208,605
2024-04-01,P0208,645
2024-05-01,P0208,625
2024-06-01,P0208,528
2024-07-01,P0208,487
2024-08-01,P0208,408
2024-09-01,P0208,431
2024-10-01,P0208,316
2024-11-01,P0208,385
2024-12-01,P0208,452
2025-01-01,P0208,554
2025-02-01,P0208,560
2025-03-01,P0208,589
2025-04-01,P0208,544
2025-05-01,P0208,479
2025-06-01,P0208,559
2025-07-01,P0208,485
2025-08-01,P0208,419
2025-09-01,P0208,394
2025-10-01,P0208,269
2025-11-01,P0208,365
2025-12-01,P0208,444
2024-01-01,P0209,837
2024-02-01,P0209,788
2024-03-01,P0209,876
2024-04-01,P0209,792
2024-05-01,P0209,792
2024-06-01,P0209,725
2024-07-01,P0209,938
2024-08-01,P0209,728
2024-09-01,P0209,689
2024-10-01,P0209,564
2024-11-01,P0209,607
2024-12-01,P0209,679
2025-01-01,P0209,821
2025-02-01,P0209,764
2025-03-01,P0209,871
2025-04-01,P0209,759
2025-05-01,P0209,880
2025-06-01,P0209,733
2025-07-01,P0209,757
2025-08-01,P0209,634
2025-09-01,P0209,507
2025-10-01,P0209,555
2025-11-01,P0209,552
2025-12-01,P0209,728
2024-01-01,P0210,687
2024-02-01,P0210,773
2024-03-01,P0210,805
2024-04-01,P0210,785
2024-05-01,P0210,835
2024-06-01,P0210,731
2024-07-01,P0210,687
2024-08-01,P0210,641
2024-09-01,P0210,617
2024-10-01,P0210,622
2024-11-01,P0210,668
2024-12-01,P0210,782
2025-01-01,P0210,667
2025-02-01,P0210,671
2025-03-01,P0210,762
2025-04-01,P0210,763
2025-05-01,P0210,753
2025-06-01,P0210,741
2025-07-01,P0210,711
2025-08-01,P0210,691
2025-09-01,P0210,619
2025-10-01,P0210,487
2025-11-01,P0210,546
2025-12-01,P0210,630
2024-01-01,P0211,859
2024-02-01,P0211,1053
2024-03-01,P0211,954
2024-04-01,P0211,963
2024-05-01,P0211,1014
2024-06-01,P0211,1021
2024-07-01,P0211,919
2024-08-01,P0211,902
2024-09-01,P0211,923
2024-10-01,P0211,857
2024-11-01,P0211,876
2024-12-01,P0211,1091
2025-01-01,P0211,996
2025-02-01,P0211,1157
2025-03-01,P0211,1221
2025-04-01,P0211,943
2025-05-01,P0211,1046
2025-06-01,P0211,1161
2025-07-01,P0211,1111
2025-08-01,P0211,963
2025-09-01,P0211,919
2025-10-01,P0211,939
2025-11-01,P0211,1026
2025-12-01,P0211,1050
2024-01-01,P0212,1147
2024-02-01,P0212,1371
2024-03-01,P0212,1411
2024-04-01,P0212,1288
2024-05-01,P0212,1321
2024-06-01,P0212,1307
2024-07-01,P0212,1113
2024-08-01,P0212,1053
2024-09-01,P0212,1077
2024-10-01,P0212,1061
2024-11-01,P0212,1043
2024-12-01,P0212,1134
2025-01-01,P0212,988
2025-02-01,P0212,1260
2025-03-01,P0212,1265
2025-04-01,P0212,1300
2025-05-01,P0212,1450
2025-06-01,P0212,1149
2025-07-01,P0212,1221
2025-08-01,P0212,888
2025-09-01,P0212,1133
2025-10-01,P0212,974
2025-11-01,P0212,944
2025-12-01,P0212,1181
2024-01-01,P0213,1332
2024-02-01,P0213,1329
2024-03-01,P0213,1465
2024-04-01,P0213,1412
2024-05-01,P0213,1590
2024-06-01,P0213,1491
2024-07-01,P0213,1241
2024-08-01,P0213,1325
2024-09-01,P0213,1107
2024-10-01,P0213,1294
2024-11-01,P0213,1193
2024-12-01,P0213,1260
2025-01-01,P0213,1334
2025-02-01,P0213,1207
2025-03-01,P0213,1421
2025-04-01,P0213,1410
2025-05-01,P0213,1287
2025-06-01,P0213,1468
2025-07-01,P0213,1243
2025-08-01,P0213,1122
2025-09-01,P0213,1175
2025-10-01,P0213,1215
2025-11-01,P0213,1174
2025-12-01,P0213,1226
2024-01-01,P0214,1429
2024-02-01,P0214,1386
2024-03-01,P0214,1525
2024-04-01,P0214,1644
2024-05-01,P0214,1637
2024-06-01,P0214,1375
2024-07-01,P0214,1463
2024-08-01,P0214,1522
2024-09-01,P0214,1117
2024-10-01,P0214,1144
2024-11-01,P0214,1313
2024-12-01,P0214,1209
2025-01-01,P0214,1257
2025-02-01,P0214,1511
2025-03-01,P0214,1564
2025-04-01,P0214,1652
2025-05-01,P0214,1416
2025-06-01,P0214,1331
2025-07-01,P0214,1208
2025-08-01,P0214,1081
2025-09-01,P0214,1116
2025-10-01,P0214,1187
2025-11-01,P0214,1020
2025-12-01,P0214,1160
2024-01-01,P0215,267
2024-02-01,P0215,350
2024-03-01,P0215,362
2024-04-01,P0215,378
2024-05-01,P0215,392
2024-06-01,P0215,364
2024-07-01,P0215,330
2024-08-01,P0215,290
2024-09-01,P0215,280
2024-10-01,P0215,271
2024-11-01,P0215,279
2024-12-01,P0215,314
2025-01-01,P0215,332
2025-02-01,P0215,356
2025-03-01,P0215,360
2025-04-01,P0215,363
2025-05-01,P0215,388
2025-06-01,P0215,380
2025-07-01,P0215,367
2025-08-01,P0215,343
2025-09-01,P0215,318
2025-10-01,P0215,343
2025-11-01,P0215,312
2025-12-01,P0215,353
2024-01-01,P0216,1081
2024-02-01,P0216,1056
2024-03-01,P0216,1108
2024-04-01,P0216,1216
2024-05-01,P0216,1232
2024-06-01,P0216,1036
2024-07-01,P0216,1124
2024-08-01,P0216,957
2024-09-01,P0216,948
2024-10-01,P0216,1035
2024-11-01,P0216,1011
2024-12-01,P0216,916
2025-01-01,P0216,1308
2025-02-01,P0216,1300
2025-03-01,P0216,1100
2025-04-01,P0216,1445
2025-05-01,P0216,1172
2025-06-01,P0216,1207
2025-07-01,P0216,1214
2025-08-01,P0216,1126
2025-09-01,P0216,1044
2025-10-01,P0216,1087
2025-11-01,P0216,1130
2025-12-01,P0216,1314
2024-01-01,P0217,266
2024-02-01,P0217,284
2024-03-01,P0217,324
2024-04-01,P0217,331
2024-05-01,P0217,296
2024-06-01,P0217,314
2024-07-01,P0217,310
2024-08-01,P0217,280
2024-09-01,P0217,284
2024-10-01,P0217,315
2024-11-01,P0217,330
2024-12-01,P0217,324
2025-01-01,P0217,346
2025-02-01,P0217,386
2025-03-01,P0217,417
2025-04-01,P0217,418
2025-05-01,P0217,459
2025-06-01,P0217,448
2025-07-01,P0217,468
2025-08-01,P0217,437
2025-09-01,P0217,413
2025-10-01,P0217,429
2025-11-01,P0217,426
2025-12-01,P0217,480
2024-01-01,P0218,239
2024-02-01,P0218,270
2024-03-01,P0218,273
2024-04-01,P0218,269
2024-05-01,P0218,287
2024-06-01,P0218,276
2024-07-01,P0218,281
2024-08-01,P0218,259
2024-09-01,P0218,314
2024-10-01,P0218,272
2024-11-01,P0218,280
2024-12-01,P0218,286
2025-01-01,P0218,359
2025-02-01,P0218,330
2025-03-01,P0218,374
2025-04-01,P0218,384
2025-05-01,P0218,356
2025-06-01,P0218,380
2025-07-01,P0218,386
2025-08-01,P0218,357
2025-09-01,P0218,357
2025-10-01,P0218,382
2025-11-01,P0218,380
2025-12-01,P0218,404
2024-01-01,P0219,1304
2024-02-01,P0219,1381
2024-03-01,P0219,1478
2024-04-01,P0219,1523
2024-05-01,P0219,1517
2024-06-01,P0219,1522
2024-07-01,P0219,1452
2024-08-01,P0219,1393
2024-09-01,P0219,1247
2024-10-01,P0219,1311
2024-11-01,P0219,1241
2024-12-01,P0219,1430
2025-01-01,P0219,1539
2025-02-01,P0219,1474
2025-03-01,P0219,1574
2025-04-01,P0219,1654
2025-05-01,P0219,1605
2025-06-01,P0219,1470
2025-07-01,P0219,1660
2025-08-01,P0219,1375
2025-09-01,P0219,1511
2025-10-01,P0219,1528
2025-11-01,P0219,1638
2025-12-01,P0219,1521
2024-01-01,P0220,471
2024-02-01,P0220,491
2024-03-01,P0220,514
2024-04-01,P0220,532
2024-05-01,P0220,550
2024-06-01,P0220,529
2024-07-01,P0220,512
2024-08-01,P0220,431
2024-09-01,P0220,437
2024-10-01,P0220,447
2024-11-01,P0220,449
2024-12-01,P0220,452
2025-01-01,P0220,503
2025-02-01,P0220,577
2025-03-01,P0220,558
2025-04-01,P0220,545
2025-05-01,P0220,540
2025-06-01,P0220,594
2025-07-01,P0220,481
2025-08-01,P0220,490
2025-09-01,P0220,484
2025-10-01,P0220,454
2025-11-01,P0220,393
2025-12-01,P0220,484
2024-01-01,P0221,1064
2024-02-01,P0221,1221
2024-03-01,P0221,1042
2024-04-01,P0221,1082
2024-05-01,P0221,965
2024-06-01,P0221,1043
2024-07-01,P0221,1159
2024-08-01,P0221,1143
2024-09-01,P0221,924
2024-10-01,P0221,920
2024-11-01,P0221,891
2024-12-01,P0221,922
2025-01-01,P0221,946
2025-02-01,P0221,1154
2025-03-01,P0221,1209
2025-04-01,P0221,1045
2025-05-01,P0221,1005
2025-06-01,P0221,977
2025-07-01,P0221,1023
2025-08-01,P0221,931
2025-09-01,P0221,892
2025-10-01,P0221,863
2025-11-01,P0221,978
2025-12-01,P0221,868
2024-01-01,P0222,973
2024-02-01,P0222,914
2024-03-01,P0222,888
2024-04-01,P0222,1008
2024-05-01,P0222,922
2024-06-01,P0222,1017
2024-07-01,P0222,953
2024-08-01,P0222,811
2024-09-01,P0222,769
2024-10-01,P0222,873
2024-11-01,P0222,800
2024-12-01,P0222,983
2025-01-01,P0222,844
2025-02-01,P0222,1052
2025-03-01,P0222,1137
2025-04-01,P0222,1075
2025-05-01,P0222,1053
2025-06-01,P0222,1173
2025-07-01,P0222,935
2025-08-01,P0222,1021
2025-09-01,P0222,819
2025-10-01,P0222,672
2025-11-01,P0222,721
2025-12-01,P0222,881
2024-01-01,P0223,635
2024-02-01,P0223,796
2024-03-01,P0223,750
2024-04-01,P0223,865
2024-05-01,P0223,859
2024-06-01,P0223,716
2024-07-01,P0223,620
2024-08-01,P0223,609
2024-09-01,P0223,559
2024-10-01,P0223,561
2024-11-01,P0223,583
2024-12-01,P0223,685
2025-01-01,P0223,776
2025-02-01,P0223,888
2025-03-01,P0223,917
2025-04-01,P0223,1009
2025-05-01,P0223,929
2025-06-01,P0223,828
2025-07-01,P0223,872
2025-08-01,P0223,768
2025-09-01,P0223,721
2025-10-01,P0223,664
2025-11-01,P0223,698
2025-12-01,P0223,846
2024-01-01,P0224,1067
2024-02-01,P0224,905
2024-03-01,P0224,1161
2024-04-01,P0224,1193
2024-05-01,P0224,1137
2024-06-01,P0224,1197
2024-07-01,P0224,930
2024-08-01,P0224,1029
2024-09-01,P0224,895
2024-10-01,P0224,972
2024-11-01,P0224,974
2024-12-01,P0224,922
2025-01-01,P0224,993
2025-02-01,P0224,1274
2025-03-01,P0224,1281
2025-04-01,P0224,1347
2025-05-01,P0224,1256
2025-06-01,P0224,1271
2025-07-01,P0224,1008
2025-08-01,P0224,1007
2025-09-01,P0224,937
2025-10-01,P0224,941
2025-11-01,P0224,925
2025-12-01,P0224,1088
2024-01-01,P0225,647
2024-02-01,P0225,662
2024-03-01,P0225,743
2024-04-01,P0225,589
2024-05-01,P0225,710
2024-06-01,P0225,634
2024-07-01,P0225,576
2024-08-01,P0225,611
2024-09-01,P0225,472
2024-10-01,P0225,480
2024-11-01,P0225,473
2024-12-01,P0225,505
2025-01-01,P0225,614
2025-02-01,P0225,605
2025-03-01,P0225,526
2025-04-01,P0225,652
2025-05-01,P0225,587
2025-06-01,P0225,567
2025-07-01,P0225,601
2025-08-01,P0225,477
2025-09-01,P0225,410
2025-10-01,P0225,437
2025-11-01,P0225,408
2025-12-01,P0225,483
2024-01-01,P0226,674
2024-02-01,P0226,810
2024-03-01,P0226,895
2024-04-01,P0226,758
2024-05-01,P0226,895
2024-06-01,P0226,760
2024-07-01,P0226,713
2024-08-01,P0226,729
2024-09-01,P0226,644
2024-10-01,P0226,696
2024-11-01,P0226,562
2024-12-01,P0226,648
2025-01-01,P0226,680
2025-02-01,P0226,794
2025-03-01,P0226,787
2025-04-01,P0226,763
2025-05-01,P0226,824
2025-06-01,P0226,668
2025-07-01,P0226,780
2025-08-01,P0226,649
2025-09-01,P0226,619
2025-10-01,P0226,587
2025-11-01,P0226,553
2025-12-01,P0226,704
2024-01-01,P0227,1229
2024-02-01,P0227,1398
2024-03-01,P0227,1294
2024-04-01,P0227,1573
2024-05-01,P0227,1520
2024-06-01,P0227,1381
2024-07-01,P0227,1477
2024-08-01,P0227,1121
2024-09-01,P0227,997
2024-10-01,P0227,1165
2024-11-01,P0227,1000
2024-12-01,P0227,1061
2025-01-01,P0227,1300
2025-02-01,P0227,1479
2025-03-01,P0227,1709
2025-04-01,P0227,1733
2025-05-01,P0227,1437
2025-06-01,P0227,1511
2025-07-01,P0227,1351
2025-08-01,P0227,1262
2025-09-01,P0227,1133
2025-10-01,P0227,1224
2025-11-01,P0227,1078
2025-12-01,P0227,1419
2024-01-01,P0228,1242
2024-02-01,P0228,1365
2024-03-01,P0228,1532
2024-04-01,P0228,1728
2024-05-01,P0228,1550
2024-06-01,P0228,1643
2024-07-01,P0228,1234
2024-08-01,P0228,1202
2024-09-01,P0228,1108
2024-10-01,P0228,998
2024-11-01,P0228,1030
2024-12-01,P0228,1277
2025-01-01,P0228,1518
2025-02-01,P0228,1486
2025-03-01,P0228,1601
2025-04-01,P0228,1718
2025-05-01,P0228,1611
2025-06-01,P0228,1714
2025-07-01,P0228,1299
2025-08-01,P0228,1245
2025-09-01,P0228,1114
2025-10-01,P0228,1290
2025-11-01,P0228,1159
2025-12-01,P0228,1381
2024-01-01,P0229,1230
2024-02-01,P0229,1334
2024-03-01,P0229,1515
2024-04-01,P0229,1518
2024-05-01,P0229,1483
2024-06-01,P0229,1554
2024-07-01,P0229,1334
2024-08-01,P0229,1324
2024-09-01,P0229,1210
2024-10-01,P0229,1016
2024-11-01,P0229,1279
2024-12-01,P0229,1299
2025-01-01,P0229,1618
2025-02-01,P0229,1533
2025-03-01,P0229,1664
2025-04-01,P0229,1840
2025-05-01,P0229,1586
2025-06-01,P0229,1645
2025-07-01,P0229,1162
2025-08-01,P0229,1394
2025-09-01,P0229,1155
2025-10-01,P0229,1191
2025-11-01,P0229,1555
2025-12-01,P0229,1457
2024-01-01,P0230,553
2024-02-01,P0230,571
2024-03-01,P0230,610
2024-04-01,P0230,507
2024-05-01,P0230,524
2024-06-01,P0230,570
2024-07-01,P0230,582
2024-08-01,P0230,507
2024-09-01,P0230,500
2024-10-01,P0230,460
2024-11-01,P0230,489
2024-12-01,P0230,487
2025-01-01,P0230,510
2025-02-01,P0230,566
2025-03-01,P0230,577
2025-04-01,P0230,578
2025-05-01,P0230,514
2025-06-01,P0230,577
2025-07-01,P0230,478
2025-08-01,P0230,574
2025-09-01,P0230,496
2025-10-01,P0230,506
2025-11-01,P0230,597
2025-12-01,P0230,605
2024-01-01,P0231,718
2024-02-01,P0231,743
2024-03-01,P0231,673
2024-04-01,P0231,630
2024-05-01,P0231,571
2024-06-01,P0231,604
2024-07-01,P0231,589
2024-08-01,P0231,522
2024-09-01,P0231,555
2024-10-01,P0231,510
2024-11-01,P0231,495
2024-12-01,P0231,574
2025-01-01,P0231,629
2025-02-01,P0231,670
2025-03-01,P0231,609
2025-04-01,P0231,584
2025-05-01,P0231,546
2025-06-01,P0231,443
2025-07-01,P0231,555
2025-08-01,P0231,455
2025-09-01,P0231,474
2025-10-01,P0231,455
2025-11-01,P0231,493
2025-12-01,P0231,392
2024-01-01,P0232,885
2024-02-01,P0232,927
2024-03-01,P0232,1015
2024-04-01,P0232,1046
2024-05-01,P0232,1158
2024-06-01,P0232,1047
2024-07-01,P0232,1087
2024-08-01,P0232,862
2024-09-01,P0232,690
2024-10-01,P0232,656
2024-11-01,P0232,808
2024-12-01,P0232,817
2025-01-01,P0232,921
2025-02-01,P0232,1061
2025-03-01,P0232,969
2025-04-01,P0232,1073
2025-05-01,P0232,1137
2025-06-01,P0232,1085
2025-07-01,P0232,1061
2025-08-01,P0232,905
2025-09-01,P0232,769
2025-10-01,P0232,765
2025-11-01,P0232,876
2025-12-01,P0232,935
2024-01-01,P0233,647
2024-02-01,P0233,696
2024-03-01,P0233,677
2024-04-01,P0233,756
2024-05-01,P0233,710
2024-06-01,P0233,760
2024-07-01,P0233,636
2024-08-01,P0233,706
2024-09-01,P0233,674
2024-10-01,P0233,697
2024-11-01,P0233,662
2024-12-01,P0233,640
2025-01-01,P0233,700
2025-02-01,P0233,909
2025-03-01,P0233,842
2025-04-01,P0233,864
2025-05-01,P0233,795
2025-06-01,P0233,858
2025-07-01,P0233,763
2025-08-01,P0233,751
2025-09-01,P0233,683
2025-10-01,P0233,711
2025-11-01,P0233,783
2025-12-01,P0233,816
2024-01-01,P0234,935
2024-02-01,P0234,1144
2024-03-01,P0234,1172
2024-04-01,P0234,1216
2024-05-01,P0234,1359
2024-06-01,P0234,1083
2024-07-01,P0234,1073
2024-08-01,P0234,834
2024-09-01,P0234,734
2024-10-01,P0234,809
2024-11-01,P0234,732
2024-12-01,P0234,964
2025-01-01,P0234,1179
2025-02-01,P0234,1209
2025-03-01,P0234,1365
2025-04-01,P0234,1283
2025-05-01,P0234,1243
2025-06-01,P0234,1085
2025-07-01,P0234,1166
2025-08-01,P0234,996
2025-09-01,P0234,998
2025-10-01,P0234,766
2025-11-01,P0234,828
2025-12-01,P0234,921
2024-01-01,P0235,342
2024-02-01,P0235,341
2024-03-01,P0235,319
2024-04-01,P0235,335
2024-05-01,P0235,280
2024-06-01,P0235,271
2024-07-01,P0235,309
2024-08-01,P0235,259
2024-09-01,P0235,281
2024-10-01,P0235,244
2024-11-01,P0235,232
2024-12-01,P0235,215
2025-01-01,P0235,254
2025-02-01,P0235,239
2025-03-01,P0235,255
2025-04-01,P0235,248
2025-05-01,P0235,271
2025-06-01,P0235,243
2025-07-01,P0235,196
2025-08-01,P0235,176
2025-09-01,P0235,142
2025-10-01,P0235,133
2025-11-01,P0235,134
2025-12-01,P0235,118
2024-01-01,P0236,931
2024-02-01,P0236,1043
2024-03-01,P0236,1104
2024-04-01,P0236,1305
2024-05-01,P0236,1119
2024-06-01,P0236,978
2024-07-01,P0236,851
2024-08-01,P0236,786
2024-09-01,P0236,705
2024-10-01,P0236,698
2024-11-01,P0236,830
2024-12-01,P0236,817
2025-01-01,P0236,851
2025-02-01,P0236,1144
2025-03-01,P0236,1032
2025-04-01,P0236,1043
2025-05-01,P0236,970
2025-06-01,P0236,936
2025-07-01,P0236,816
2025-08-01,P0236,783
2025-09-01,P0236,598
2025-10-01,P0236,647
2025-11-01,P0236,603
2025-12-01,P0236,632
2024-01-01,P0237,1396
2024-02-01,P0237,1639
2024-03-01,P0237,1571
2024-04-01,P0237,1591
2024-05-01,P0237,1616
2024-06-01,P0237,1314
2024-07-01,P0237,1457
2024-08-01,P0237,1504
2024-09-01,P0237,1166
2024-10-01,P0237,1561
2024-11-01,P0237,1326
2024-12-01,P0237,1225
2025-01-01,P0237,1371
2025-02-01,P0237,1502
2025-03-01,P0237,1402
2025-04-01,P0237,1652
2025-05-01,P0237,1709
2025-06-01,P0237,1565
2025-07-01,P0237,1489
2025-08-01,P0237,1105
2025-09-01,P0237,1328
2025-10-01,P0237,1208
2025-11-01,P0237,1473
2025-12-01,P0237,1445
2024-01-01,P0238,880
2024-02-01,P0238,966
2024-03-01,P0238,926
2024-04-01,P0238,1177
2024-05-01,P0238,1052
2024-06-01,P0238,1157
2024-07-01,P0238,892
2024-08-01,P0238,823
2024-09-01,P0238,701
2024-10-01,P0238,737
2024-11-01,P0238,869
2024-12-01,P0238,887
2025-01-01,P0238,1064
2025-02-01,P0238,1089
2025-03-01,P0238,1139
2025-04-01,P0238,1220
2025-05-01,P0238,1182
2025-06-01,P0238,1097
2025-07-01,P0238,928
2025-08-01,P0238,971
2025-09-01,P0238,906
2025-10-01,P0238,750
2025-11-01,P0238,839
2025-12-01,P0238,856
2024-01-01,P0239,1284
2024-02-01,P0239,1332
2024-03-01,P0239,1537
2024-04-01,P0239,1259
2024-05-01,P0239,1429
2024-06-01,P0239,1361
2024-07-01,P0239,1370
2024-08-01,P0239,1231
2024-09-01,P0239,1227
2024-10-01,P0239,1382
2024-11-01,P0239,1333
2024-12-01,P0239,1182
2025-01-01,P0239,1317
2025-02-01,P0239,1359
2025-03-01,P0239,1405
2025-04-01,P0239,1283
2025-05-01,P0239,1244
2025-06-01,P0239,1512
2025-07-01,P0239,1109
2025-08-01,P0239,1094
2025-09-01,P0239,1107
2025-10-01,P0239,1167
2025-11-01,P0239,1341
2025-12-01,P0239,1258
2024-01-01,P0240,886
2024-02-01,P0240,1056
2024-03-01,P0240,1206
2024-04-01,P0240,1195
2024-05-01,P0240,1142
2024-06-01,P0240,1209
2024-07-01,P0240,1122
2024-08-01,P0240,1029
2024-09-01,P0240,801
2024-10-01,P0240,637
2024-11-01,P0240,868
2024-12-01,P0240,866
2025-01-01,P0240,1144
2025-02-01,P0240,1259
2025-03-01,P0240,1278
2025-04-01,P0240,1431
2025-05-01,P0240,1274
2025-06-01,P0240,1256
2025-07-01,P0240,1209
2025-08-01,P0240,1000
2025-09-01,P0240,838
2025-10-01,P0240,934
2025-11-01,P0240,1067
2025-12-01,P0240,989
2024-01-01,P0241,237
2024-02-01,P0241,240
2024-03-01,P0241,255
2024-04-01,P0241,310
2024-05-01,P0241,338
2024-06-01,P0241,299
2024-07-01,P0241,282
2024-08-01,P0241,260
2024-09-01,P0241,292
2024-10-01,P0241,258
2024-11-01,P0241,262
2024-12-01,P0241,277
2025-01-01,P0241,320
2025-02-01,P0241,317
2025-03-01,P0241,351
2025-04-01,P0241,345
2025-05-01,P0241,326
2025-06-01,P0241,350
2025-07-01,P0241,332
2025-08-01,P0241,281
2025-09-01,P0241,313
2025-10-01,P0241,325
2025-11-01,P0241,339
2025-12-01,P0241,364
2024-01-01,P0242,795
2024-02-01,P0242,821
2024-03-01,P0242,897
2024-04-01,P0242,924
2024-05-01,P0242,1012
2024-06-01,P0242,897
2024-07-01,P0242,879
2024-08-01,P0242,816
2024-09-01,P0242,808
2024-10-01,P0242,686
2024-11-01,P0242,685
2024-12-01,P0242,781
2025-01-01,P0242,828
2025-02-01,P0242,1137
2025-03-01,P0242,938
2025-04-01,P0242,1076
2025-05-01,P0242,1084
2025-06-01,P0242,1101
2025-07-01,P0242,942
2025-08-01,P0242,859
2025-09-01,P0242,740
2025-10-01,P0242,781
2025-11-01,P0242,921
2025-12-01,P0242,796
2024-01-01,P0243,778
2024-02-01,P0243,886
2024-03-01,P0243,890
2024-04-01,P0243,1009
2024-05-01,P0243,936
2024-06-01,P0243,802
2024-07-01,P0243,836
2024-08-01,P0243,697
2024-09-01,P0243,678
2024-10-01,P0243,596
2024-11-01,P0243,644
2024-12-01,P0243,665
2025-01-01,P0243,708
2025-02-01,P0243,825
2025-03-01,P0243,874
2025-04-01,P0243,853
2025-05-01,P0243,863
2025-06-01,P0243,730
2025-07-01,P0243,797
2025-08-01,P0243,682
2025-09-01,P0243,665
2025-10-01,P0243,631
2025-11-01,P0243,678
2025-12-01,P0243,647
2024-01-01,P0244,1407
2024-02-01,P0244,1417
2024-03-01,P0244,1585
2024-04-01,P0244,1662
2024-05-01,P0244,1561
2024-06-01,P0244,1351
2024-07-01,P0244,1341
2024-08-01,P0244,1084
2024-09-01,P0244,818
2024-10-01,P0244,810
2024-11-01,P0244,1209
2024-12-01,P0244,1097
2025-01-01,P0244,1359
2025-02-01,P0244,1499
2025-03-01,P0244,1498
2025-04-01,P0244,1674
2025-05-01,P0244,1546
2025-06-01,P0244,1498
2025-07-01,P0244,1379
2025-08-01,P0244,1052
2025-09-01,P0244,1008
2025-10-01,P0244,1088
2025-11-01,P0244,1043
2025-12-01,P0244,1088
2024-01-01,P0245,816
2024-02-01,P0245,1101
2024-03-01,P0245,910
2024-04-01,P0245,942
2024-05-01,P0245,937
2024-06-01,P0245,951
2024-07-01,P0245,919
2024-08-01,P0245,798
2024-09-01,P0245,771
2024-10-01,P0245,649
2024-11-01,P0245,609
2024-12-01,P0245,676
2025-01-01,P0245,968
2025-02-01,P0245,883
2025-03-01,P0245,1095
2025-04-01,P0245,1043
2025-05-01,P0245,1071
2025-06-01,P0245,897
2025-07-01,P0245,726
2025-08-01,P0245,725
2025-09-01,P0245,747
2025-10-01,P0245,623
2025-11-01,P0245,572
2025-12-01,P0245,730
2024-01-01,P0246,693
2024-02-01,P0246,710
2024-03-01,P0246,768
2024-04-01,P0246,843
2024-05-01,P0246,799
2024-06-01,P0246,727
2024-07-01,P0246,697
2024-08-01,P0246,604
2024-09-01,P0246,781
2024-10-01,P0246,655
2024-11-01,P0246,727
2024-12-01,P0246,638
2025-01-01,P0246,743
2025-02-01,P0246,792
2025-03-01,P0246,753
2025-04-01,P0246,813
2025-05-01,P0246,773
2025-06-01,P0246,712
2025-07-01,P0246,648
2025-08-01,P0246,618
2025-09-01,P0246,606
2025-10-01,P0246,680
2025-11-01,P0246,654
2025-12-01,P0246,592
2024-01-01,P0247,1062
2024-02-01,P0247,1004
2024-03-01,P0247,1116
2024-04-01,P0247,1125
2024-05-01,P0247,1187
2024-06-01,P0247,1109
2024-07-01,P0247,1040
2024-08-01,P0247,951
2024-09-01,P0247,977
2024-10-01,P0247,885
2024-11-01,P0247,864
2024-12-01,P0247,964
2025-01-01,P0247,1124
2025-02-01,P0247,1216
2025-03-01,P0247,1138
2025-04-01,P0247,1295
2025-05-01,P0247,1285
2025-06-01,P0247,1136
2025-07-01,P0247,1140
2025-08-01,P0247,1019
2025-09-01,P0247,922
2025-10-01,P0247,974
2025-11-01,P0247,1110
2025-12-01,P0247,945
2024-01-01,P0248,539
2024-02-01,P0248,470
2024-03-01,P0248,549
2024-04-01,P0248,529
2024-05-01,P0248,482
2024-06-01,P0248,449
2024-07-01,P0248,399
2024-08-01,P0248,486
2024-09-01,P0248,438
2024-10-01,P0248,449
2024-11-01,P0248,338
2024-12-01,P0248,408
2025-01-01,P0248,387
2025-02-01,P0248,419
2025-03-01,P0248,454
2025-04-01,P0248,496
2025-05-01,P0248,443
2025-06-01,P0248,427
2025-07-01,P0248,419
2025-08-01,P0248,395
2025-09-01,P0248,322
2025-10-01,P0248,354
2025-11-01,P0248,350
2025-12-01,P0248,319
2024-01-01,P0249,1384
2024-02-01,P0249,1559
2024-03-01,P0249,1663
2024-04-01,P0249,1989
2024-05-01,P0249,1682
2024-06-01,P0249,1681
2024-07-01,P0249,1353
2024-08-01,P0249,1476
2024-09-01,P0249,1432
2024-10-01,P0249,1357
2024-11-01,P0249,1467
2024-12-01,P0249,1400
2025-01-01,P0249,1516
2025-02-01,P0249,1773
2025-03-01,P0249,1847
2025-04-01,P0249,1766
2025-05-01,P0249,1468
2025-06-01,P0249,1677
2025-07-01,P0249,1589
2025-08-01,P0249,1411
2025-09-01,P0249,1619
2025-10-01,P0249,1616
2025-11-01,P0249,1412
2025-12-01,P0249,1699
2024-01-01,P0250,1316
2024-02-01,P0250,1423
2024-03-01,P0250,1337
2024-04-01,P0250,1550
2024-05-01,P0250,1507
2024-06-01,P0250,1501
2024-07-01,P0250,1270
2024-08-01,P0250,1428
2024-09-01,P0250,1200
2024-10-01,P0250,1092
2024-11-01,P0250,1142
2024-12-01,P0250,1240
2025-01-01,P0250,1468
2025-02-01,P0250,1630
2025-03-01,P0250,1532
2025-04-01,P0250,1490
2025-05-01,P0250,1682
2025-06-01,P0250,1585
2025-07-01,P0250,1473
2025-08-01,P0250,1339
2025-09-01,P0250,1382
2025-10-01,P0250,1189
2025-11-01,P0250,1139
2025-12-01,P0250,1375
2024-01-01,P0251,1102
2024-02-01,P0251,1242
2024-03-01,P0251,1333
2024-04-01,P0251,1419
2024-05-01,P0251,1322
2024-06-01,P0251,1299
2024-07-01,P0251,1222
2024-08-01,P0251,1246
2024-09-01,P0251,934
2024-10-01,P0251,1015
2024-11-01,P0251,1000
2024-12-01,P0251,971
2025-01-01,P0251,1179
2025-02-01,P0251,1251
2025-03-01,P0251,1397
2025-04-01,P0251,1343
2025-05-01,P0251,1086
2025-06-01,P0251,1252
2025-07-01,P0251,1203
2025-08-01,P0251,1184
2025-09-01,P0251,847
2025-10-01,P0251,786
2025-11-01,P0251,845
2025-12-01,P0251,1002
2024-01-01,P0252,135
2024-02-01,P0252,157
2024-03-01,P0252,153
2024-04-01,P0252,163
2024-05-01,P0252,159
2024-06-01,P0252,156
2024-07-01,P0252,136
2024-08-01,P0252,119
2024-09-01,P0252,105
2024-10-01,P0252,106
2024-11-01,P0252,89
2024-12-01,P0252,116
2025-01-01,P0252,91
2025-02-01,P0252,111
2025-03-01,P0252,137
2025-04-01,P0252,128
2025-05-01,P0252,140
2025-06-01,P0252,146
2025-07-01,P0252,99
2025-08-01,P0252,78
2025-09-01,P0252,81
2025-10-01,P0252,66
2025-11-01,P0252,45
2025-12-01,P0252,71
2024-01-01,P0253,965
2024-02-01,P0253,1037
2024-03-01,P0253,1083
2024-04-01,P0253,1038
2024-05-01,P0253,1029
2024-06-01,P0253,899
2024-07-01,P0253,1063
2024-08-01,P0253,913
2024-09-01,P0253,865
2024-10-01,P0253,926
2024-11-01,P0253,984
2024-12-01,P0253,781
2025-01-01,P0253,825
2025-02-01,P0253,945
2025-03-01,P0253,1074
2025-04-01,P0253,1013
2025-05-01,P0253,928
2025-06-01,P0253,902
2025-07-01,P0253,1009
2025-08-01,P0253,817
2025-09-01,P0253,809
2025-10-01,P0253,807
2025-11-01,P0253,808
2025-12-01,P0253,853
2024-01-01,P0254,325
2024-02-01,P0254,440
2024-03-01,P0254,462
2024-04-01,P0254,409
2024-05-01,P0254,458
2024-06-01,P0254,397
2024-07-01,P0254,418
2024-08-01,P0254,337
2024-09-01,P0254,374
2024-10-01,P0254,313
2024-11-01,P0254,339
2024-12-01,P0254,355
2025-01-01,P0254,352
2025-02-01,P0254,391
2025-03-01,P0254,372
2025-04-01,P0254,403
2025-05-01,P0254,414
2025-06-01,P0254,379
2025-07-01,P0254,350
2025-08-01,P0254,354
2025-09-01,P0254,326
2025-10-01,P0254,332
2025-11-01,P0254,298
2025-12-01,P0254,368
2024-01-01,P0255,792
2024-02-01,P0255,872
2024-03-01,P0255,840
2024-04-01,P0255,1022
2024-05-01,P0255,1016
2024-06-01,P0255,777
2024-07-01,P0255,920
2024-08-01,P0255,848
2024-09-01,P0255,712
2024-10-01,P0255,681
2024-11-01,P0255,708
2024-12-01,P0255,722
2025-01-01,P0255,853
2025-02-01,P0255,900
2025-03-01,P0255,964
2025-04-01,P0255,1044
2025-05-01,P0255,910
2025-06-01,P0255,894
2025-07-01,P0255,932
2025-08-01,P0255,841
2025-09-01,P0255,777
2025-10-01,P0255,696
2025-11-01,P0255,850
2025-12-01,P0255,817
2024-01-01,P0256,628
2024-02-01,P0256,801
2024-03-01,P0256,772
2024-04-01,P0256,906
2024-05-01,P0256,886
2024-06-01,P0256,819
2024-07-01,P0256,690
2024-08-01,P0256,602
2024-09-01,P0256,733
2024-10-01,P0256,590
2024-11-01,P0256,543
2024-12-01,P0256,634
2025-01-01,P0256,641
2025-02-01,P0256,818
2025-03-01,P0256,810
2025-04-01,P0256,907
2025-05-01,P0256,768
2025-06-01,P0256,797
2025-07-01,P0256,702
2025-08-01,P0256,658
2025-09-01,P0256,546
2025-10-01,P0256,586
2025-11-01,P0256,580
2025-12-01,P0256,749
2024-01-01,P0257,412
2024-02-01,P0257,453
2024-03-01,P0257,553
2024-04-01,P0257,567
2024-05-01,P0257,545
2024-06-01,P0257,540
2024-07-01,P0257,540
2024-08-01,P0257,434
2024-09-01,P0257,384
2024-10-01,P0257,426
2024-11-01,P0257,388
2024-12-01,P0257,479
2025-01-01,P0257,556
2025-02-01,P0257,495
2025-03-01,P0257,613
2025-04-01,P0257,629
2025-05-01,P0257,573
2025-06-01,P0257,602
2025-07-01,P0257,616
2025-08-01,P0257,577
2025-09-01,P0257,485
2025-10-01,P0257,487
2025-11-01,P0257,532
2025-12-01,P0257,584
2024-01-01,P0258,93
2024-02-01,P0258,117
2024-03-01,P0258,131
2024-04-01,P0258,120
2024-05-01,P0258,101
2024-06-01,P0258,115
2024-07-01,P0258,103
2024-08-01,P0258,117
2024-09-01,P0258,115
2024-10-01,P0258,115
2024-11-01,P0258,103
2024-12-01,P0258,122
2025-01-01,P0258,142
2025-02-01,P0258,133
2025-03-01,P0258,142
2025-04-01,P0258,160
2025-05-01,P0258,145
2025-06-01,P0258,153
2025-07-01,P0258,154
2025-08-01,P0258,118
2025-09-01,P0258,144
2025-10-01,P0258,140
2025-11-01,P0258,141
2025-12-01,P0258,148
2024-01-01,P0259,1156
2024-02-01,P0259,1203
2024-03-01,P0259,1175
2024-04-01,P0259,1144
2024-05-01,P0259,1305
2024-06-01,P0259,1247
2024-07-01,P0259,1140
2024-08-01,P0259,894
2024-09-01,P0259,957
2024-10-01,P0259,893
2024-11-01,P0259,786
2024-12-01,P0259,982
2025-01-01,P0259,1030
2025-02-01,P0259,1192
2025-03-01,P0259,1372
2025-04-01,P0259,1275
2025-05-01,P0259,1394
2025-06-01,P0259,1167
2025-07-01,P0259,1103
2025-08-01,P0259,897
2025-09-01,P0259,950
2025-10-01,P0259,864
2025-11-01,P0259,844
2025-12-01,P0259,928
2024-01-01,P0260,1373
2024-02-01,P0260,1480
2024-03-01,P0260,1591
2024-04-01,P0260,1598
2024-05-01,P0260,1500
2024-06-01,P0260,1520
2024-07-01,P0260,1377
2024-08-01,P0260,1114
2024-09-01,P0260,1073
2024-10-01,P0260,1345
2024-11-01,P0260,1158
2024-12-01,P0260,1097
2025-01-01,P0260,1382
2025-02-01,P0260,1565
2025-03-01,P0260,1708
2025-04-01,P0260,1552
2025-05-01,P0260,1641
2025-06-01,P0260,1456
2025-07-01,P0260,1358
2025-08-01,P0260,1344
2025-09-01,P0260,874
2025-10-01,P0260,857
2025-11-01,P0260,996
2025-12-01,P0260,1257
2024-01-01,P0261,1050
2024-02-01,P0261,1051
2024-03-01,P0261,1174
2024-04-01,P0261,1260
2024-05-01,P0261,1212
2024-06-01,P0261,1089
2024-07-01,P0261,958
2024-08-01,P0261,913
2024-09-01,P0261,762
2024-10-01,P0261,701
2024-11-01,P0261,669
2024-12-01,P0261,849
2025-01-01,P0261,955
2025-02-01,P0261,1096
2025-03-01,P0261,1285
2025-04-01,P0261,1060
2025-05-01,P0261,1265
2025-06-01,P0261,1132
2025-07-01,P0261,957
2025-08-01,P0261,636
2025-09-01,P0261,959
2025-10-01,P0261,692
2025-11-01,P0261,671
2025-12-01,P0261,643
2024-01-01,P0262,525
2024-02-01,P0262,547
2024-03-01,P0262,629
2024-04-01,P0262,572
2024-05-01,P0262,634
2024-06-01,P0262,538
2024-07-01,P0262,601
2024-08-01,P0262,589
2024-09-01,P0262,567
2024-10-01,P0262,515
2024-11-01,P0262,553
2024-12-01,P0262,596
2025-01-01,P0262,635
2025-02-01,P0262,698
2025-03-01,P0262,633
2025-04-01,P0262,728
2025-05-01,P0262,735
2025-06-01,P0262,743
2025-07-01,P0262,704
2025-08-01,P0262,744
2025-09-01,P0262,636
2025-10-01,P0262,775
2025-11-01,P0262,704
2025-12-01,P0262,728
2024-01-01,P0263,1096
2024-02-01,P0263,1183
2024-03-01,P0263,1338
2024-04-01,P0263,1258
2024-05-01,P0263,1036
2024-06-01,P0263,1150
2024-07-01,P0263,1043
2024-08-01,P0263,1111
2024-09-01,P0263,995
2024-10-01,P0263,1115
2024-11-01,P0263,983
2024-12-01,P0263,1050
2025-01-01,P0263,1073
2025-02-01,P0263,1185
2025-03-01,P0263,1116
2025-04-01,P0263,1306
2025-05-01,P0263,1163
2025-06-01,P0263,1143
2025-07-01,P0263,1127
2025-08-01,P0263,994
2025-09-01,P0263,890
2025-10-01,P0263,1013
2025-11-01,P0263,1234
2025-12-01,P0263,1091
2024-01-01,P0264,431
2024-02-01,P0264,412
2024-03-01,P0264,343
2024-04-01,P0264,372
2024-05-01,P0264,380
2024-06-01,P0264,354
2024-07-01,P0264,358
2024-08-01,P0264,351
2024-09-01,P0264,337
2024-10-01,P0264,311
2024-11-01,P0264,331
2024-12-01,P0264,246
2025-01-01,P0264,338
2025-02-01,P0264,302
2025-03-01,P0264,349
2025-04-01,P0264,358
2025-05-01,P0264,323
2025-06-01,P0264,308
2025-07-01,P0264,297
2025-08-01,P0264,234
2025-09-01,P0264,232
2025-10-01,P0264,248
2025-11-01,P0264,271
2025-12-01,P0264,244
2024-01-01,P0265,1375
2024-02-01,P0265,1689
2024-03-01,P0265,1441
2024-04-01,P0265,1569
2024-05-01,P0265,1576
2024-06-01,P0265,1553
2024-07-01,P0265,1240
2024-08-01,P0265,1117
2024-09-01,P0265,971
2024-10-01,P0265,919
2024-11-01,P0265,1000
2024-12-01,P0265,1164
2025-01-01,P0265,1230
2025-02-01,P0265,1331
2025-03-01,P0265,1389
2025-04-01,P0265,1463
2025-05-01,P0265,1752
2025-06-01,P0265,1473
2025-07-01,P0265,1180
2025-08-01,P0265,1158
2025-09-01,P0265,850
2025-10-01,P0265,907
2025-11-01,P0265,946
2025-12-01,P0265,1207
2024-01-01,P0266,1118
2024-02-01,P0266,1411
2024-03-01,P0266,1362
2024-04-01,P0266,1461
2024-05-01,P0266,1519
2024-06-01,P0266,1444
2024-07-01,P0266,1357
2024-08-01,P0266,1077
2024-09-01,P0266,942
2024-10-01,P0266,1061
2024-11-01,P0266,782
2024-12-01,P0266,988
2025-01-01,P0266,1210
2025-02-01,P0266,1465
2025-03-01,P0266,1586
2025-04-01,P0266,1370
2025-05-01,P0266,1628
2025-06-01,P0266,1229
2025-07-01,P0266,1334
2025-08-01,P0266,1091
2025-09-01,P0266,963
2025-10-01,P0266,1177
2025-11-01,P0266,1146
2025-12-01,P0266,1275
2024-01-01,P0267,274
2024-02-01,P0267,320
2024-03-01,P0267,386
2024-04-01,P0267,409
2024-05-01,P0267,367
2024-06-01,P0267,347
2024-07-01,P0267,384
2024-08-01,P0267,314
2024-09-01,P0267,326
2024-10-01,P0267,329
2024-11-01,P0267,332
2024-12-01,P0267,351
2025-01-01,P0267,401
2025-02-01,P0267,429
2025-03-01,P0267,501
2025-04-01,P0267,498
2025-05-01,P0267,523
2025-06-01,P0267,493
2025-07-01,P0267,553
2025-08-01,P0267,427
2025-09-01,P0267,443
2025-10-01,P0267,444
2025-11-01,P0267,475
2025-12-01,P0267,479
2024-01-01,P0268,1510
2024-02-01,P0268,1616
2024-03-01,P0268,1288
2024-04-01,P0268,1318
2024-05-01,P0268,1263
2024-06-01,P0268,1350
2024-07-01,P0268,1265
2024-08-01,P0268,1351
2024-09-01,P0268,1280
2024-10-01,P0268,1411
2024-11-01,P0268,1518
2024-12-01,P0268,1356
2025-01-01,P0268,1622
2025-02-01,P0268,1450
2025-03-01,P0268,1357
2025-04-01,P0268,1625
2025-05-01,P0268,1653
2025-06-01,P0268,1506
2025-07-01,P0268,1585
2025-08-01,P0268,1465
2025-09-01,P0268,1530
2025-10-01,P0268,1360
2025-11-01,P0268,1293
2025-12-01,P0268,1437
2024-01-01,P0269,557
2024-02-01,P0269,610
2024-03-01,P0269,592
2024-04-01,P0269,640
2024-05-01,P0269,680
2024-06-01,P0269,557
2024-07-01,P0269,524
2024-08-01,P0269,477
2024-09-01,P0269,364
2024-10-01,P0269,380
2024-11-01,P0269,528
2024-12-01,P0269,501
2025-01-01,P0269,562
2025-02-01,P0269,583
2025-03-01,P0269,596
2025-04-01,P0269,652
2025-05-01,P0269,620
2025-06-01,P0269,551
2025-07-01,P0269,574
2025-08-01,P0269,427
2025-09-01,P0269,455
2025-10-01,P0269,353
2025-11-01,P0269,524
2025-12-01,P0269,585
2024-01-01,P0270,547
2024-02-01,P0270,544
2024-03-01,P0270,648
2024-04-01,P0270,657
2024-05-01,P0270,585
2024-06-01,P0270,630
2024-07-01,P0270,495
2024-08-01,P0270,524
2024-09-01,P0270,476
2024-10-01,P0270,440
2024-11-01,P0270,498
2024-12-01,P0270,538
2025-01-01,P0270,544
2025-02-01,P0270,589
2025-03-01,P0270,635
2025-04-01,P0270,740
2025-05-01,P0270,683
2025-06-01,P0270,692
2025-07-01,P0270,650
2025-08-01,P0270,523
2025-09-01,P0270,490
2025-10-01,P0270,485
2025-11-01,P0270,506
2025-12-01,P0270,640
2024-01-01,P0271,1317
2024-02-01,P0271,1558
2024-03-01,P0271,1782
2024-04-01,P0271,1553
2024-05-01,P0271,1660
2024-06-01,P0271,1506
2024-07-01,P0271,1343
2024-08-01,P0271,1101
2024-09-01,P0271,1228
2024-10-01,P0271,1154
2024-11-01,P0271,1178
2024-12-01,P0271,1273
2025-01-01,P0271,1347
2025-02-01,P0271,1338
2025-03-01,P0271,1629
2025-04-01,P0271,1766
2025-05-01,P0271,1543
2025-06-01,P0271,1695
2025-07-01,P0271,1217
2025-08-01,P0271,1264
2025-09-01,P0271,1198
2025-10-01,P0271,1133
2025-11-01,P0271,1162
2025-12-01,P0271,1157
2024-01-01,P0272,798
2024-02-01,P0272,1032
2024-03-01,P0272,1048
2024-04-01,P0272,1047
2024-05-01,P0272,934
2024-06-01,P0272,949
2024-07-01,P0272,861
2024-08-01,P0272,748
2024-09-01,P0272,631
2024-10-01,P0272,723
2024-11-01,P0272,486
2024-12-01,P0272,815
2025-01-01,P0272,879
2025-02-01,P0272,992
2025-03-01,P0272,1073
2025-04-01,P0272,1078
2025-05-01,P0272,1114
2025-06-01,P0272,989
2025-07-01,P0272,924
2025-08-01,P0272,770
2025-09-01,P0272,680
2025-10-01,P0272,662
2025-11-01,P0272,766
2025-12-01,P0272,759
2024-01-01,P0273,399
2024-02-01,P0273,402
2024-03-01,P0273,446
2024-04-01,P0273,446
2024-05-01,P0273,432
2024-06-01,P0273,458
2024-07-01,P0273,416
2024-08-01,P0273,417
2024-09-01,P0273,405
2024-10-01,P0273,375
2024-11-01,P0273,366
2024-12-01,P0273,427
2025-01-01,P0273,496
2025-02-01,P0273,524
2025-03-01,P0273,496
2025-04-01,P0273,530
2025-05-01,P0273,514
2025-06-01,P0273,499
2025-07-01,P0273,480
2025-08-01,P0273,481
2025-09-01,P0273,420
2025-10-01,P0273,439
2025-11-01,P0273,490
2025-12-01,P0273,464
2024-01-01,P0274,352
2024-02-01,P0274,389
2024-03-01,P0274,364
2024-04-01,P0274,405
2024-05-01,P0274,423
2024-06-01,P0274,383
2024-07-01,P0274,335
2024-08-01,P0274,319
2024-09-01,P0274,331
2024-10-01,P0274,296
2024-11-01,P0274,317
2024-12-01,P0274,274
2025-01-01,P0274,334
2025-02-01,P0274,361
2025-03-01,P0274,357
2025-04-01,P0274,388
2025-05-01,P0274,370
2025-06-01,P0274,311
2025-07-01,P0274,372
2025-08-01,P0274,313
2025-09-01,P0274,278
2025-10-01,P0274,305
2025-11-01,P0274,289
2025-12-01,P0274,322
2024-01-01,P0275,1232
2024-02-01,P0275,1266
2024-03-01,P0275,1440
2024-04-01,P0275,1583
2024-05-01,P0275,1348
2024-06-01,P0275,1464
2024-07-01,P0275,1329
2024-08-01,P0275,1014
2024-09-01,P0275,1351
2024-10-01,P0275,1195
2024-11-01,P0275,966
2024-12-01,P0275,1199
2025-01-01,P0275,1145
2025-02-01,P0275,1429
2025-03-01,P0275,1574
2025-04-01,P0275,1607
2025-05-01,P0275,1337
2025-06-01,P0275,1319
2025-07-01,P0275,1255
2025-08-01,P0275,1167
2025-09-01,P0275,1161
2025-10-01,P0275,1109
2025-11-01,P0275,1221
2025-12-01,P0275,1349
2024-01-01,P0276,236
2024-02-01,P0276,231
2024-03-01,P0276,261
2024-04-01,P0276,265
2024-05-01,P0276,255
2024-06-01,P0276,252
2024-07-01,P0276,248
2024-08-01,P0276,196
2024-09-01,P0276,179
2024-10-01,P0276,184
2024-11-01,P0276,145
2024-12-01,P0276,185
2025-01-01,P0276,205
2025-02-01,P0276,256
2025-03-01,P0276,289
2025-04-01,P0276,249
2025-05-01,P0276,258
2025-06-01,P0276,244
2025-07-01,P0276,216
2025-08-01,P0276,234
2025-09-01,P0276,234
2025-10-01,P0276,183
2025-11-01,P0276,187
2025-12-01,P0276,212
2024-01-01,P0277,622
2024-02-01,P0277,769
2024-03-01,P0277,744
2024-04-01,P0277,796
2024-05-01,P0277,772
2024-06-01,P0277,669
2024-07-01,P0277,649
2024-08-01,P0277,620
2024-09-01,P0277,627
2024-10-01,P0277,659
2024-11-01,P0277,657
2024-12-01,P0277,657
2025-01-01,P0277,701
2025-02-01,P0277,704
2025-03-01,P0277,710
2025-04-01,P0277,861
2025-05-01,P0277,807
2025-06-01,P0277,786
2025-07-01,P0277,845
2025-08-01,P0277,679
2025-09-01,P0277,729
2025-10-01,P0277,655
2025-11-01,P0277,750
2025-12-01,P0277,754
2024-01-01,P0278,199
2024-02-01,P0278,214
2024-03-01,P0278,226
2024-04-01,P0278,230
2024-05-01,P0278,202
2024-06-01,P0278,172
2024-07-01,P0278,142
2024-08-01,P0278,165
2024-09-01,P0278,118
2024-10-01,P0278,131
2024-11-01,P0278,158
2024-12-01,P0278,124
2025-01-01,P0278,103
2025-02-01,P0278,117
2025-03-01,P0278,145
2025-04-01,P0278,104
2025-05-01,P0278,135
2025-06-01,P0278,109
2025-07-01,P0278,102
2025-08-01,P0278,75
2025-09-01,P0278,61
2025-10-01,P0278,62
2025-11-01,P0278,47
2025-12-01,P0278,67
2024-01-01,P0279,1464
2024-02-01,P0279,1642
2024-03-01,P0279,1651
2024-04-01,P0279,1843
2024-05-01,P0279,1709
2024-06-01,P0279,1546
2024-07-01,P0279,1527
2024-08-01,P0279,1377
2024-09-01,P0279,1185
2024-10-01,P0279,1008
2024-11-01,P0279,1252
2024-12-01,P0279,1363
2025-01-01,P0279,1568
2025-02-01,P0279,1532
2025-03-01,P0279,1853
2025-04-01,P0279,1590
2025-05-01,P0279,1615
2025-06-01,P0279,1446
2025-07-01,P0279,1249
2025-08-01,P0279,1155
2025-09-01,P0279,1289
2025-10-01,P0279,1184
2025-11-01,P0279,1258
2025-12-01,P0279,1185
2024-01-01,P0280,577
2024-02-01,P0280,663
2024-03-01,P0280,630
2024-04-01,P0280,776
2024-05-01,P0280,858
2024-06-01,P0280,640
2024-07-01,P0280,647
2024-08-01,P0280,573
2024-09-01,P0280,604
2024-10-01,P0280,575
2024-11-01,P0280,530
2024-12-01,P0280,565
2025-01-01,P0280,740
2025-02-01,P0280,667
2025-03-01,P0280,742
2025-04-01,P0280,811
2025-05-01,P0280,773
2025-06-01,P0280,705
2025-07-01,P0280,686
2025-08-01,P0280,672
2025-09-01,P0280,670
2025-10-01,P0280,654
2025-11-01,P0280,664
2025-12-01,P0280,647
2024-01-01,P0281,110
2024-02-01,P0281,142
2024-03-01,P0281,148
2024-04-01,P0281,156
2024-05-01,P0281,167
2024-06-01,P0281,177
2024-07-01,P0281,168
2024-08-01,P0281,174
2024-09-01,P0281,184
2024-10-01,P0281,198
2024-11-01,P0281,216
2024-12-01,P0281,217
2025-01-01,P0281,243
2025-02-01,P0281,260
2025-03-01,P0281,274
2025-04-01,P0281,298
2025-05-01,P0281,312
2025-06-01,P0281,304
2025-07-01,P0281,291
2025-08-01,P0281,310
2025-09-01,P0281,316
2025-10-01,P0281,323
2025-11-01,P0281,323
2025-12-01,P0281,349
2024-01-01,P0282,1027
2024-02-01,P0282,1078
2024-03-01,P0282,1153
2024-04-01,P0282,1092
2024-05-01,P0282,1072
2024-06-01,P0282,1022
2024-07-01,P0282,873
2024-08-01,P0282,965
2024-09-01,P0282,901
2024-10-01,P0282,913
2024-11-01,P0282,1058
2024-12-01,P0282,965
2025-01-01,P0282,1013
2025-02-01,P0282,1046
2025-03-01,P0282,885
2025-04-01,P0282,1257
2025-05-01,P0282,1124
2025-06-01,P0282,1034
2025-07-01,P0282,857
2025-08-01,P0282,1063
2025-09-01,P0282,715
2025-10-01,P0282,831
2025-11-01,P0282,931
2025-12-01,P0282,869
2024-01-01,P0283,908
2024-02-01,P0283,867
2024-03-01,P0283,1037
2024-04-01,P0283,1080
2024-05-01,P0283,1200
2024-06-01,P0283,910
2024-07-01,P0283,951
2024-08-01,P0283,902
2024-09-01,P0283,838
2024-10-01,P0283,970
2024-11-01,P0283,909
2024-12-01,P0283,698
2025-01-01,P0283,1015
2025-02-01,P0283,1002
2025-03-01,P0283,1069
2025-04-01,P0283,1020
2025-05-01,P0283,825
2025-06-01,P0283,766
2025-07-01,P0283,1008
2025-08-01,P0283,930
2025-09-01,P0283,893
2025-10-01,P0283,871
2025-11-01,P0283,853
2025-12-01,P0283,899
2024-01-01,P0284,1464
2024-02-01,P0284,1538
2024-03-01,P0284,1827
2024-04-01,P0284,1688
2024-05-01,P0284,1714
2024-06-01,P0284,1408
2024-07-01,P0284,1410
2024-08-01,P0284,1245
2024-09-01,P0284,1322
2024-10-01,P0284,1182
2024-11-01,P0284,1312
2024-12-01,P0284,1608
2025-01-01,P0284,1510
2025-02-01,P0284,1738
2025-03-01,P0284,1869
2025-04-01,P0284,1980
2025-05-01,P0284,1934
2025-06-01,P0284,1789
2025-07-01,P0284,1607
2025-08-01,P0284,1470
2025-09-01,P0284,1313
2025-10-01,P0284,1372
2025-11-01,P0284,1418
2025-12-01,P0284,1410
2024-01-01,P0285,1222
2024-02-01,P0285,1301
2024-03-01,P0285,1448
2024-04-01,P0285,1436
2024-05-01,P0285,1476
2024-06-01,P0285,1212
2024-07-01,P0285,1234
2024-08-01,P0285,1219
2024-09-01,P0285,1000
2024-10-01,P0285,1016
2024-11-01,P0285,1045
2024-12-01,P0285,1152
2025-01-01,P0285,1351
2025-02-01,P0285,1232
2025-03-01,P0285,1593
2025-04-01,P0285,1650
2025-05-01,P0285,1772
2025-06-01,P0285,1492
2025-07-01,P0285,1286
2025-08-01,P0285,1174
2025-09-01,P0285,1062
2025-10-01,P0285,1069
2025-11-01,P0285,1225
2025-12-01,P0285,1361
2024-01-01,P0286,133
2024-02-01,P0286,116
2024-03-01,P0286,131
2024-04-01,P0286,151
2024-05-01,P0286,134
2024-06-01,P0286,119
2024-07-01,P0286,101
2024-08-01,P0286,115
2024-09-01,P0286,106
2024-10-01,P0286,105
2024-11-01,P0286,88
2024-12-01,P0286,97
2025-01-01,P0286,111
2025-02-01,P0286,128
2025-03-01,P0286,121
2025-04-01,P0286,128
2025-05-01,P0286,117
2025-06-01,P0286,112
2025-07-01,P0286,95
2025-08-01,P0286,106
2025-09-01,P0286,83
2025-10-01,P0286,71
2025-11-01,P0286,68
2025-12-01,P0286,84
2024-01-01,P0287,1052
2024-02-01,P0287,1186
2024-03-01,P0287,1165
2024-04-01,P0287,1123
2024-05-01,P0287,1087
2024-06-01,P0287,1138
2024-07-01,P0287,1131
2024-08-01,P0287,1006
2024-09-01,P0287,1089
2024-10-01,P0287,917
2024-11-01,P0287,1119
2024-12-01,P0287,1028
2025-01-01,P0287,936
2025-02-01,P0287,1129
2025-03-01,P0287,1278
2025-04-01,P0287,1160
2025-05-01,P0287,1245
2025-06-01,P0287,1317
2025-07-01,P0287,1044
2025-08-01,P0287,1070
2025-09-01,P0287,1098
2025-10-01,P0287,1114
2025-11-01,P0287,954
2025-12-01,P0287,1123
2024-01-01,P0288,1410
2024-02-01,P0288,1332
2024-03-01,P0288,1479
2024-04-01,P0288,1683
2024-05-01,P0288,1562
2024-06-01,P0288,1469
2024-07-01,P0288,1500
2024-08-01,P0288,1229
2024-09-01,P0288,1097
2024-10-01,P0288,1088
2024-11-01,P0288,1468
2024-12-01,P0288,1364
2025-01-01,P0288,1427
2025-02-01,P0288,1502
2025-03-01,P0288,1736
2025-04-01,P0288,1713
2025-05-01,P0288,1707
2025-06-01,P0288,1571
2025-07-01,P0288,1400
2025-08-01,P0288,1547
2025-09-01,P0288,1307
2025-10-01,P0288,1376
2025-11-01,P0288,1406
2025-12-01,P0288,1334
2024-01-01,P0289,962
2024-02-01,P0289,979
2024-03-01,P0289,1114
2024-04-01,P0289,1121
2024-05-01,P0289,1099
2024-06-01,P0289,1066
2024-07-01,P0289,884
2024-08-01,P0289,824
2024-09-01,P0289,689
2024-10-01,P0289,851
2024-11-01,P0289,876
2024-12-01,P0289,746
2025-01-01,P0289,981
2025-02-01,P0289,1135
2025-03-01,P0289,1134
2025-04-01,P0289,1089
2025-05-01,P0289,1108
2025-06-01,P0289,1133
2025-07-01,P0289,845
2025-08-01,P0289,1032
2025-09-01,P0289,788
2025-10-01,P0289,809
2025-11-01,P0289,674
2025-12-01,P0289,933
2024-01-01,P0290,1324
2024-02-01,P0290,998
2024-03-01,P0290,1494
2024-04-01,P0290,1529
2024-05-01,P0290,1494
2024-06-01,P0290,1345
2024-07-01,P0290,1257
2024-08-01,P0290,1034
2024-09-01,P0290,1021
2024-10-01,P0290,928
2024-11-01,P0290,938
2024-12-01,P0290,1099
2025-01-01,P0290,1226
2025-02-01,P0290,1172
2025-03-01,P0290,1387
2025-04-01,P0290,1338
2025-05-01,P0290,1427
2025-06-01,P0290,1205
2025-07-01,P0290,1215
2025-08-01,P0290,996
2025-09-01,P0290,1025
2025-10-01,P0290,972
2025-11-01,P0290,890
2025-12-01,P0290,1023
2024-01-01,P0291,1151
2024-02-01,P0291,1018
2024-03-01,P0291,1246
2024-04-01,P0291,1165
2024-05-01,P0291,1074
2024-06-01,P0291,1037
2024-07-01,P0291,1006
2024-08-01,P0291,949
2024-09-01,P0291,919
2024-10-01,P0291,1099
2024-11-01,P0291,920
2024-12-01,P0291,878
2025-01-01,P0291,903
2025-02-01,P0291,1158
2025-03-01,P0291,1038
2025-04-01,P0291,1282
2025-05-01,P0291,1193
2025-06-01,P0291,963
2025-07-01,P0291,1253
2025-08-01,P0291,1107
2025-09-01,P0291,1103
2025-10-01,P0291,1055
2025-11-01,P0291,917
2025-12-01,P0291,1066
2024-01-01,P0292,930
2024-02-01,P0292,883
2024-03-01,P0292,979
2024-04-01,P0292,1121
2024-05-01,P0292,929
2024-06-01,P0292,1067
2024-07-01,P0292,1029
2024-08-01,P0292,870
2024-09-01,P0292,957
2024-10-01,P0292,743
2024-11-01,P0292,897
2024-12-01,P0292,976
2025-01-01,P0292,1109
2025-02-01,P0292,1113
2025-03-01,P0292,1244
2025-04-01,P0292,1232
2025-05-01,P0292,1095
2025-06-01,P0292,1024
2025-07-01,P0292,1148
2025-08-01,P0292,905
2025-09-01,P0292,1125
2025-10-01,P0292,1071
2025-11-01,P0292,1024
2025-12-01,P0292,1070
2024-01-01,P0293,1347
2024-02-01,P0293,1410
2024-03-01,P0293,1462
2024-04-01,P0293,1550
2024-05-01,P0293,1381
2024-06-01,P0293,1061
2024-07-01,P0293,1324
2024-08-01,P0293,1104
2024-09-01,P0293,1042
2024-10-01,P0293,950
2024-11-01,P0293,1065
2024-12-01,P0293,1052
2025-01-01,P0293,1134
2025-02-01,P0293,1321
2025-03-01,P0293,1420
2025-04-01,P0293,1268
2025-05-01,P0293,1512
2025-06-01,P0293,1086
2025-07-01,P0293,1172
2025-08-01,P0293,1083
2025-09-01,P0293,841
2025-10-01,P0293,1158
2025-11-01,P0293,1131
2025-12-01,P0293,1059
2024-01-01,P0294,1055
2024-02-01,P0294,1207
2024-03-01,P0294,1244
2024-04-01,P0294,1264
2024-05-01,P0294,1303
2024-06-01,P0294,1152
2024-07-01,P0294,986
2024-08-01,P0294,974
2024-09-01,P0294,1125
2024-10-01,P0294,1111
2024-11-01,P0294,1128
2024-12-01,P0294,1056
2025-01-01,P0294,1249
2025-02-01,P0294,1378
2025-03-01,P0294,1371
2025-04-01,P0294,1426
2025-05-01,P0294,1536
2025-06-01,P0294,1308
2025-07-01,P0294,1265
2025-08-01,P0294,1250
2025-09-01,P0294,1082
2025-10-01,P0294,1261
2025-11-01,P0294,1381
2025-12-01,P0294,1392
2024-01-01,P0295,470
2024-02-01,P0295,450
2024-03-01,P0295,577
2024-04-01,P0295,564
2024-05-01,P0295,568
2024-06-01,P0295,557
2024-07-01,P0295,460
2024-08-01,P0295,396
2024-09-01,P0295,437
2024-10-01,P0295,440
2024-11-01,P0295,444
2024-12-01,P0295,432
2025-01-01,P0295,477
2025-02-01,P0295,467
2025-03-01,P0295,550
2025-04-01,P0295,542
2025-05-01,P0295,572
2025-06-01,P0295,534
2025-07-01,P0295,427
2025-08-01,P0295,443
2025-09-01,P0295,412
2025-10-01,P0295,380
2025-11-01,P0295,404
2025-12-01,P0295,395
2024-01-01,P0296,552
2024-02-01,P0296,635
2024-03-01,P0296,649
2024-04-01,P0296,739
2024-05-01,P0296,627
2024-06-01,P0296,686
2024-07-01,P0296,577
2024-08-01,P0296,536
2024-09-01,P0296,487
2024-10-01,P0296,452
2024-11-01,P0296,460
2024-12-01,P0296,546
2025-01-01,P0296,579
2025-02-01,P0296,659
2025-03-01,P0296,674
2025-04-01,P0296,738
2025-05-01,P0296,634
2025-06-01,P0296,657
2025-07-01,P0296,624
2025-08-01,P0296,452
2025-09-01,P0296,446
2025-10-01,P0296,484
2025-11-01,P0296,467
2025-12-01,P0296,535
2024-01-01,P0297,1174
2024-02-01,P0297,1293
2024-03-01,P0297,1327
2024-04-01,P0297,1247
2024-05-01,P0297,1219
2024-06-01,P0297,1201
2024-07-01,P0297,1338
2024-08-01,P0297,1320
2024-09-01,P0297,1379
2024-10-01,P0297,1205
2024-11-01,P0297,1234
2024-12-01,P0297,1321
2025-01-01,P0297,1338
2025-02-01,P0297,1304
2025-03-01,P0297,1339
2025-04-01,P0297,1458
2025-05-01,P0297,1471
2025-06-01,P0297,1331
2025-07-01,P0297,1225
2025-08-01,P0297,1236
2025-09-01,P0297,1314
2025-10-01,P0297,1217
2025-11-01,P0297,1253
2025-12-01,P0297,1363
2024-01-01,P0298,610
2024-02-01,P0298,535
2024-03-01,P0298,624
2024-04-01,P0298,784
2024-05-01,P0298,703
2024-06-01,P0298,657
2024-07-01,P0298,616
2024-08-01,P0298,696
2024-09-01,P0298,651
2024-10-01,P0298,627
2024-11-01,P0298,689
2024-12-01,P0298,749
2025-01-01,P0298,712
2025-02-01,P0298,653
2025-03-01,P0298,690
2025-04-01,P0298,754
2025-05-01,P0298,800
2025-06-01,P0298,719
2025-07-01,P0298,773
2025-08-01,P0298,664
2025-09-01,P0298,640
2025-10-01,P0298,675
2025-11-01,P0298,691
2025-12-01,P0298,665
2024-01-01,P0299,96
2024-02-01,P0299,111
2024-03-01,P0299,121
2024-04-01,P0299,121
2024-05-01,P0299,114
2024-06-01,P0299,119
2024-07-01,P0299,103
2024-08-01,P0299,121
2024-09-01,P0299,114
2024-10-01,P0299,107
2024-11-01,P0299,122
2024-12-01,P0299,128
2025-01-01,P0299,149
2025-02-01,P0299,170
2025-03-01,P0299,177
2025-04-01,P0299,180
2025-05-01,P0299,193
2025-06-01,P0299,177
2025-07-01,P0299,182
2025-08-01,P0299,179
2025-09-01,P0299,174
2025-10-01,P0299,156
2025-11-01,P0299,184
2025-12-01,P0299,181
2024-01-01,P0300,1158
2024-02-01,P0300,920
2024-03-01,P0300,1149
2024-04-01,P0300,1138
2024-05-01,P0300,1120
2024-06-01,P0300,1210
2024-07-01,P0300,1186
2024-08-01,P0300,1049
2024-09-01,P0300,947
2024-10-01,P0300,849
2024-11-01,P0300,934
2024-12-01,P0300,1032
2025-01-01,P0300,1107
2025-02-01,P0300,1174
2025-03-01,P0300,1248
2025-04-01,P0300,1302
2025-05-01,P0300,1312
2025-06-01,P0300,1263
2025-07-01,P0300,1185
2025-08-01,P0300,1105
2025-09-01,P0300,928
2025-10-01,P0300,1158
2025-11-01,P0300,1063
2025-12-01,P0300,1161
2024-01-01,P0301,448
2024-02-01,P0301,456
2024-03-01,P0301,543
2024-04-01,P0301,498
2024-05-01,P0301,472
2024-06-01,P0301,470
2024-07-01,P0301,460
2024-08-01,P0301,374
2024-09-01,P0301,408
2024-10-01,P0301,394
2024-11-01,P0301,442
2024-12-01,P0301,404
2025-01-01,P0301,403
2025-02-01,P0301,454
2025-03-01,P0301,427
2025-04-01,P0301,504
2025-05-01,P0301,429
2025-06-01,P0301,434
2025-07-01,P0301,425
2025-08-01,P0301,430
2025-09-01,P0301,295
2025-10-01,P0301,350
2025-11-01,P0301,367
2025-12-01,P0301,404
2024-01-01,P0302,958
2024-02-01,P0302,996
2024-03-01,P0302,1134
2024-04-01,P0302,1029
2024-05-01,P0302,1165
2024-06-01,P0302,1059
2024-07-01,P0302,1106
2024-08-01,P0302,1035
2024-09-01,P0302,933
2024-10-01,P0302,1000
2024-11-01,P0302,914
2024-12-01,P0302,1108
2025-01-01,P0302,1042
2025-02-01,P0302,1233
2025-03-01,P0302,1047
2025-04-01,P0302,1065
2025-05-01,P0302,1239
2025-06-01,P0302,1124
2025-07-01,P0302,1053
2025-08-01,P0302,1095
2025-09-01,P0302,1296
2025-10-01,P0302,1193
2025-11-01,P0302,1122
2025-12-01,P0302,1168
2024-01-01,P0303,1127
2024-02-01,P0303,1220
2024-03-01,P0303,1234
2024-04-01,P0303,1262
2024-05-01,P0303,1347
2024-06-01,P0303,1381
2024-07-01,P0303,1092
2024-08-01,P0303,1257
2024-09-01,P0303,932
2024-10-01,P0303,1042
2024-11-01,P0303,1108
2024-12-01,P0303,930
2025-01-01,P0303,1286
2025-02-01,P0303,1114
2025-03-01,P0303,1086
2025-04-01,P0303,1342
2025-05-01,P0303,1238
2025-06-01,P0303,1334
2025-07-01,P0303,1472
2025-08-01,P0303,1118
2025-09-01,P0303,1200
2025-10-01,P0303,1243
2025-11-01,P0303,1319
2025-12-01,P0303,1218
2024-01-01,P0304,885
2024-02-01,P0304,1119
2024-03-01,P0304,1180
2024-04-01,P0304,1167
2024-05-01,P0304,1229
2024-06-01,P0304,1052
2024-07-01,P0304,933
2024-08-01,P0304,1012
2024-09-01,P0304,809
2024-10-01,P0304,765
2024-11-01,P0304,912
2024-12-01,P0304,944
2025-01-01,P0304,1015
2025-02-01,P0304,1043
2025-03-01,P0304,1088
2025-04-01,P0304,1038
2025-05-01,P0304,1225
2025-06-01,P0304,1140
2025-07-01,P0304,1152
2025-08-01,P0304,1018
2025-09-01,P0304,673
2025-10-01,P0304,880
2025-11-01,P0304,835
2025-12-01,P0304,972
2024-01-01,P0305,140
2024-02-01,P0305,156
2024-03-01,P0305,185
2024-04-01,P0305,204
2024-05-01,P0305,206
2024-06-01,P0305,180
2024-07-01,P0305,191
2024-08-01,P0305,193
2024-09-01,P0305,190
2024-10-01,P0305,194
2024-11-01,P0305,188
2024-12-01,P0305,210
2025-01-01,P0305,208
2025-02-01,P0305,241
2025-03-01,P0305,264
2025-04-01,P0305,256
2025-05-01,P0305,280
2025-06-01,P0305,276
2025-07-01,P0305,272
2025-08-01,P0305,265
2025-09-01,P0305,286
2025-10-01,P0305,266
2025-11-01,P0305,284
2025-12-01,P0305,322
2024-01-01,P0306,560
2024-02-01,P0306,700
2024-03-01,P0306,806
2024-04-01,P0306,758
2024-05-01,P0306,726
2024-06-01,P0306,669
2024-07-01,P0306,761
2024-08-01,P0306,766
2024-09-01,P0306,711
2024-10-01,P0306,734
2024-11-01,P0306,906
2024-12-01,P0306,649
2025-01-01,P0306,768
2025-02-01,P0306,849
2025-03-01,P0306,846
2025-04-01,P0306,791
2025-05-01,P0306,925
2025-06-01,P0306,873
2025-07-01,P0306,889
2025-08-01,P0306,872
2025-09-01,P0306,825
2025-10-01,P0306,869
2025-11-01,P0306,799
2025-12-01,P0306,805
2024-01-01,P0307,123
2024-02-01,P0307,139
2024-03-01,P0307,171
2024-04-01,P0307,170
2024-05-01,P0307,181
2024-06-01,P0307,183
2024-07-01,P0307,211
2024-08-01,P0307,204
2024-09-01,P0307,207
2024-10-01,P0307,200
2024-11-01,P0307,218
2024-12-01,P0307,237
2025-01-01,P0307,265
2025-02-01,P0307,290
2025-03-01,P0307,308
2025-04-01,P0307,324
2025-05-01,P0307,336
2025-06-01,P0307,324
2025-07-01,P0307,349
2025-08-01,P0307,329
2025-09-01,P0307,330
2025-10-01,P0307,350
2025-11-01,P0307,329
2025-12-01,P0307,393
2024-01-01,P0308,1456
2024-02-01,P0308,1695
2024-03-01,P0308,1577
2024-04-01,P0308,1924
2024-05-01,P0308,1622
2024-06-01,P0308,1729
2024-07-01,P0308,1728
2024-08-01,P0308,1451
2024-09-01,P0308,1251
2024-10-01,P0308,1329
2024-11-01,P0308,1155
2024-12-01,P0308,1278
2025-01-01,P0308,1340
2025-02-01,P0308,1581
2025-03-01,P0308,2006
2025-04-01,P0308,1737
2025-05-01,P0308,1784
2025-06-01,P0308,1671
2025-07-01,P0308,1235
2025-08-01,P0308,1337
2025-09-01,P0308,1024
2025-10-01,P0308,1273
2025-11-01,P0308,1198
2025-12-01,P0308,1216
2024-01-01,P0309,945
2024-02-01,P0309,1097
2024-03-01,P0309,1304
2024-04-01,P0309,1197
2024-05-01,P0309,1076
2024-06-01,P0309,1089
2024-07-01,P0309,1065
2024-08-01,P0309,951
2024-09-01,P0309,922
2024-10-01,P0309,1151
2024-11-01,P0309,1157
2024-12-01,P0309,1154
2025-01-01,P0309,1293
2025-02-01,P0309,1107
2025-03-01,P0309,1152
2025-04-01,P0309,1150
2025-05-01,P0309,1230
2025-06-01,P0309,1322
2025-07-01,P0309,1264
2025-08-01,P0309,1208
2025-09-01,P0309,1216
2025-10-01,P0309,1157
2025-11-01,P0309,1076
2025-12-01,P0309,1248
2024-01-01,P0310,104
2024-02-01,P0310,110
2024-03-01,P0310,118
2024-04-01,P0310,109
2024-05-01,P0310,100
2024-06-01,P0310,108
2024-07-01,P0310,85
2024-08-01,P0310,84
2024-09-01,P0310,64
2024-10-01,P0310,70
2024-11-01,P0310,75
2024-12-01,P0310,82
2025-01-01,P0310,87
2025-02-01,P0310,100
2025-03-01,P0310,81
2025-04-01,P0310,99
2025-05-01,P0310,97
2025-06-01,P0310,84
2025-07-01,P0310,77
2025-08-01,P0310,73
2025-09-01,P0310,73
2025-10-01,P0310,69
2025-11-01,P0310,73
2025-12-01,P0310,67
2024-01-01,P0311,673
2024-02-01,P0311,683
2024-03-01,P0311,646
2024-04-01,P0311,656
2024-05-01,P0311,737
2024-06-01,P0311,621
2024-07-01,P0311,544
2024-08-01,P0311,624
2024-09-01,P0311,566
2024-10-01,P0311,604
2024-11-01,P0311,620
2024-12-01,P0311,586
2025-01-01,P0311,659
2025-02-01,P0311,733
2025-03-01,P0311,652
2025-04-01,P0311,719
2025-05-01,P0311,701
2025-06-01,P0311,611
2025-07-01,P0311,721
2025-08-01,P0311,692
2025-09-01,P0311,644
2025-10-01,P0311,623
2025-11-01,P0311,619
2025-12-01,P0311,697
2024-01-01,P0312,237
2024-02-01,P0312,261
2024-03-01,P0312,278
2024-04-01,P0312,268
2024-05-01,P0312,257
2024-06-01,P0312,242
2024-07-01,P0312,217
2024-08-01,P0312,157
2024-09-01,P0312,164
2024-10-01,P0312,126
2024-11-01,P0312,147
2024-12-01,P0312,146
2025-01-01,P0312,155
2025-02-01,P0312,233
2025-03-01,P0312,217
2025-04-01,P0312,198
2025-05-01,P0312,199
2025-06-01,P0312,190
2025-07-01,P0312,140
2025-08-01,P0312,117
2025-09-01,P0312,127
2025-10-01,P0312,47
2025-11-01,P0312,69
2025-12-01,P0312,96
2024-01-01,P0313,778
2024-02-01,P0313,828
2024-03-01,P0313,805
2024-04-01,P0313,731
2024-05-01,P0313,859
2024-06-01,P0313,767
2024-07-01,P0313,783
2024-08-01,P0313,610
2024-09-01,P0313,721
2024-10-01,P0313,568
2024-11-01,P0313,576
2024-12-01,P0313,736
2025-01-01,P0313,634
2025-02-01,P0313,780
2025-03-01,P0313,622
2025-04-01,P0313,769
2025-05-01,P0313,748
2025-06-01,P0313,681
2025-07-01,P0313,677
2025-08-01,P0313,717
2025-09-01,P0313,586
2025-10-01,P0313,601
2025-11-01,P0313,531
2025-12-01,P0313,661
2024-01-01,P0314,709
2024-02-01,P0314,735
2024-03-01,P0314,663
2024-04-01,P0314,808
2024-05-01,P0314,820
2024-06-01,P0314,838
2024-07-01,P0314,728
2024-08-01,P0314,839
2024-09-01,P0314,639
2024-10-01,P0314,582
2024-11-01,P0314,733
2024-12-01,P0314,673
2025-01-01,P0314,779
2025-02-01,P0314,714
2025-03-01,P0314,863
2025-04-01,P0314,873
2025-05-01,P0314,876
2025-06-01,P0314,909
2025-07-01,P0314,769
2025-08-01,P0314,877
2025-09-01,P0314,846
2025-10-01,P0314,912
2025-11-01,P0314,791
2025-12-01,P0314,927
2024-01-01,P0315,654
2024-02-01,P0315,849
2024-03-01,P0315,824
2024-04-01,P0315,844
2024-05-01,P0315,871
2024-06-01,P0315,666
2024-07-01,P0315,744
2024-08-01,P0315,700
2024-09-01,P0315,602
2024-10-01,P0315,581
2024-11-01,P0315,681
2024-12-01,P0315,854
2025-01-01,P0315,674
2025-02-01,P0315,865
2025-03-01,P0315,824
2025-04-01,P0315,762
2025-05-01,P0315,884
2025-06-01,P0315,825
2025-07-01,P0315,735
2025-08-01,P0315,688
2025-09-01,P0315,679
2025-10-01,P0315,674
2025-11-01,P0315,752
2025-12-01,P0315,733
2024-01-01,P0316,1188
2024-02-01,P0316,1339
2024-03-01,P0316,1327
2024-04-01,P0316,1384
2024-05-01,P0316,1480
2024-06-01,P0316,1259
2024-07-01,P0316,1178
2024-08-01,P0316,1133
2024-09-01,P0316,835
2024-10-01,P0316,848
2024-11-01,P0316,923
2024-12-01,P0316,1130
2025-01-01,P0316,1182
2025-02-01,P0316,1430
2025-03-01,P0316,1465
2025-04-01,P0316,1708
2025-05-01,P0316,1593
2025-06-01,P0316,1420
2025-07-01,P0316,1251
2025-08-01,P0316,1272
2025-09-01,P0316,1027
2025-10-01,P0316,1174
2025-11-01,P0316,1081
2025-12-01,P0316,1162
2024-01-01,P0317,1000
2024-02-01,P0317,970
2024-03-01,P0317,1189
2024-04-01,P0317,1237
2024-05-01,P0317,1097
2024-06-01,P0317,1086
2024-07-01,P0317,907
2024-08-01,P0317,1022
2024-09-01,P0317,1068
2024-10-01,P0317,911
2024-11-01,P0317,1009
2024-12-01,P0317,1159
2025-01-01,P0317,1097
2025-02-01,P0317,1254
2025-03-01,P0317,1201
2025-04-01,P0317,1261
2025-05-01,P0317,1400
2025-06-01,P0317,1222
2025-07-01,P0317,1148
2025-08-01,P0317,1138
2025-09-01,P0317,915
2025-10-01,P0317,1051
2025-11-01,P0317,950
2025-12-01,P0317,1214
2024-01-01,P0318,335
2024-02-01,P0318,300
2024-03-01,P0318,368
2024-04-01,P0318,330
2024-05-01,P0318,320
2024-06-01,P0318,365
2024-07-01,P0318,320
2024-08-01,P0318,346
2024-09-01,P0318,287
2024-10-01,P0318,329
2024-11-01,P0318,351
2024-12-01,P0318,330
2025-01-01,P0318,321
2025-02-01,P0318,307
2025-03-01,P0318,358
2025-04-01,P0318,412
2025-05-01,P0318,360
2025-06-01,P0318,390
2025-07-01,P0318,339
2025-08-01,P0318,376
2025-09-01,P0318,341
2025-10-01,P0318,343
2025-11-01,P0318,377
2025-12-01,P0318,351
2024-01-01,P0319,691
2024-02-01,P0319,696
2024-03-01,P0319,773
2024-04-01,P0319,802
2024-05-01,P0319,751
2024-06-01,P0319,701
2024-07-01,P0319,701
2024-08-01,P0319,681
2024-09-01,P0319,648
2024-10-01,P0319,526
2024-11-01,P0319,575
2024-12-01,P0319,571
2025-01-01,P0319,680
2025-02-01,P0319,688
2025-03-01,P0319,737
2025-04-01,P0319,700
2025-05-01,P0319,671
2025-06-01,P0319,662
2025-07-01,P0319,573
2025-08-01,P0319,608
2025-09-01,P0319,631
2025-10-01,P0319,396
2025-11-01,P0319,595
2025-12-01,P0319,630
2024-01-01,P0320,550
2024-02-01,P0320,455
2024-03-01,P0320,595
2024-04-01,P0320,580
2024-05-01,P0320,489
2024-06-01,P0320,527
2024-07-01,P0320,541
2024-08-01,P0320,521
2024-09-01,P0320,433
2024-10-01,P0320,441
2024-11-01,P0320,372
2024-12-01,P0320,502
2025-01-01,P0320,456
2025-02-01,P0320,520
2025-03-01,P0320,567
2025-04-01,P0320,574
2025-05-01,P0320,533
2025-06-01,P0320,509
2025-07-01,P0320,425
2025-08-01,P0320,465
2025-09-01,P0320,432
2025-10-01,P0320,372
2025-11-01,P0320,390
2025-12-01,P0320,452
2024-01-01,P0321,824
2024-02-01,P0321,995
2024-03-01,P0321,941
2024-04-01,P0321,974
2024-05-01,P0321,961
2024-06-01,P0321,1145
2024-07-01,P0321,987
2024-08-01,P0321,956
2024-09-01,P0321,781
2024-10-01,P0321,915
2024-11-01,P0321,787
2024-12-01,P0321,997
2025-01-01,P0321,930
2025-02-01,P0321,1076
2025-03-01,P0321,1155
2025-04-01,P0321,1174
2025-05-01,P0321,1185
2025-06-01,P0321,1128
2025-07-01,P0321,1136
2025-08-01,P0321,982
2025-09-01,P0321,996
2025-10-01,P0321,904
2025-11-01,P0321,1049
2025-12-01,P0321,1112
2024-01-01,P0322,397
2024-02-01,P0322,497
2024-03-01,P0322,552
2024-04-01,P0322,566
2024-05-01,P0322,533
2024-06-01,P0322,550
2024-07-01,P0322,566
2024-08-01,P0322,449
2024-09-01,P0322,479
2024-10-01,P0322,416
2024-11-01,P0322,534
2024-12-01,P0322,473
2025-01-01,P0322,579
2025-02-01,P0322,579
2025-03-01,P0322,552
2025-04-01,P0322,634
2025-05-01,P0322,624
2025-06-01,P0322,590
2025-07-01,P0322,530
2025-08-01,P0322,545
2025-09-01,P0322,559
2025-10-01,P0322,527
2025-11-01,P0322,509
2025-12-01,P0322,560
2024-01-01,P0323,1197
2024-02-01,P0323,1447
2024-03-01,P0323,1406
2024-04-01,P0323,1508
2024-05-01,P0323,1495
2024-06-01,P0323,1496
2024-07-01,P0323,1231
2024-08-01,P0323,923
2024-09-01,P0323,895
2024-10-01,P0323,934
2024-11-01,P0323,1053
2024-12-01,P0323,1181
2025-01-01,P0323,1329
2025-02-01,P0323,1494
2025-03-01,P0323,1518
2025-04-01,P0323,1455
2025-05-01,P0323,1737
2025-06-01,P0323,1608
2025-07-01,P0323,1315
2025-08-01,P0323,1118
2025-09-01,P0323,1115
2025-10-01,P0323,859
2025-11-01,P0323,1082
2025-12-01,P0323,1135
2024-01-01,P0324,642
2024-02-01,P0324,622
2024-03-01,P0324,638
2024-04-01,P0324,696
2024-05-01,P0324,673
2024-06-01,P0324,645
2024-07-01,P0324,675
2024-08-01,P0324,633
2024-09-01,P0324,634
2024-10-01,P0324,606
2024-11-01,P0324,697
2024-12-01,P0324,558
2025-01-01,P0324,682
2025-02-01,P0324,682
2025-03-01,P0324,577
2025-04-01,P0324,684
2025-05-01,P0324,741
2025-06-01,P0324,754
2025-07-01,P0324,661
2025-08-01,P0324,692
2025-09-01,P0324,650
2025-10-01,P0324,538
2025-11-01,P0324,582
2025-12-01,P0324,643
2024-01-01,P0325,921
2024-02-01,P0325,1013
2024-03-01,P0325,1077
2024-04-01,P0325,1202
2024-05-01,P0325,1191
2024-06-01,P0325,1187
2024-07-01,P0325,857
2024-08-01,P0325,772
2024-09-01,P0325,646
2024-10-01,P0325,699
2024-11-01,P0325,899
2024-12-01,P0325,756
2025-01-01,P0325,965
2025-02-01,P0325,992
2025-03-01,P0325,1113
2025-04-01,P0325,1139
2025-05-01,P0325,1135
2025-06-01,P0325,1141
2025-07-01,P0325,1075
2025-08-01,P0325,978
2025-09-01,P0325,801
2025-10-01,P0325,694
2025-11-01,P0325,796
2025-12-01,P0325,904
2024-01-01,P0326,508
2024-02-01,P0326,536
2024-03-01,P0326,545
2024-04-01,P0326,592
2024-05-01,P0326,589
2024-06-01,P0326,574
2024-07-01,P0326,570
2024-08-01,P0326,464
2024-09-01,P0326,441
2024-10-01,P0326,475
2024-11-01,P0326,459
2024-12-01,P0326,461
2025-01-01,P0326,559
2025-02-01,P0326,632
2025-03-01,P0326,683
2025-04-01,P0326,655
2025-05-01,P0326,714
2025-06-01,P0326,568
2025-07-01,P0326,625
2025-08-01,P0326,601
2025-09-01,P0326,560
2025-10-01,P0326,551
2025-11-01,P0326,580
2025-12-01,P0326,626
2024-01-01,P0327,150
2024-02-01,P0327,172
2024-03-01,P0327,161
2024-04-01,P0327,160
2024-05-01,P0327,151
2024-06-01,P0327,143
2024-07-01,P0327,122
2024-08-01,P0327,104
2024-09-01,P0327,108
2024-10-01,P0327,78
2024-11-01,P0327,75
2024-12-01,P0327,66
2025-01-01,P0327,87
2025-02-01,P0327,70
2025-03-01,P0327,81
2025-04-01,P0327,71
2025-05-01,P0327,43
2025-06-01,P0327,32
2025-07-01,P0327,34
2025-08-01,P0327,13
2025-09-01,P0327,4
2025-10-01,P0327,0
2025-11-01,P0327,10
2025-12-01,P0327,0
2024-01-01,P0328,596
2024-02-01,P0328,638
2024-03-01,P0328,671
2024-04-01,P0328,707
2024-05-01,P0328,612
2024-06-01,P0328,643
2024-07-01,P0328,594
2024-08-01,P0328,591
2024-09-01,P0328,598
2024-10-01,P0328,560
2024-11-01,P0328,572
2024-12-01,P0328,538
2025-01-01,P0328,618
2025-02-01,P0328,623
2025-03-01,P0328,637
2025-04-01,P0328,571
2025-05-01,P0328,679
2025-06-01,P0328,581
2025-07-01,P0328,465
2025-08-01,P0328,554
2025-09-01,P0328,437
2025-10-01,P0328,447
2025-11-01,P0328,557
2025-12-01,P0328,430
2024-01-01,P0329,1241
2024-02-01,P0329,1271
2024-03-01,P0329,1419
2024-04-01,P0329,1399
2024-05-01,P0329,1500
2024-06-01,P0329,1352
2024-07-01,P0329,1393
2024-08-01,P0329,1183
2024-09-01,P0329,972
2024-10-01,P0329,1077
2024-11-01,P0329,1171
2024-12-01,P0329,1096
2025-01-01,P0329,1346
2025-02-01,P0329,1408
2025-03-01,P0329,1346
2025-04-01,P0329,1715
2025-05-01,P0329,1573
2025-06-01,P0329,1334
2025-07-01,P0329,1559
2025-08-01,P0329,1367
2025-09-01,P0329,1371
2025-10-01,P0329,922
2025-11-01,P0329,1240
2025-12-01,P0329,1197
2024-01-01,P0330,352
2024-02-01,P0330,406
2024-03-01,P0330,407
2024-04-01,P0330,432
2024-05-01,P0330,359
2024-06-01,P0330,370
2024-07-01,P0330,329
2024-08-01,P0330,348
2024-09-01,P0330,288
2024-10-01,P0330,297
2024-11-01,P0330,282
2024-12-01,P0330,286
2025-01-01,P0330,269
2025-02-01,P0330,336
2025-03-01,P0330,352
2025-04-01,P0330,366
2025-05-01,P0330,342
2025-06-01,P0330,329
2025-07-01,P0330,299
2025-08-01,P0330,246
2025-09-01,P0330,263
2025-10-01,P0330,197
2025-11-01,P0330,189
2025-12-01,P0330,257
2024-01-01,P0331,484
2024-02-01,P0331,489
2024-03-01,P0331,540
2024-04-01,P0331,588
2024-05-01,P0331,616
2024-06-01,P0331,552
2024-07-01,P0331,611
2024-08-01,P0331,556
2024-09-01,P0331,576
2024-10-01,P0331,591
2024-11-01,P0331,561
2024-12-01,P0331,563
2025-01-01,P0331,598
2025-02-01,P0331,674
2025-03-01,P0331,639
2025-04-01,P0331,718
2025-05-01,P0331,703
2025-06-01,P0331,674
2025-07-01,P0331,708
2025-08-01,P0331,731
2025-09-01,P0331,719
2025-10-01,P0331,754
2025-11-01,P0331,693
2025-12-01,P0331,771
2024-01-01,P0332,953
2024-02-01,P0332,1068
2024-03-01,P0332,1051
2024-04-01,P0332,1137
2024-05-01,P0332,1164
2024-06-01,P0332,1054
2024-07-01,P0332,1113
2024-08-01,P0332,989
2024-09-01,P0332,959
2024-10-01,P0332,848
2024-11-01,P0332,1053
2024-12-01,P0332,910
2025-01-01,P0332,1109
2025-02-01,P0332,1055
2025-03-01,P0332,1302
2025-04-01,P0332,1215
2025-05-01,P0332,1216
2025-06-01,P0332,1103
2025-07-01,P0332,1154
2025-08-01,P0332,876
2025-09-01,P0332,895
2025-10-01,P0332,781
2025-11-01,P0332,951
2025-12-01,P0332,1012
2024-01-01,P0333,527
2024-02-01,P0333,597
2024-03-01,P0333,558
2024-04-01,P0333,581
2024-05-01,P0333,527
2024-06-01,P0333,570
2024-07-01,P0333,532
2024-08-01,P0333,449
2024-09-01,P0333,420
2024-10-01,P0333,427
2024-11-01,P0333,445
2024-12-01,P0333,387
2025-01-01,P0333,386
2025-02-01,P0333,484
2025-03-01,P0333,543
2025-04-01,P0333,460
2025-05-01,P0333,424
2025-06-01,P0333,382
2025-07-01,P0333,416
2025-08-01,P0333,376
2025-09-01,P0333,279
2025-10-01,P0333,364
2025-11-01,P0333,316
2025-12-01,P0333,348
2024-01-01,P0334,770
2024-02-01,P0334,873
2024-03-01,P0334,971
2024-04-01,P0334,1050
2024-05-01,P0334,978
2024-06-01,P0334,965
2024-07-01,P0334,805
2024-08-01,P0334,835
2024-09-01,P0334,667
2024-10-01,P0334,633
2024-11-01,P0334,779
2024-12-01,P0334,831
2025-01-01,P0334,868
2025-02-01,P0334,926
2025-03-01,P0334,935
2025-04-01,P0334,1129
2025-05-01,P0334,1007
2025-06-01,P0334,989
2025-07-01,P0334,799
2025-08-01,P0334,750
2025-09-01,P0334,793
2025-10-01,P0334,732
2025-11-01,P0334,837
2025-12-01,P0334,729
2024-01-01,P0335,732
2024-02-01,P0335,674
2024-03-01,P0335,643
2024-04-01,P0335,813
2024-05-01,P0335,745
2024-06-01,P0335,845
2024-07-01,P0335,695
2024-08-01,P0335,730
2024-09-01,P0335,534
2024-10-01,P0335,570
2024-11-01,P0335,551
2024-12-01,P0335,615
2025-01-01,P0335,721
2025-02-01,P0335,785
2025-03-01,P0335,863
2025-04-01,P0335,931
2025-05-01,P0335,903
2025-06-01,P0335,955
2025-07-01,P0335,819
2025-08-01,P0335,716
2025-09-01,P0335,835
2025-10-01,P0335,563
2025-11-01,P0335,703
2025-12-01,P0335,835
2024-01-01,P0336,677
2024-02-01,P0336,961
2024-03-01,P0336,991
2024-04-01,P0336,1017
2024-05-01,P0336,912
2024-06-01,P0336,905
2024-07-01,P0336,942
2024-08-01,P0336,597
2024-09-01,P0336,464
2024-10-01,P0336,606
2024-11-01,P0336,679
2024-12-01,P0336,700
2025-01-01,P0336,751
2025-02-01,P0336,954
2025-03-01,P0336,892
2025-04-01,P0336,953
2025-05-01,P0336,967
2025-06-01,P0336,912
2025-07-01,P0336,750
2025-08-01,P0336,606
2025-09-01,P0336,593
2025-10-01,P0336,457
2025-11-01,P0336,537
2025-12-01,P0336,700
2024-01-01,P0337,691
2024-02-01,P0337,703
2024-03-01,P0337,728
2024-04-01,P0337,903
2024-05-01,P0337,808
2024-06-01,P0337,854
2024-07-01,P0337,761
2024-08-01,P0337,760
2024-09-01,P0337,737
2024-10-01,P0337,766
2024-11-01,P0337,725
2024-12-01,P0337,686
2025-01-01,P0337,781
2025-02-01,P0337,757
2025-03-01,P0337,910
2025-04-01,P0337,901
2025-05-01,P0337,990
2025-06-01,P0337,899
2025-07-01,P0337,733
2025-08-01,P0337,815
2025-09-01,P0337,957
2025-10-01,P0337,875
2025-11-01,P0337,790
2025-12-01,P0337,791
2024-01-01,P0338,667
2024-02-01,P0338,729
2024-03-01,P0338,770
2024-04-01,P0338,750
2024-05-01,P0338,652
2024-06-01,P0338,775
2024-07-01,P0338,754
2024-08-01,P0338,758
2024-09-01,P0338,691
2024-10-01,P0338,751
2024-11-01,P0338,680
2024-12-01,P0338,720
2025-01-01,P0338,742
2025-02-01,P0338,837
2025-03-01,P0338,861
2025-04-01,P0338,808
2025-05-01,P0338,857
2025-06-01,P0338,955
2025-07-01,P0338,850
2025-08-01,P0338,854
2025-09-01,P0338,749
2025-10-01,P0338,741
2025-11-01,P0338,830
2025-12-01,P0338,853
2024-01-01,P0339,1502
2024-02-01,P0339,1602
2024-03-01,P0339,1420
2024-04-01,P0339,1836
2024-05-01,P0339,1818
2024-06-01,P0339,1606
2024-07-01,P0339,1425
2024-08-01,P0339,1398
2024-09-01,P0339,1129
2024-10-01,P0339,1273
2024-11-01,P0339,1047
2024-12-01,P0339,1037
2025-01-01,P0339,1499
2025-02-01,P0339,1643
2025-03-01,P0339,1747
2025-04-01,P0339,1827
2025-05-01,P0339,1503
2025-06-01,P0339,1663
2025-07-01,P0339,1472
2025-08-01,P0339,1191
2025-09-01,P0339,925
2025-10-01,P0339,1057
2025-11-01,P0339,1006
2025-12-01,P0339,1106
2024-01-01,P0340,740
2024-02-01,P0340,763
2024-03-01,P0340,889
2024-04-01,P0340,1001
2024-05-01,P0340,872
2024-06-01,P0340,914
2024-07-01,P0340,740
2024-08-01,P0340,562
2024-09-01,P0340,469
2024-10-01,P0340,486
2024-11-01,P0340,539
2024-12-01,P0340,612
2025-01-01,P0340,655
2025-02-01,P0340,735
2025-03-01,P0340,891
2025-04-01,P0340,774
2025-05-01,P0340,892
2025-06-01,P0340,690
2025-07-01,P0340,696
2025-08-01,P0340,533
2025-09-01,P0340,472
2025-10-01,P0340,496
2025-11-01,P0340,425
2025-12-01,P0340,487
2024-01-01,P0341,1086
2024-02-01,P0341,1138
2024-03-01,P0341,1152
2024-04-01,P0341,1170
2024-05-01,P0341,1157
2024-06-01,P0341,1061
2024-07-01,P0341,1092
2024-08-01,P0341,878
2024-09-01,P0341,937
2024-10-01,P0341,786
2024-11-01,P0341,744
2024-12-01,P0341,904
2025-01-01,P0341,966
2025-02-01,P0341,1175
2025-03-01,P0341,1175
2025-04-01,P0341,1241
2025-05-01,P0341,1186
2025-06-01,P0341,1186
2025-07-01,P0341,1169
2025-08-01,P0341,867
2025-09-01,P0341,1064
2025-10-01,P0341,882
2025-11-01,P0341,1026
2025-12-01,P0341,878
2024-01-01,P0342,655
2024-02-01,P0342,569
2024-03-01,P0342,704
2024-04-01,P0342,785
2024-05-01,P0342,706
2024-06-01,P0342,687
2024-07-01,P0342,578
2024-08-01,P0342,528
2024-09-01,P0342,566
2024-10-01,P0342,466
2024-11-01,P0342,499
2024-12-01,P0342,571
2025-01-01,P0342,598
2025-02-01,P0342,753
2025-03-01,P0342,889
2025-04-01,P0342,757
2025-05-01,P0342,777
2025-06-01,P0342,693
2025-07-01,P0342,650
2025-08-01,P0342,604
2025-09-01,P0342,591
2025-10-01,P0342,497
2025-11-01,P0342,529
2025-12-01,P0342,629
2024-01-01,P0343,1430
2024-02-01,P0343,1211
2024-03-01,P0343,1432
2024-04-01,P0343,1392
2024-05-01,P0343,1379
2024-06-01,P0343,1217
2024-07-01,P0343,1400
2024-08-01,P0343,851
2024-09-01,P0343,940
2024-10-01,P0343,1130
2024-11-01,P0343,1061
2024-12-01,P0343,1146
2025-01-01,P0343,1231
2025-02-01,P0343,1506
2025-03-01,P0343,1525
2025-04-01,P0343,1494
2025-05-01,P0343,1327
2025-06-01,P0343,1336
2025-07-01,P0343,1140
2025-08-01,P0343,1189
2025-09-01,P0343,1323
2025-10-01,P0343,1318
2025-11-01,P0343,1242
2025-12-01,P0343,1337
2024-01-01,P0344,457
2024-02-01,P0344,569
2024-03-01,P0344,543
2024-04-01,P0344,551
2024-05-01,P0344,528
2024-06-01,P0344,483
2024-07-01,P0344,451
2024-08-01,P0344,437
2024-09-01,P0344,375
2024-10-01,P0344,337
2024-11-01,P0344,308
2024-12-01,P0344,400
2025-01-01,P0344,352
2025-02-01,P0344,503
2025-03-01,P0344,510
2025-04-01,P0344,447
2025-05-01,P0344,474
2025-06-01,P0344,472
2025-07-01,P0344,375
2025-08-01,P0344,294
2025-09-01,P0344,367
2025-10-01,P0344,395
2025-11-01,P0344,310
2025-12-01,P0344,376
2024-01-01,P0345,956
2024-02-01,P0345,1217
2024-03-01,P0345,1233
2024-04-01,P0345,1273
2024-05-01,P0345,1255
2024-06-01,P0345,1157
2024-07-01,P0345,1040
2024-08-01,P0345,999
2024-09-01,P0345,953
2024-10-01,P0345,875
2024-11-01,P0345,961
2024-12-01,P0345,972
2025-01-01,P0345,1004
2025-02-01,P0345,1301
2025-03-01,P0345,1211
2025-04-01,P0345,1317
2025-05-01,P0345,1247
2025-06-01,P0345,1238
2025-07-01,P0345,1323
2025-08-01,P0345,1126
2025-09-01,P0345,961
2025-10-01,P0345,1036
2025-11-01,P0345,1082
2025-12-01,P0345,1184
2024-01-01,P0346,595
2024-02-01,P0346,713
2024-03-01,P0346,754
2024-04-01,P0346,686
2024-05-01,P0346,778
2024-06-01,P0346,696
2024-07-01,P0346,690
2024-08-01,P0346,670
2024-09-01,P0346,539
2024-10-01,P0346,570
2024-11-01,P0346,603
2024-12-01,P0346,731
2025-01-01,P0346,783
2025-02-01,P0346,873
2025-03-01,P0346,813
2025-04-01,P0346,945
2025-05-01,P0346,978
2025-06-01,P0346,820
2025-07-01,P0346,822
2025-08-01,P0346,785
2025-09-01,P0346,683
2025-10-01,P0346,735
2025-11-01,P0346,843
2025-12-01,P0346,827
2024-01-01,P0347,1123
2024-02-01,P0347,1031
2024-03-01,P0347,1078
2024-04-01,P0347,1103
2024-05-01,P0347,1257
2024-06-01,P0347,1202
2024-07-01,P0347,994
2024-08-01,P0347,978
2024-09-01,P0347,953
2024-10-01,P0347,1017
2024-11-01,P0347,1038
2024-12-01,P0347,1019
2025-01-01,P0347,930
2025-02-01,P0347,990
2025-03-01,P0347,1103
2025-04-01,P0347,953
2025-05-01,P0347,1216
2025-06-01,P0347,1094
2025-07-01,P0347,1006
2025-08-01,P0347,1131
2025-09-01,P0347,952
2025-10-01,P0347,917
2025-11-01,P0347,916
2025-12-01,P0347,1026
2024-01-01,P0348,136
2024-02-01,P0348,138
2024-03-01,P0348,146
2024-04-01,P0348,139
2024-05-01,P0348,147
2024-06-01,P0348,147
2024-07-01,P0348,120
2024-08-01,P0348,134
2024-09-01,P0348,140
2024-10-01,P0348,129
2024-11-01,P0348,131
2024-12-01,P0348,146
2025-01-01,P0348,136
2025-02-01,P0348,143
2025-03-01,P0348,151
2025-04-01,P0348,165
2025-05-01,P0348,150
2025-06-01,P0348,148
2025-07-01,P0348,144
2025-08-01,P0348,137
2025-09-01,P0348,133
2025-10-01,P0348,127
2025-11-01,P0348,148
2025-12-01,P0348,146
2024-01-01,P0349,822
2024-02-01,P0349,865
2024-03-01,P0349,934
2024-04-01,P0349,838
2024-05-01,P0349,916
2024-06-01,P0349,984
2024-07-01,P0349,886
2024-08-01,P0349,916
2024-09-01,P0349,760
2024-10-01,P0349,696
2024-11-01,P0349,595
2024-12-01,P0349,719
2025-01-01,P0349,744
2025-02-01,P0349,838
2025-03-01,P0349,847
2025-04-01,P0349,907
2025-05-01,P0349,934
2025-06-01,P0349,819
2025-07-01,P0349,942
2025-08-01,P0349,668
2025-09-01,P0349,597
2025-10-01,P0349,803
2025-11-01,P0349,575
2025-12-01,P0349,792
2024-01-01,P0350,183
2024-02-01,P0350,187
2024-03-01,P0350,216
2024-04-01,P0350,226
2024-05-01,P0350,205
2024-06-01,P0350,230
2024-07-01,P0350,211
2024-08-01,P0350,211
2024-09-01,P0350,221
2024-10-01,P0350,218
2024-11-01,P0350,204
2024-12-01,P0350,222
2025-01-01,P0350,288
2025-02-01,P0350,285
2025-03-01,P0350,327
2025-04-01,P0350,281
2025-05-01,P0350,320
2025-06-01,P0350,294
2025-07-01,P0350,293
2025-08-01,P0350,290
2025-09-01,P0350,287
2025-10-01,P0350,287
2025-11-01,P0350,323
2025-12-01,P0350,325
2024-01-01,P0351,1512
2024-02-01,P0351,1527
2024-03-01,P0351,1634
2024-04-01,P0351,1752
2024-05-01,P0351,1610
2024-06-01,P0351,1464
2024-07-01,P0351,1458
2024-08-01,P0351,1159
2024-09-01,P0351,991
2024-10-01,P0351,933
2024-11-01,P0351,1036
2024-12-01,P0351,1085
2025-01-01,P0351,1430
2025-02-01,P0351,1543
2025-03-01,P0351,1619
2025-04-01,P0351,1632
2025-05-01,P0351,1692
2025-06-01,P0351,1465
2025-07-01,P0351,1261
2025-08-01,P0351,955
2025-09-01,P0351,888
2025-10-01,P0351,1255
2025-11-01,P0351,1266
2025-12-01,P0351,1223
2024-01-01,P0352,455
2024-02-01,P0352,459
2024-03-01,P0352,541
2024-04-01,P0352,523
2024-05-01,P0352,455
2024-06-01,P0352,486
2024-07-01,P0352,514
2024-08-01,P0352,419
2024-09-01,P0352,425
2024-10-01,P0352,472
2024-11-01,P0352,438
2024-12-01,P0352,520
2025-01-01,P0352,523
2025-02-01,P0352,526
2025-03-01,P0352,538
2025-04-01,P0352,579
2025-05-01,P0352,575
2025-06-01,P0352,518
2025-07-01,P0352,539
2025-08-01,P0352,480
2025-09-01,P0352,528
2025-10-01,P0352,517
2025-11-01,P0352,608
2025-12-01,P0352,632
2024-01-01,P0353,1436
2024-02-01,P0353,1500
2024-03-01,P0353,1692
2024-04-01,P0353,1721
2024-05-01,P0353,1599
2024-06-01,P0353,1383
2024-07-01,P0353,1370
2024-08-01,P0353,1272
2024-09-01,P0353,1144
2024-10-01,P0353,1018
2024-11-01,P0353,1142
2024-12-01,P0353,1424
2025-01-01,P0353,1350
2025-02-01,P0353,1553
2025-03-01,P0353,1395
2025-04-01,P0353,1489
2025-05-01,P0353,1629
2025-06-01,P0353,1324
2025-07-01,P0353,1042
2025-08-01,P0353,1183
2025-09-01,P0353,1031
2025-10-01,P0353,997
2025-11-01,P0353,1014
2025-12-01,P0353,1108
2024-01-01,P0354,386
2024-02-01,P0354,366
2024-03-01,P0354,438
2024-04-01,P0354,417
2024-05-01,P0354,442
2024-06-01,P0354,405
2024-07-01,P0354,344
2024-08-01,P0354,318
2024-09-01,P0354,315
2024-10-01,P0354,310
2024-11-01,P0354,270
2024-12-01,P0354,308
2025-01-01,P0354,415
2025-02-01,P0354,316
2025-03-01,P0354,411
2025-04-01,P0354,431
2025-05-01,P0354,304
2025-06-01,P0354,381
2025-07-01,P0354,324
2025-08-01,P0354,223
2025-09-01,P0354,168
2025-10-01,P0354,230
2025-11-01,P0354,216
2025-12-01,P0354,236
2024-01-01,P0355,1570
2024-02-01,P0355,1723
2024-03-01,P0355,1669
2024-04-01,P0355,1764
2024-05-01,P0355,1762
2024-06-01,P0355,1371
2024-07-01,P0355,1267
2024-08-01,P0355,1275
2024-09-01,P0355,1140
2024-10-01,P0355,1183
2024-11-01,P0355,1248
2024-12-01,P0355,1247
2025-01-01,P0355,1483
2025-02-01,P0355,1397
2025-03-01,P0355,1556
2025-04-01,P0355,1587
2025-05-01,P0355,1553
2025-06-01,P0355,1565
2025-07-01,P0355,1094
2025-08-01,P0355,1146
2025-09-01,P0355,861
2025-10-01,P0355,901
2025-11-01,P0355,1046
2025-12-01,P0355,1173
2024-01-01,P0356,1534
2024-02-01,P0356,1673
2024-03-01,P0356,1819
2024-04-01,P0356,1747
2024-05-01,P0356,1777
2024-06-01,P0356,1752
2024-07-01,P0356,1706
2024-08-01,P0356,1300
2024-09-01,P0356,1238
2024-10-01,P0356,1100
2024-11-01,P0356,1246
2024-12-01,P0356,1220
2025-01-01,P0356,1432
2025-02-01,P0356,1677
2025-03-01,P0356,1881
2025-04-01,P0356,1767
2025-05-01,P0356,1715
2025-06-01,P0356,1735
2025-07-01,P0356,1665
2025-08-01,P0356,1396
2025-09-01,P0356,1340
2025-10-01,P0356,1159
2025-11-01,P0356,1379
2025-12-01,P0356,1469
2024-01-01,P0357,150
2024-02-01,P0357,185
2024-03-01,P0357,230
2024-04-01,P0357,235
2024-05-01,P0357,251
2024-06-01,P0357,260
2024-07-01,P0357,237
2024-08-01,P0357,243
2024-09-01,P0357,220
2024-10-01,P0357,227
2024-11-01,P0357,247
2024-12-01,P0357,289
2025-01-01,P0357,297
2025-02-01,P0357,333
2025-03-01,P0357,353
2025-04-01,P0357,382
2025-05-01,P0357,380
2025-06-01,P0357,346
2025-07-01,P0357,378
2025-08-01,P0357,365
2025-09-01,P0357,379
2025-10-01,P0357,385
2025-11-01,P0357,406
2025-12-01,P0357,441
2024-01-01,P0358,463
2024-02-01,P0358,429
2024-03-01,P0358,478
2024-04-01,P0358,368
2024-05-01,P0358,450
2024-06-01,P0358,506
2024-07-01,P0358,392
2024-08-01,P0358,357
2024-09-01,P0358,423
2024-10-01,P0358,424
2024-11-01,P0358,380
2024-12-01,P0358,435
2025-01-01,P0358,381
2025-02-01,P0358,393
2025-03-01,P0358,413
2025-04-01,P0358,468
2025-05-01,P0358,450
2025-06-01,P0358,398
2025-07-01,P0358,341
2025-08-01,P0358,420
2025-09-01,P0358,343
2025-10-01,P0358,364
2025-11-01,P0358,329
2025-12-01,P0358,408
2024-01-01,P0359,988
2024-02-01,P0359,1139
2024-03-01,P0359,1212
2024-04-01,P0359,1219
2024-05-01,P0359,1020
2024-06-01,P0359,993
2024-07-01,P0359,987
2024-08-01,P0359,891
2024-09-01,P0359,891
2024-10-01,P0359,809
2024-11-01,P0359,865
2024-12-01,P0359,1020
2025-01-01,P0359,922
2025-02-01,P0359,920
2025-03-01,P0359,1170
2025-04-01,P0359,1081
2025-05-01,P0359,1055
2025-06-01,P0359,1002
2025-07-01,P0359,1052
2025-08-01,P0359,925
2025-09-01,P0359,742
2025-10-01,P0359,859
2025-11-01,P0359,791
2025-12-01,P0359,791
2024-01-01,P0360,270
2024-02-01,P0360,267
2024-03-01,P0360,284
2024-04-01,P0360,301
2024-05-01,P0360,315
2024-06-01,P0360,233
2024-07-01,P0360,243
2024-08-01,P0360,223
2024-09-01,P0360,161
2024-10-01,P0360,193
2024-11-01,P0360,172
2024-12-01,P0360,228
2025-01-01,P0360,249
2025-02-01,P0360,238
2025-03-01,P0360,270
2025-04-01,P0360,303
2025-05-01,P0360,290
2025-06-01,P0360,240
2025-07-01,P0360,196
2025-08-01,P0360,206
2025-09-01,P0360,193
2025-10-01,P0360,141
2025-11-01,P0360,144
2025-12-01,P0360,135
2024-01-01,P0361,1339
2024-02-01,P0361,1344
2024-03-01,P0361,1638
2024-04-01,P0361,1522
2024-05-01,P0361,1538
2024-06-01,P0361,1345
2024-07-01,P0361,979
2024-08-01,P0361,997
2024-09-01,P0361,900
2024-10-01,P0361,913
2024-11-01,P0361,1134
2024-12-01,P0361,1101
2025-01-01,P0361,1177
2025-02-01,P0361,1242
2025-03-01,P0361,1387
2025-04-01,P0361,1406
2025-05-01,P0361,1259
2025-06-01,P0361,1288
2025-07-01,P0361,1154
2025-08-01,P0361,1130
2025-09-01,P0361,1015
2025-10-01,P0361,691
2025-11-01,P0361,924
2025-12-01,P0361,733
2024-01-01,P0362,1179
2024-02-01,P0362,1133
2024-03-01,P0362,1269
2024-04-01,P0362,1473
2024-05-01,P0362,1257
2024-06-01,P0362,1254
2024-07-01,P0362,1233
2024-08-01,P0362,819
2024-09-01,P0362,621
2024-10-01,P0362,988
2024-11-01,P0362,999
2024-12-01,P0362,1007
2025-01-01,P0362,924
2025-02-01,P0362,1229
2025-03-01,P0362,1384
2025-04-01,P0362,1558
2025-05-01,P0362,1357
2025-06-01,P0362,1402
2025-07-01,P0362,1056
2025-08-01,P0362,845
2025-09-01,P0362,891
2025-10-01,P0362,788
2025-11-01,P0362,906
2025-12-01,P0362,1001
2024-01-01,P0363,476
2024-02-01,P0363,545
2024-03-01,P0363,514
2024-04-01,P0363,523
2024-05-01,P0363,564
2024-06-01,P0363,496
2024-07-01,P0363,420
2024-08-01,P0363,411
2024-09-01,P0363,406
2024-10-01,P0363,424
2024-11-01,P0363,350
2024-12-01,P0363,440
2025-01-01,P0363,519
2025-02-01,P0363,514
2025-03-01,P0363,481
2025-04-01,P0363,434
2025-05-01,P0363,403
2025-06-01,P0363,420
2025-07-01,P0363,344
2025-08-01,P0363,361
2025-09-01,P0363,354
2025-10-01,P0363,265
2025-11-01,P0363,316
2025-12-01,P0363,311
2024-01-01,P0364,1432
2024-02-01,P0364,1469
2024-03-01,P0364,1593
2024-04-01,P0364,1614
2024-05-01,P0364,1357
2024-06-01,P0364,1207
2024-07-01,P0364,1214
2024-08-01,P0364,1277
2024-09-01,P0364,1065
2024-10-01,P0364,1270
2024-11-01,P0364,1089
2024-12-01,P0364,1203
2025-01-01,P0364,1145
2025-02-01,P0364,1232
2025-03-01,P0364,1345
2025-04-01,P0364,1500
2025-05-01,P0364,1427
2025-06-01,P0364,1378
2025-07-01,P0364,1271
2025-08-01,P0364,1129
2025-09-01,P0364,1170
2025-10-01,P0364,1061
2025-11-01,P0364,1141
2025-12-01,P0364,1199
2024-01-01,P0365,1397
2024-02-01,P0365,1506
2024-03-01,P0365,1546
2024-04-01,P0365,1521
2024-05-01,P0365,1641
2024-06-01,P0365,1540
2024-07-01,P0365,1678
2024-08-01,P0365,1268
2024-09-01,P0365,1280
2024-10-01,P0365,1328
2024-11-01,P0365,1284
2024-12-01,P0365,1243
2025-01-01,P0365,1433
2025-02-01,P0365,1676
2025-03-01,P0365,1256
2025-04-01,P0365,1651
2025-05-01,P0365,1784
2025-06-01,P0365,1599
2025-07-01,P0365,1421
2025-08-01,P0365,1497
2025-09-01,P0365,1590
2025-10-01,P0365,1180
2025-11-01,P0365,1282
2025-12-01,P0365,1492
2024-01-01,P0366,913
2024-02-01,P0366,1040
2024-03-01,P0366,1059
2024-04-01,P0366,1188
2024-05-01,P0366,1095
2024-06-01,P0366,1116
2024-07-01,P0366,1117
2024-08-01,P0366,749
2024-09-01,P0366,824
2024-10-01,P0366,805
2024-11-01,P0366,814
2024-12-01,P0366,895
2025-01-01,P0366,854
2025-02-01,P0366,871
2025-03-01,P0366,1072
2025-04-01,P0366,1096
2025-05-01,P0366,1062
2025-06-01,P0366,1030
2025-07-01,P0366,1064
2025-08-01,P0366,965
2025-09-01,P0366,767
2025-10-01,P0366,777
2025-11-01,P0366,803
2025-12-01,P0366,839
2024-01-01,P0367,1288
2024-02-01,P0367,1574
2024-03-01,P0367,1968
2024-04-01,P0367,1698
2024-05-01,P0367,1665
2024-06-01,P0367,1679
2024-07-01,P0367,1319
2024-08-01,P0367,1297
2024-09-01,P0367,1132
2024-10-01,P0367,1329
2024-11-01,P0367,1335
2024-12-01,P0367,1183
2025-01-01,P0367,1409
2025-02-01,P0367,1446
2025-03-01,P0367,1992
2025-04-01,P0367,2057
2025-05-01,P0367,1751
2025-06-01,P0367,1784
2025-07-01,P0367,1646
2025-08-01,P0367,1236
2025-09-01,P0367,1265
2025-10-01,P0367,1161
2025-11-01,P0367,1188
2025-12-01,P0367,1498
2024-01-01,P0368,228
2024-02-01,P0368,251
2024-03-01,P0368,226
2024-04-01,P0368,196
2024-05-01,P0368,229
2024-06-01,P0368,202
2024-07-01,P0368,182
2024-08-01,P0368,217
2024-09-01,P0368,210
2024-10-01,P0368,163
2024-11-01,P0368,183
2024-12-01,P0368,207
2025-01-01,P0368,185
2025-02-01,P0368,224
2025-03-01,P0368,184
2025-04-01,P0368,205
2025-05-01,P0368,189
2025-06-01,P0368,195
2025-07-01,P0368,152
2025-08-01,P0368,179
2025-09-01,P0368,138
2025-10-01,P0368,168
2025-11-01,P0368,158
2025-12-01,P0368,188
2024-01-01,P0369,199
2024-02-01,P0369,201
2024-03-01,P0369,191
2024-04-01,P0369,213
2024-05-01,P0369,220
2024-06-01,P0369,200
2024-07-01,P0369,180
2024-08-01,P0369,140
2024-09-01,P0369,131
2024-10-01,P0369,148
2024-11-01,P0369,123
2024-12-01,P0369,136
2025-01-01,P0369,148
2025-02-01,P0369,184
2025-03-01,P0369,174
2025-04-01,P0369,175
2025-05-01,P0369,189
2025-06-01,P0369,157
2025-07-01,P0369,134
2025-08-01,P0369,109
2025-09-01,P0369,103
2025-10-01,P0369,87
2025-11-01,P0369,60
2025-12-01,P0369,114
2024-01-01,P0370,1537
2024-02-01,P0370,1385
2024-03-01,P0370,1578
2024-04-01,P0370,1880
2024-05-01,P0370,1735
2024-06-01,P0370,1532
2024-07-01,P0370,1436
2024-08-01,P0370,1390
2024-09-01,P0370,1294
2024-10-01,P0370,1161
2024-11-01,P0370,1160
2024-12-01,P0370,1336
2025-01-01,P0370,1523
2025-02-01,P0370,1470
2025-03-01,P0370,1691
2025-04-01,P0370,1693
2025-05-01,P0370,1775
2025-06-01,P0370,1588
2025-07-01,P0370,1355
2025-08-01,P0370,1347
2025-09-01,P0370,1232
2025-10-01,P0370,1122
2025-11-01,P0370,1162
2025-12-01,P0370,1415
2024-01-01,P0371,990
2024-02-01,P0371,867
2024-03-01,P0371,1082
2024-04-01,P0371,1062
2024-05-01,P0371,991
2024-06-01,P0371,966
2024-07-01,P0371,966
2024-08-01,P0371,764
2024-09-01,P0371,642
2024-10-01,P0371,611
2024-11-01,P0371,821
2024-12-01,P0371,830
2025-01-01,P0371,762
2025-02-01,P0371,800
2025-03-01,P0371,1001
2025-04-01,P0371,997
2025-05-01,P0371,971
2025-06-01,P0371,964
2025-07-01,P0371,898
2025-08-01,P0371,883
2025-09-01,P0371,777
2025-10-01,P0371,615
2025-11-01,P0371,707
2025-12-01,P0371,717
2024-01-01,P0372,486
2024-02-01,P0372,441
2024-03-01,P0372,439
2024-04-01,P0372,419
2024-05-01,P0372,387
2024-06-01,P0372,424
2024-07-01,P0372,340
2024-08-01,P0372,350
2024-09-01,P0372,337
2024-10-01,P0372,376
2024-11-01,P0372,352
2024-12-01,P0372,337
2025-01-01,P0372,347
2025-02-01,P0372,258
2025-03-01,P0372,366
2025-04-01,P0372,350
2025-05-01,P0372,359
2025-06-01,P0372,345
2025-07-01,P0372,312
2025-08-01,P0372,296
2025-09-01,P0372,265
2025-10-01,P0372,275
2025-11-01,P0372,276
2025-12-01,P0372,337
2024-01-01,P0373,1246
2024-02-01,P0373,1304
2024-03-01,P0373,1397
2024-04-01,P0373,1642
2024-05-01,P0373,1544
2024-06-01,P0373,1365
2024-07-01,P0373,1323
2024-08-01,P0373,1071
2024-09-01,P0373,1087
2024-10-01,P0373,1072
2024-11-01,P0373,1003
2024-12-01,P0373,1112
2025-01-01,P0373,1264
2025-02-01,P0373,1375
2025-03-01,P0373,1537
2025-04-01,P0373,1246
2025-05-01,P0373,1346
2025-06-01,P0373,1458
2025-07-01,P0373,1256
2025-08-01,P0373,1049
2025-09-01,P0373,924
2025-10-01,P0373,877
2025-11-01,P0373,1132
2025-12-01,P0373,1123
2024-01-01,P0374,895
2024-02-01,P0374,897
2024-03-01,P0374,908
2024-04-01,P0374,964
2024-05-01,P0374,966
2024-06-01,P0374,1004
2024-07-01,P0374,837
2024-08-01,P0374,858
2024-09-01,P0374,738
2024-10-01,P0374,739
2024-11-01,P0374,751
2024-12-01,P0374,825
2025-01-01,P0374,913
2025-02-01,P0374,895
2025-03-01,P0374,934
2025-04-01,P0374,1001
2025-05-01,P0374,966
2025-06-01,P0374,1042
2025-07-01,P0374,913
2025-08-01,P0374,889
2025-09-01,P0374,784
2025-10-01,P0374,795
2025-11-01,P0374,834
2025-12-01,P0374,785
2024-01-01,P0375,534
2024-02-01,P0375,755
2024-03-01,P0375,645
2024-04-01,P0375,748
2024-05-01,P0375,820
2024-06-01,P0375,689
2024-07-01,P0375,684
2024-08-01,P0375,603
2024-09-01,P0375,571
2024-10-01,P0375,473
2024-11-01,P0375,565
2024-12-01,P0375,572
2025-01-01,P0375,743
2025-02-01,P0375,665
2025-03-01,P0375,776
2025-04-01,P0375,817
2025-05-01,P0375,822
2025-06-01,P0375,810
2025-07-01,P0375,590
2025-08-01,P0375,613
2025-09-01,P0375,652
2025-10-01,P0375,571
2025-11-01,P0375,573
2025-12-01,P0375,624
2024-01-01,P0376,431
2024-02-01,P0376,547
2024-03-01,P0376,502
2024-04-01,P0376,527
2024-05-01,P0376,502
2024-06-01,P0376,510
2024-07-01,P0376,415
2024-08-01,P0376,318
2024-09-01,P0376,348
2024-10-01,P0376,232
2024-11-01,P0376,348
2024-12-01,P0376,359
2025-01-01,P0376,332
2025-02-01,P0376,379
2025-03-01,P0376,430
2025-04-01,P0376,369
2025-05-01,P0376,343
2025-06-01,P0376,372
2025-07-01,P0376,345
2025-08-01,P0376,304
2025-09-01,P0376,214
2025-10-01,P0376,272
2025-11-01,P0376,243
2025-12-01,P0376,265
2024-01-01,P0377,1587
2024-02-01,P0377,1532
2024-03-01,P0377,1790
2024-04-01,P0377,1729
2024-05-01,P0377,1535
2024-06-01,P0377,1439
2024-07-01,P0377,1399
2024-08-01,P0377,1359
2024-09-01,P0377,1009
2024-10-01,P0377,1119
2024-11-01,P0377,1155
2024-12-01,P0377,1379
2025-01-01,P0377,1482
2025-02-01,P0377,1596
2025-03-01,P0377,1561
2025-04-01,P0377,1678
2025-05-01,P0377,1502
2025-06-01,P0377,1332
2025-07-01,P0377,1305
2025-08-01,P0377,1276
2025-09-01,P0377,1123
2025-10-01,P0377,1180
2025-11-01,P0377,1359
2025-12-01,P0377,1169
2024-01-01,P0378,314
2024-02-01,P0378,304
2024-03-01,P0378,406
2024-04-01,P0378,404
2024-05-01,P0378,330
2024-06-01,P0378,383
2024-07-01,P0378,308
2024-08-01,P0378,339
2024-09-01,P0378,279
2024-10-01,P0378,309
2024-11-01,P0378,256
2024-12-01,P0378,264
2025-01-01,P0378,274
2025-02-01,P0378,283
2025-03-01,P0378,327
2025-04-01,P0378,366
2025-05-01,P0378,283
2025-06-01,P0378,331
2025-07-01,P0378,257
2025-08-01,P0378,260
2025-09-01,P0378,268
2025-10-01,P0378,245
2025-11-01,P0378,235
2025-12-01,P0378,244
2024-01-01,P0379,905
2024-02-01,P0379,852
2024-03-01,P0379,1001
2024-04-01,P0379,919
2024-05-01,P0379,1004
2024-06-01,P0379,1011
2024-07-01,P0379,1002
2024-08-01,P0379,830
2024-09-01,P0379,877
2024-10-01,P0379,836
2024-11-01,P0379,905
2024-12-01,P0379,1018
2025-01-01,P0379,1076
2025-02-01,P0379,1035
2025-03-01,P0379,1167
2025-04-01,P0379,1033
2025-05-01,P0379,1145
2025-06-01,P0379,996
2025-07-01,P0379,1088
2025-08-01,P0379,1084
2025-09-01,P0379,997
2025-10-01,P0379,1026
2025-11-01,P0379,1000
2025-12-01,P0379,1031
2024-01-01,P0380,259
2024-02-01,P0380,284
2024-03-01,P0380,290
2024-04-01,P0380,293
2024-05-01,P0380,295
2024-06-01,P0380,255
2024-07-01,P0380,202
2024-08-01,P0380,185
2024-09-01,P0380,181
2024-10-01,P0380,108
2024-11-01,P0380,140
2024-12-01,P0380,169
2025-01-01,P0380,197
2025-02-01,P0380,208
2025-03-01,P0380,233
2025-04-01,P0380,221
2025-05-01,P0380,241
2025-06-01,P0380,171
2025-07-01,P0380,193
2025-08-01,P0380,95
2025-09-01,P0380,85
2025-10-01,P0380,57
2025-11-01,P0380,112
2025-12-01,P0380,97
2024-01-01,P0381,1359
2024-02-01,P0381,1523
2024-03-01,P0381,1679
2024-04-01,P0381,1620
2024-05-01,P0381,1470
2024-06-01,P0381,1552
2024-07-01,P0381,1213
2024-08-01,P0381,1111
2024-09-01,P0381,1131
2024-10-01,P0381,844
2024-11-01,P0381,1016
2024-12-01,P0381,1162
2025-01-01,P0381,1322
2025-02-01,P0381,1836
2025-03-01,P0381,1633
2025-04-01,P0381,1493
2025-05-01,P0381,1764
2025-06-01,P0381,1459
2025-07-01,P0381,1334
2025-08-01,P0381,1489
2025-09-01,P0381,1169
2025-10-01,P0381,1022
2025-11-01,P0381,1001
2025-12-01,P0381,1307
2024-01-01,P0382,1582
2024-02-01,P0382,1785
2024-03-01,P0382,1652
2024-04-01,P0382,1516
2024-05-01,P0382,1543
2024-06-01,P0382,1436
2024-07-01,P0382,1535
2024-08-01,P0382,1476
2024-09-01,P0382,1496
2024-10-01,P0382,1340
2024-11-01,P0382,1279
2024-12-01,P0382,1242
2025-01-01,P0382,1503
2025-02-01,P0382,1689
2025-03-01,P0382,1658
2025-04-01,P0382,1810
2025-05-01,P0382,1896
2025-06-01,P0382,1672
2025-07-01,P0382,1645
2025-08-01,P0382,1487
2025-09-01,P0382,1305
2025-10-01,P0382,1386
2025-11-01,P0382,1388
2025-12-01,P0382,1580
2024-01-01,P0383,1097
2024-02-01,P0383,1230
2024-03-01,P0383,1336
2024-04-01,P0383,1428
2024-05-01,P0383,1263
2024-06-01,P0383,1282
2024-07-01,P0383,961
2024-08-01,P0383,924
2024-09-01,P0383,933
2024-10-01,P0383,930
2024-11-01,P0383,986
2024-12-01,P0383,922
2025-01-01,P0383,1129
2025-02-01,P0383,1361
2025-03-01,P0383,1233
2025-04-01,P0383,1323
2025-05-01,P0383,1538
2025-06-01,P0383,1176
2025-07-01,P0383,1179
2025-08-01,P0383,1214
2025-09-01,P0383,1082
2025-10-01,P0383,1020
2025-11-01,P0383,1026
2025-12-01,P0383,1162
2024-01-01,P0384,618
2024-02-01,P0384,735
2024-03-01,P0384,615
2024-04-01,P0384,616
2024-05-01,P0384,619
2024-06-01,P0384,676
2024-07-01,P0384,588
2024-08-01,P0384,649
2024-09-01,P0384,537
2024-10-01,P0384,557
2024-11-01,P0384,597
2024-12-01,P0384,567
2025-01-01,P0384,696
2025-02-01,P0384,651
2025-03-01,P0384,743
2025-04-01,P0384,791
2025-05-01,P0384,778
2025-06-01,P0384,758
2025-07-01,P0384,747
2025-08-01,P0384,770
2025-09-01,P0384,698
2025-10-01,P0384,742
2025-11-01,P0384,746
2025-12-01,P0384,691
2024-01-01,P0385,845
2024-02-01,P0385,912
2024-03-01,P0385,1082
2024-04-01,P0385,950
2024-05-01,P0385,885
2024-06-01,P0385,916
2024-07-01,P0385,964
2024-08-01,P0385,750
2024-09-01,P0385,882
2024-10-01,P0385,930
2024-11-01,P0385,918
2024-12-01,P0385,833
2025-01-01,P0385,968
2025-02-01,P0385,1010
2025-03-01,P0385,1033
2025-04-01,P0385,1156
2025-05-01,P0385,909
2025-06-01,P0385,934
2025-07-01,P0385,906
2025-08-01,P0385,911
2025-09-01,P0385,876
2025-10-01,P0385,862
2025-11-01,P0385,895
2025-12-01,P0385,920
2024-01-01,P0386,215
2024-02-01,P0386,206
2024-03-01,P0386,230
2024-04-01,P0386,244
2024-05-01,P0386,240
2024-06-01,P0386,212
2024-07-01,P0386,215
2024-08-01,P0386,226
2024-09-01,P0386,201
2024-10-01,P0386,239
2024-11-01,P0386,239
2024-12-01,P0386,244
2025-01-01,P0386,262
2025-02-01,P0386,282
2025-03-01,P0386,323
2025-04-01,P0386,260
2025-05-01,P0386,262
2025-06-01,P0386,319
2025-07-01,P0386,289
2025-08-01,P0386,279
2025-09-01,P0386,295
2025-10-01,P0386,275
2025-11-01,P0386,269
2025-12-01,P0386,295
2024-01-01,P0387,667
2024-02-01,P0387,725
2024-03-01,P0387,832
2024-04-01,P0387,929
2024-05-01,P0387,839
2024-06-01,P0387,677
2024-07-01,P0387,672
2024-08-01,P0387,670
2024-09-01,P0387,535
2024-10-01,P0387,427
2024-11-01,P0387,666
2024-12-01,P0387,602
2025-01-01,P0387,690
2025-02-01,P0387,814
2025-03-01,P0387,812
2025-04-01,P0387,779
2025-05-01,P0387,889
2025-06-01,P0387,832
2025-07-01,P0387,749
2025-08-01,P0387,637
2025-09-01,P0387,539
2025-10-01,P0387,527
2025-11-01,P0387,579
2025-12-01,P0387,662
2024-01-01,P0388,588
2024-02-01,P0388,616
2024-03-01,P0388,736
2024-04-01,P0388,703
2024-05-01,P0388,755
2024-06-01,P0388,641
2024-07-01,P0388,587
2024-08-01,P0388,608
2024-09-01,P0388,517
2024-10-01,P0388,485
2024-11-01,P0388,643
2024-12-01,P0388,625
2025-01-01,P0388,640
2025-02-01,P0388,691
2025-03-01,P0388,708
2025-04-01,P0388,762
2025-05-01,P0388,743
2025-06-01,P0388,765
2025-07-01,P0388,637
2025-08-01,P0388,653
2025-09-01,P0388,537
2025-10-01,P0388,514
2025-11-01,P0388,615
2025-12-01,P0388,596
2024-01-01,P0389,1543
2024-02-01,P0389,1485
2024-03-01,P0389,1405
2024-04-01,P0389,1757
2024-05-01,P0389,1410
2024-06-01,P0389,1490
2024-07-01,P0389,1367
2024-08-01,P0389,1301
2024-09-01,P0389,1148
2024-10-01,P0389,1119
2024-11-01,P0389,1321
2024-12-01,P0389,1414
2025-01-01,P0389,1563
2025-02-01,P0389,1621
2025-03-01,P0389,1824
2025-04-01,P0389,1907
2025-05-01,P0389,1843
2025-06-01,P0389,1634
2025-07-01,P0389,1527
2025-08-01,P0389,1362
2025-09-01,P0389,1196
2025-10-01,P0389,1199
2025-11-01,P0389,1463
2025-12-01,P0389,1437
2024-01-01,P0390,706
2024-02-01,P0390,775
2024-03-01,P0390,818
2024-04-01,P0390,686
2024-05-01,P0390,753
2024-06-01,P0390,667
2024-07-01,P0390,656
2024-08-01,P0390,692
2024-09-01,P0390,630
2024-10-01,P0390,571
2024-11-01,P0390,470
2024-12-01,P0390,506
2025-01-01,P0390,569
2025-02-01,P0390,650
2025-03-01,P0390,645
2025-04-01,P0390,699
2025-05-01,P0390,725
2025-06-01,P0390,622
2025-07-01,P0390,519
2025-08-01,P0390,478
2025-09-01,P0390,464
2025-10-01,P0390,475
2025-11-01,P0390,500
2025-12-01,P0390,605
2024-01-01,P0391,1210
2024-02-01,P0391,1328
2024-03-01,P0391,1147
2024-04-01,P0391,1424
2024-05-01,P0391,1112
2024-06-01,P0391,1560
2024-07-01,P0391,1170
2024-08-01,P0391,1160
2024-09-01,P0391,1090
2024-10-01,P0391,1224
2024-11-01,P0391,1262
2024-12-01,P0391,1140
2025-01-01,P0391,1116
2025-02-01,P0391,1489
2025-03-01,P0391,1459
2025-04-01,P0391,1167
2025-05-01,P0391,1142
2025-06-01,P0391,1192
2025-07-01,P0391,1339
2025-08-01,P0391,1239
2025-09-01,P0391,982
2025-10-01,P0391,1174
2025-11-01,P0391,984
2025-12-01,P0391,1168
2024-01-01,P0392,406
2024-02-01,P0392,383
2024-03-01,P0392,418
2024-04-01,P0392,449
2024-05-01,P0392,492
2024-06-01,P0392,399
2024-07-01,P0392,409
2024-08-01,P0392,363
2024-09-01,P0392,411
2024-10-01,P0392,289
2024-11-01,P0392,359
2024-12-01,P0392,322
2025-01-01,P0392,343
2025-02-01,P0392,341
2025-03-01,P0392,456
2025-04-01,P0392,404
2025-05-01,P0392,356
2025-06-01,P0392,419
2025-07-01,P0392,390
2025-08-01,P0392,277
2025-09-01,P0392,336
2025-10-01,P0392,327
2025-11-01,P0392,313
2025-12-01,P0392,290
2024-01-01,P0393,313
2024-02-01,P0393,349
2024-03-01,P0393,307
2024-04-01,P0393,354
2024-05-01,P0393,375
2024-06-01,P0393,380
2024-07-01,P0393,319
2024-08-01,P0393,377
2024-09-01,P0393,263
2024-10-01,P0393,289
2024-11-01,P0393,314
2024-12-01,P0393,314
2025-01-01,P0393,326
2025-02-01,P0393,377
2025-03-01,P0393,390
2025-04-01,P0393,450
2025-05-01,P0393,364
2025-06-01,P0393,376
2025-07-01,P0393,372
2025-08-01,P0393,361
2025-09-01,P0393,315
2025-10-01,P0393,348
2025-11-01,P0393,322
2025-12-01,P0393,355
2024-01-01,P0394,1347
2024-02-01,P0394,1276
2024-03-01,P0394,1451
2024-04-01,P0394,1400
2024-05-01,P0394,1791
2024-06-01,P0394,1586
2024-07-01,P0394,1368
2024-08-01,P0394,1288
2024-09-01,P0394,1481
2024-10-01,P0394,1206
2024-11-01,P0394,1337
2024-12-01,P0394,1308
2025-01-01,P0394,1512
2025-02-01,P0394,1438
2025-03-01,P0394,1717
2025-04-01,P0394,1467
2025-05-01,P0394,1767
2025-06-01,P0394,1373
2025-07-01,P0394,1604
2025-08-01,P0394,1331
2025-09-01,P0394,1372
2025-10-01,P0394,1310
2025-11-01,P0394,1245
2025-12-01,P0394,1356
2024-01-01,P0395,254
2024-02-01,P0395,269
2024-03-01,P0395,266
2024-04-01,P0395,261
2024-05-01,P0395,310
2024-06-01,P0395,241
2024-07-01,P0395,278
2024-08-01,P0395,264
2024-09-01,P0395,253
2024-10-01,P0395,270
2024-11-01,P0395,286
2024-12-01,P0395,266
2025-01-01,P0395,319
2025-02-01,P0395,344
2025-03-01,P0395,294
2025-04-01,P0395,307
2025-05-01,P0395,316
2025-06-01,P0395,316
2025-07-01,P0395,346
2025-08-01,P0395,348
2025-09-01,P0395,311
2025-10-01,P0395,309
2025-11-01,P0395,358
2025-12-01,P0395,366
2024-01-01,P0396,1281
2024-02-01,P0396,1251
2024-03-01,P0396,1085
2024-04-01,P0396,1324
2024-05-01,P0396,1228
2024-06-01,P0396,1204
2024-07-01,P0396,1191
2024-08-01,P0396,1026
2024-09-01,P0396,1048
2024-10-01,P0396,1153
2024-11-01,P0396,1185
2024-12-01,P0396,1171
2025-01-01,P0396,1209
2025-02-01,P0396,1173
2025-03-01,P0396,1287
2025-04-01,P0396,1218
2025-05-01,P0396,1317
2025-06-01,P0396,1300
2025-07-01,P0396,1284
2025-08-01,P0396,1348
2025-09-01,P0396,1167
2025-10-01,P0396,1212
2025-11-01,P0396,1131
2025-12-01,P0396,1526
2024-01-01,P0397,286
2024-02-01,P0397,320
2024-03-01,P0397,360
2024-04-01,P0397,345
2024-05-01,P0397,355
2024-06-01,P0397,316
2024-07-01,P0397,295
2024-08-01,P0397,233
2024-09-01,P0397,250
2024-10-01,P0397,207
2024-11-01,P0397,183
2024-12-01,P0397,231
2025-01-01,P0397,302
2025-02-01,P0397,300
2025-03-01,P0397,316
2025-04-01,P0397,320
2025-05-01,P0397,325
2025-06-01,P0397,272
2025-07-01,P0397,233
2025-08-01,P0397,180
2025-09-01,P0397,171
2025-10-01,P0397,193
2025-11-01,P0397,191
2025-12-01,P0397,183
2024-01-01,P0398,1334
2024-02-01,P0398,1459
2024-03-01,P0398,1750
2024-04-01,P0398,1778
2024-05-01,P0398,1575
2024-06-01,P0398,1578
2024-07-01,P0398,1450
2024-08-01,P0398,1460
2024-09-01,P0398,1138
2024-10-01,P0398,1240
2024-11-01,P0398,1209
2024-12-01,P0398,1347
2025-01-01,P0398,1430
2025-02-01,P0398,1789
2025-03-01,P0398,1916
2025-04-01,P0398,1728
2025-05-01,P0398,1825
2025-06-01,P0398,1897
2025-07-01,P0398,1527
2025-08-01,P0398,1301
2025-09-01,P0398,1306
2025-10-01,P0398,1255
2025-11-01,P0398,1235
2025-12-01,P0398,1659
2024-01-01,P0399,1456
2024-02-01,P0399,1547
2024-03-01,P0399,1555
2024-04-01,P0399,1402
2024-05-01,P0399,1496
2024-06-01,P0399,1539
2024-07-01,P0399,1475
2024-08-01,P0399,1336
2024-09-01,P0399,1382
2024-10-01,P0399,1228
2024-11-01,P0399,1517
2024-12-01,P0399,1424
2025-01-01,P0399,1277
2025-02-01,P0399,1371
2025-03-01,P0399,1576
2025-04-01,P0399,1506
2025-05-01,P0399,1531
2025-06-01,P0399,1597
2025-07-01,P0399,1717
2025-08-01,P0399,1470
2025-09-01,P0399,1447
2025-10-01,P0399,1419
2025-11-01,P0399,1314
2025-12-01,P0399,1406
2024-01-01,P0400,883
2024-02-01,P0400,807
2024-03-01,P0400,965
2024-04-01,P0400,1003
2024-05-01,P0400,803
2024-06-01,P0400,757
2024-07-01,P0400,736
2024-08-01,P0400,716
2024-09-01,P0400,647
2024-10-01,P0400,616
2024-11-01,P0400,537
2024-12-01,P0400,712
2025-01-01,P0400,672
2025-02-01,P0400,792
2025-03-01,P0400,875
2025-04-01,P0400,907
2025-05-01,P0400,882
2025-06-01,P0400,850
2025-07-01,P0400,629
2025-08-01,P0400,579
2025-09-01,P0400,520
2025-10-01,P0400,482
2025-11-01,P0400,576
2025-12-01,P0400,541
2024-01-01,P0401,1379
2024-02-01,P0401,1342
2024-03-01,P0401,1485
2024-04-01,P0401,1712
2024-05-01,P0401,1499
2024-06-01,P0401,1506
2024-07-01,P0401,1494
2024-08-01,P0401,1197
2024-09-01,P0401,1192
2024-10-01,P0401,896
2024-11-01,P0401,1050
2024-12-01,P0401,1141
2025-01-01,P0401,1247
2025-02-01,P0401,1255
2025-03-01,P0401,1329
2025-04-01,P0401,1434
2025-05-01,P0401,1136
2025-06-01,P0401,1425
2025-07-01,P0401,1306
2025-08-01,P0401,1102
2025-09-01,P0401,1087
2025-10-01,P0401,1086
2025-11-01,P0401,993
2025-12-01,P0401,1092
2024-01-01,P0402,1087
2024-02-01,P0402,1086
2024-03-01,P0402,1159
2024-04-01,P0402,1382
2024-05-01,P0402,1147
2024-06-01,P0402,1196
2024-07-01,P0402,863
2024-08-01,P0402,843
2024-09-01,P0402,810
2024-10-01,P0402,826
2024-11-01,P0402,808
2024-12-01,P0402,931
2025-01-01,P0402,1027
2025-02-01,P0402,1307
2025-03-01,P0402,1304
2025-04-01,P0402,1305
2025-05-01,P0402,1287
2025-06-01,P0402,1253
2025-07-01,P0402,1151
2025-08-01,P0402,1014
2025-09-01,P0402,944
2025-10-01,P0402,900
2025-11-01,P0402,993
2025-12-01,P0402,1122
2024-01-01,P0403,899
2024-02-01,P0403,1040
2024-03-01,P0403,1159
2024-04-01,P0403,926
2024-05-01,P0403,1102
2024-06-01,P0403,1030
2024-07-01,P0403,971
2024-08-01,P0403,1087
2024-09-01,P0403,894
2024-10-01,P0403,818
2024-11-01,P0403,919
2024-12-01,P0403,947
2025-01-01,P0403,1088
2025-02-01,P0403,1010
2025-03-01,P0403,1038
2025-04-01,P0403,899
2025-05-01,P0403,927
2025-06-01,P0403,1080
2025-07-01,P0403,988
2025-08-01,P0403,946
2025-09-01,P0403,838
2025-10-01,P0403,850
2025-11-01,P0403,1089
2025-12-01,P0403,863
2024-01-01,P0404,487
2024-02-01,P0404,624
2024-03-01,P0404,656
2024-04-01,P0404,723
2024-05-01,P0404,583
2024-06-01,P0404,606
2024-07-01,P0404,595
2024-08-01,P0404,523
2024-09-01,P0404,535
2024-10-01,P0404,508
2024-11-01,P0404,615
2024-12-01,P0404,583
2025-01-01,P0404,548
2025-02-01,P0404,544
2025-03-01,P0404,658
2025-04-01,P0404,635
2025-05-01,P0404,626
2025-06-01,P0404,696
2025-07-01,P0404,651
2025-08-01,P0404,534
2025-09-01,P0404,616
2025-10-01,P0404,580
2025-11-01,P0404,578
2025-12-01,P0404,613
2024-01-01,P0405,1481
2024-02-01,P0405,1484
2024-03-01,P0405,1628
2024-04-01,P0405,1903
2024-05-01,P0405,2044
2024-06-01,P0405,1586
2024-07-01,P0405,1412
2024-08-01,P0405,1297
2024-09-01,P0405,984
2024-10-01,P0405,1087
2024-11-01,P0405,1310
2024-12-01,P0405,1251
2025-01-01,P0405,1508
2025-02-01,P0405,1559
2025-03-01,P0405,1745
2025-04-01,P0405,1742
2025-05-01,P0405,1605
2025-06-01,P0405,1646
2025-07-01,P0405,1442
2025-08-01,P0405,1532
2025-09-01,P0405,1306
2025-10-01,P0405,1265
2025-11-01,P0405,1289
2025-12-01,P0405,1215
2024-01-01,P0406,1094
2024-02-01,P0406,1102
2024-03-01,P0406,1244
2024-04-01,P0406,1293
2024-05-01,P0406,1325
2024-06-01,P0406,1020
2024-07-01,P0406,1099
2024-08-01,P0406,1019
2024-09-01,P0406,969
2024-10-01,P0406,1058
2024-11-01,P0406,903
2024-12-01,P0406,951
2025-01-01,P0406,1119
2025-02-01,P0406,1151
2025-03-01,P0406,962
2025-04-01,P0406,1177
2025-05-01,P0406,1173
2025-06-01,P0406,1010
2025-07-01,P0406,1071
2025-08-01,P0406,835
2025-09-01,P0406,794
2025-10-01,P0406,1051
2025-11-01,P0406,695
2025-12-01,P0406,883
2024-01-01,P0407,879
2024-02-01,P0407,992
2024-03-01,P0407,1028
2024-04-01,P0407,1221
2024-05-01,P0407,1199
2024-06-01,P0407,1039
2024-07-01,P0407,851
2024-08-01,P0407,826
2024-09-01,P0407,762
2024-10-01,P0407,718
2024-11-01,P0407,636
2024-12-01,P0407,852
2025-01-01,P0407,997
2025-02-01,P0407,1208
2025-03-01,P0407,1120
2025-04-01,P0407,1226
2025-05-01,P0407,1127
2025-06-01,P0407,1129
2025-07-01,P0407,961
2025-08-01,P0407,1039
2025-09-01,P0407,765
2025-10-01,P0407,799
2025-11-01,P0407,748
2025-12-01,P0407,778
2024-01-01,P0408,1549
2024-02-01,P0408,1540
2024-03-01,P0408,1624
2024-04-01,P0408,1443
2024-05-01,P0408,1612
2024-06-01,P0408,1376
2024-07-01,P0408,1358
2024-08-01,P0408,1191
2024-09-01,P0408,1086
2024-10-01,P0408,1059
2024-11-01,P0408,1083
2024-12-01,P0408,1188
2025-01-01,P0408,1256
2025-02-01,P0408,1620
2025-03-01,P0408,1660
2025-04-01,P0408,1669
2025-05-01,P0408,1599
2025-06-01,P0408,1576
2025-07-01,P0408,1394
2025-08-01,P0408,1337
2025-09-01,P0408,1208
2025-10-01,P0408,1093
2025-11-01,P0408,983
2025-12-01,P0408,1200
2024-01-01,P0409,940
2024-02-01,P0409,1215
2024-03-01,P0409,1277
2024-04-01,P0409,1385
2024-05-01,P0409,1264
2024-06-01,P0409,1240
2024-07-01,P0409,1167
2024-08-01,P0409,1012
2024-09-01,P0409,977
2024-10-01,P0409,787
2024-11-01,P0409,794
2024-12-01,P0409,979
2025-01-01,P0409,1022
2025-02-01,P0409,1236
2025-03-01,P0409,1309
2025-04-01,P0409,1231
2025-05-01,P0409,1291
2025-06-01,P0409,1059
2025-07-01,P0409,967
2025-08-01,P0409,869
2025-09-01,P0409,712
2025-10-01,P0409,1066
2025-11-01,P0409,714
2025-12-01,P0409,917
2024-01-01,P0410,1281
2024-02-01,P0410,1223
2024-03-01,P0410,1204
2024-04-01,P0410,1385
2024-05-01,P0410,1317
2024-06-01,P0410,1358
2024-07-01,P0410,1090
2024-08-01,P0410,1135
2024-09-01,P0410,1003
2024-10-01,P0410,1015
2024-11-01,P0410,1165
2024-12-01,P0410,1005
2025-01-01,P0410,1184
2025-02-01,P0410,1428
2025-03-01,P0410,1237
2025-04-01,P0410,1419
2025-05-01,P0410,1175
2025-06-01,P0410,1199
2025-07-01,P0410,1221
2025-08-01,P0410,1114
2025-09-01,P0410,935
2025-10-01,P0410,1193
2025-11-01,P0410,902
2025-12-01,P0410,1257
2024-01-01,P0411,1062
2024-02-01,P0411,1102
2024-03-01,P0411,1253
2024-04-01,P0411,1164
2024-05-01,P0411,1280
2024-06-01,P0411,1024
2024-07-01,P0411,1159
2024-08-01,P0411,936
2024-09-01,P0411,965
2024-10-01,P0411,929
2024-11-01,P0411,990
2024-12-01,P0411,926
2025-01-01,P0411,1127
2025-02-01,P0411,1217
2025-03-01,P0411,1218
2025-04-01,P0411,1319
2025-05-01,P0411,1417
2025-06-01,P0411,1196
2025-07-01,P0411,1330
2025-08-01,P0411,1139
2025-09-01,P0411,1082
2025-10-01,P0411,936
2025-11-01,P0411,1060
2025-12-01,P0411,1045
2024-01-01,P0412,924
2024-02-01,P0412,1110
2024-03-01,P0412,1230
2024-04-01,P0412,1204
2024-05-01,P0412,1130
2024-06-01,P0412,1012
2024-07-01,P0412,1019
2024-08-01,P0412,1006
2024-09-01,P0412,911
2024-10-01,P0412,803
2024-11-01,P0412,828
2024-12-01,P0412,912
2025-01-01,P0412,857
2025-02-01,P0412,1131
2025-03-01,P0412,1164
2025-04-01,P0412,1165
2025-05-01,P0412,1297
2025-06-01,P0412,1106
2025-07-01,P0412,1036
2025-08-01,P0412,807
2025-09-01,P0412,1002
2025-10-01,P0412,749
2025-11-01,P0412,811
2025-12-01,P0412,910
2024-01-01,P0413,1043
2024-02-01,P0413,1298
2024-03-01,P0413,1343
2024-04-01,P0413,1409
2024-05-01,P0413,1491
2024-06-01,P0413,1227
2024-07-01,P0413,1187
2024-08-01,P0413,1168
2024-09-01,P0413,1161
2024-10-01,P0413,997
2024-11-01,P0413,1104
2024-12-01,P0413,1224
2025-01-01,P0413,1257
2025-02-01,P0413,1179
2025-03-01,P0413,1459
2025-04-01,P0413,1376
2025-05-01,P0413,1505
2025-06-01,P0413,1431
2025-07-01,P0413,1278
2025-08-01,P0413,1255
2025-09-01,P0413,1104
2025-10-01,P0413,1022
2025-11-01,P0413,1172
2025-12-01,P0413,1222
2024-01-01,P0414,602
2024-02-01,P0414,608
2024-03-01,P0414,551
2024-04-01,P0414,621
2024-05-01,P0414,563
2024-06-01,P0414,490
2024-07-01,P0414,563
2024-08-01,P0414,572
2024-09-01,P0414,486
2024-10-01,P0414,491
2024-11-01,P0414,484
2024-12-01,P0414,457
2025-01-01,P0414,471
2025-02-01,P0414,519
2025-03-01,P0414,567
2025-04-01,P0414,615
2025-05-01,P0414,578
2025-06-01,P0414,591
2025-07-01,P0414,580
2025-08-01,P0414,541
2025-09-01,P0414,441
2025-10-01,P0414,497
2025-11-01,P0414,467
2025-12-01,P0414,509
2024-01-01,P0415,151
2024-02-01,P0415,194
2024-03-01,P0415,217
2024-04-01,P0415,180
2024-05-01,P0415,195
2024-06-01,P0415,173
2024-07-01,P0415,143
2024-08-01,P0415,112
2024-09-01,P0415,99
2024-10-01,P0415,93
2024-11-01,P0415,94
2024-12-01,P0415,113
2025-01-01,P0415,130
2025-02-01,P0415,146
2025-03-01,P0415,176
2025-04-01,P0415,171
2025-05-01,P0415,133
2025-06-01,P0415,131
2025-07-01,P0415,121
2025-08-01,P0415,77
2025-09-01,P0415,37
2025-10-01,P0415,51
2025-11-01,P0415,67
2025-12-01,P0415,61
2024-01-01,P0416,538
2024-02-01,P0416,535
2024-03-01,P0416,576
2024-04-01,P0416,588
2024-05-01,P0416,603
2024-06-01,P0416,518
2024-07-01,P0416,512
2024-08-01,P0416,529
2024-09-01,P0416,422
2024-10-01,P0416,404
2024-11-01,P0416,438
2024-12-01,P0416,461
2025-01-01,P0416,408
2025-02-01,P0416,512
2025-03-01,P0416,468
2025-04-01,P0416,544
2025-05-01,P0416,550
2025-06-01,P0416,397
2025-07-01,P0416,437
2025-08-01,P0416,434
2025-09-01,P0416,337
2025-10-01,P0416,258
2025-11-01,P0416,393
2025-12-01,P0416,318
2024-01-01,P0417,818
2024-02-01,P0417,789
2024-03-01,P0417,714
2024-04-01,P0417,786
2024-05-01,P0417,753
2024-06-01,P0417,712
2024-07-01,P0417,718
2024-08-01,P0417,780
2024-09-01,P0417,795
2024-10-01,P0417,677
2024-11-01,P0417,664
2024-12-01,P0417,637
2025-01-01,P0417,648
2025-02-01,P0417,661
2025-03-01,P0417,787
2025-04-01,P0417,759
2025-05-01,P0417,750
2025-06-01,P0417,743
2025-07-01,P0417,615
2025-08-01,P0417,643
2025-09-01,P0417,680
2025-10-01,P0417,528
2025-11-01,P0417,674
2025-12-01,P0417,676
2024-01-01,P0418,208
2024-02-01,P0418,206
2024-03-01,P0418,267
2024-04-01,P0418,265
2024-05-01,P0418,258
2024-06-01,P0418,256
2024-07-01,P0418,221
2024-08-01,P0418,204
2024-09-01,P0418,198
2024-10-01,P0418,211
2024-11-01,P0418,241
2024-12-01,P0418,235
2025-01-01,P0418,257
2025-02-01,P0418,301
2025-03-01,P0418,322
2025-04-01,P0418,334
2025-05-01,P0418,340
2025-06-01,P0418,335
2025-07-01,P0418,321
2025-08-01,P0418,289
2025-09-01,P0418,290
2025-10-01,P0418,298
2025-11-01,P0418,310
2025-12-01,P0418,359
2024-01-01,P0419,818
2024-02-01,P0419,880
2024-03-01,P0419,943
2024-04-01,P0419,959
2024-05-01,P0419,908
2024-06-01,P0419,891
2024-07-01,P0419,742
2024-08-01,P0419,732
2024-09-01,P0419,616
2024-10-01,P0419,663
2024-11-01,P0419,679
2024-12-01,P0419,685
2025-01-01,P0419,795
2025-02-01,P0419,842
2025-03-01,P0419,894
2025-04-01,P0419,1000
2025-05-01,P0419,871
2025-06-01,P0419,918
2025-07-01,P0419,788
2025-08-01,P0419,871
2025-09-01,P0419,757
2025-10-01,P0419,813
2025-11-01,P0419,712
2025-12-01,P0419,894
2024-01-01,P0420,1276
2024-02-01,P0420,1474
2024-03-01,P0420,1513
2024-04-01,P0420,1427
2024-05-01,P0420,1547
2024-06-01,P0420,1400
2024-07-01,P0420,1584
2024-08-01,P0420,1343
2024-09-01,P0420,1176
2024-10-01,P0420,1012
2024-11-01,P0420,1107
2024-12-01,P0420,1216
2025-01-01,P0420,1406
2025-02-01,P0420,1292
2025-03-01,P0420,1287
2025-04-01,P0420,1412
2025-05-01,P0420,1437
2025-06-01,P0420,1475
2025-07-01,P0420,1284
2025-08-01,P0420,1059
2025-09-01,P0420,1174
2025-10-01,P0420,1057
2025-11-01,P0420,920
2025-12-01,P0420,1125
2024-01-01,P0421,772
2024-02-01,P0421,948
2024-03-01,P0421,958
2024-04-01,P0421,1084
2024-05-01,P0421,1010
2024-06-01,P0421,858
2024-07-01,P0421,757
2024-08-01,P0421,737
2024-09-01,P0421,552
2024-10-01,P0421,754
2024-11-01,P0421,551
2024-12-01,P0421,583
2025-01-01,P0421,830
2025-02-01,P0421,992
2025-03-01,P0421,1095
2025-04-01,P0421,988
2025-05-01,P0421,1013
2025-06-01,P0421,1061
2025-07-01,P0421,761
2025-08-01,P0421,742
2025-09-01,P0421,646
2025-10-01,P0421,621
2025-11-01,P0421,664
2025-12-01,P0421,743
2024-01-01,P0422,311
2024-02-01,P0422,296
2024-03-01,P0422,262
2024-04-01,P0422,246
2024-05-01,P0422,263
2024-06-01,P0422,223
2024-07-01,P0422,211
2024-08-01,P0422,182
2024-09-01,P0422,139
2024-10-01,P0422,146
2024-11-01,P0422,149
2024-12-01,P0422,135
2025-01-01,P0422,118
2025-02-01,P0422,173
2025-03-01,P0422,206
2025-04-01,P0422,214
2025-05-01,P0422,212
2025-06-01,P0422,142
2025-07-01,P0422,142
2025-08-01,P0422,93
2025-09-01,P0422,44
2025-10-01,P0422,24
2025-11-01,P0422,17
2025-12-01,P0422,80
2024-01-01,P0423,82
2024-02-01,P0423,96
2024-03-01,P0423,112
2024-04-01,P0423,117
2024-05-01,P0423,122
2024-06-01,P0423,119
2024-07-01,P0423,116
2024-08-01,P0423,94
2024-09-01,P0423,102
2024-10-01,P0423,112
2024-11-01,P0423,111
2024-12-01,P0423,127
2025-01-01,P0423,119
2025-02-01,P0423,146
2025-03-01,P0423,154
2025-04-01,P0423,156
2025-05-01,P0423,166
2025-06-01,P0423,165
2025-07-01,P0423,151
2025-08-01,P0423,151
2025-09-01,P0423,150
2025-10-01,P0423,161
2025-11-01,P0423,155
2025-12-01,P0423,165
2024-01-01,P0424,803
2024-02-01,P0424,843
2024-03-01,P0424,1071
2024-04-01,P0424,1013
2024-05-01,P0424,1090
2024-06-01,P0424,966
2024-07-01,P0424,1004
2024-08-01,P0424,767
2024-09-01,P0424,825
2024-10-01,P0424,853
2024-11-01,P0424,808
2024-12-01,P0424,952
2025-01-01,P0424,1009
2025-02-01,P0424,1032
2025-03-01,P0424,1185
2025-04-01,P0424,1141
2025-05-01,P0424,1168
2025-06-01,P0424,1010
2025-07-01,P0424,996
2025-08-01,P0424,995
2025-09-01,P0424,1056
2025-10-01,P0424,981
2025-11-01,P0424,986
2025-12-01,P0424,1147
2024-01-01,P0425,363
2024-02-01,P0425,484
2024-03-01,P0425,501
2024-04-01,P0425,554
2024-05-01,P0425,525
2024-06-01,P0425,538
2024-07-01,P0425,509
2024-08-01,P0425,441
2024-09-01,P0425,391
2024-10-01,P0425,383
2024-11-01,P0425,440
2024-12-01,P0425,457
2025-01-01,P0425,470
2025-02-01,P0425,541
2025-03-01,P0425,571
2025-04-01,P0425,551
2025-05-01,P0425,602
2025-06-01,P0425,632
2025-07-01,P0425,539
2025-08-01,P0425,566
2025-09-01,P0425,490
2025-10-01,P0425,439
2025-11-01,P0425,558
2025-12-01,P0425,604
2024-01-01,P0426,1035
2024-02-01,P0426,1066
2024-03-01,P0426,1022
2024-04-01,P0426,1156
2024-05-01,P0426,945
2024-06-01,P0426,935
2024-07-01,P0426,1088
2024-08-01,P0426,927
2024-09-01,P0426,829
2024-10-01,P0426,957
2024-11-01,P0426,977
2024-12-01,P0426,990
2025-01-01,P0426,1058
2025-02-01,P0426,916
2025-03-01,P0426,1013
2025-04-01,P0426,1267
2025-05-01,P0426,1057
2025-06-01,P0426,1195
2025-07-01,P0426,1061
2025-08-01,P0426,947
2025-09-01,P0426,797
2025-10-01,P0426,837
2025-11-01,P0426,818
2025-12-01,P0426,851
2024-01-01,P0427,142
2024-02-01,P0427,153
2024-03-01,P0427,178
2024-04-01,P0427,200
2024-05-01,P0427,205
2024-06-01,P0427,202
2024-07-01,P0427,174
2024-08-01,P0427,190
2024-09-01,P0427,210
2024-10-01,P0427,198
2024-11-01,P0427,234
2024-12-01,P0427,259
2025-01-01,P0427,284
2025-02-01,P0427,297
2025-03-01,P0427,304
2025-04-01,P0427,322
2025-05-01,P0427,324
2025-06-01,P0427,350
2025-07-01,P0427,351
2025-08-01,P0427,333
2025-09-01,P0427,343
2025-10-01,P0427,363
2025-11-01,P0427,377
2025-12-01,P0427,380
2024-01-01,P0428,762
2024-02-01,P0428,795
2024-03-01,P0428,961
2024-04-01,P0428,873
2024-05-01,P0428,899
2024-06-01,P0428,805
2024-07-01,P0428,931
2024-08-01,P0428,813
2024-09-01,P0428,851
2024-10-01,P0428,767
2024-11-01,P0428,702
2024-12-01,P0428,841
2025-01-01,P0428,951
2025-02-01,P0428,888
2025-03-01,P0428,1098
2025-04-01,P0428,963
2025-05-01,P0428,992
2025-06-01,P0428,855
2025-07-01,P0428,975
2025-08-01,P0428,992
2025-09-01,P0428,735
2025-10-01,P0428,790
2025-11-01,P0428,701
2025-12-01,P0428,853
2024-01-01,P0429,237
2024-02-01,P0429,206
2024-03-01,P0429,272
2024-04-01,P0429,208
2024-05-01,P0429,235
2024-06-01,P0429,216
2024-07-01,P0429,180
2024-08-01,P0429,193
2024-09-01,P0429,169
2024-10-01,P0429,132
2024-11-01,P0429,153
2024-12-01,P0429,157
2025-01-01,P0429,194
2025-02-01,P0429,247
2025-03-01,P0429,243
2025-04-01,P0429,214
2025-05-01,P0429,222
2025-06-01,P0429,232
2025-07-01,P0429,194
2025-08-01,P0429,129
2025-09-01,P0429,133
2025-10-01,P0429,141
2025-11-01,P0429,144
2025-12-01,P0429,139
2024-01-01,P0430,619
2024-02-01,P0430,751
2024-03-01,P0430,734
2024-04-01,P0430,902
2024-05-01,P0430,804
2024-06-01,P0430,811
2024-07-01,P0430,812
2024-08-01,P0430,699
2024-09-01,P0430,719
2024-10-01,P0430,650
2024-11-01,P0430,569
2024-12-01,P0430,698
2025-01-01,P0430,762
2025-02-01,P0430,964
2025-03-01,P0430,923
2025-04-01,P0430,959
2025-05-01,P0430,946
2025-06-01,P0430,945
2025-07-01,P0430,952
2025-08-01,P0430,904
2025-09-01,P0430,751
2025-10-01,P0430,870
2025-11-01,P0430,816
2025-12-01,P0430,875
2024-01-01,P0431,868
2024-02-01,P0431,883
2024-03-01,P0431,1034
2024-04-01,P0431,1033
2024-05-01,P0431,879
2024-06-01,P0431,984
2024-07-01,P0431,834
2024-08-01,P0431,833
2024-09-01,P0431,656
2024-10-01,P0431,771
2024-11-01,P0431,885
2024-12-01,P0431,836
2025-01-01,P0431,676
2025-02-01,P0431,908
2025-03-01,P0431,1110
2025-04-01,P0431,917
2025-05-01,P0431,859
2025-06-01,P0431,854
2025-07-01,P0431,828
2025-08-01,P0431,838
2025-09-01,P0431,587
2025-10-01,P0431,656
2025-11-01,P0431,657
2025-12-01,P0431,617
2024-01-01,P0432,994
2024-02-01,P0432,981
2024-03-01,P0432,815
2024-04-01,P0432,893
2024-05-01,P0432,973
2024-06-01,P0432,841
2024-07-01,P0432,959
2024-08-01,P0432,903
2024-09-01,P0432,715
2024-10-01,P0432,783
2024-11-01,P0432,686
2024-12-01,P0432,811
2025-01-01,P0432,928
2025-02-01,P0432,679
2025-03-01,P0432,858
2025-04-01,P0432,740
2025-05-01,P0432,856
2025-06-01,P0432,736
2025-07-01,P0432,756
2025-08-01,P0432,686
2025-09-01,P0432,643
2025-10-01,P0432,703
2025-11-01,P0432,652
2025-12-01,P0432,742
2024-01-01,P0433,322
2024-02-01,P0433,363
2024-03-01,P0433,340
2024-04-01,P0433,363
2024-05-01,P0433,347
2024-06-01,P0433,376
2024-07-01,P0433,340
2024-08-01,P0433,343
2024-09-01,P0433,347
2024-10-01,P0433,381
2024-11-01,P0433,371
2024-12-01,P0433,353
2025-01-01,P0433,372
2025-02-01,P0433,346
2025-03-01,P0433,379
2025-04-01,P0433,406
2025-05-01,P0433,435
2025-06-01,P0433,401
2025-07-01,P0433,403
2025-08-01,P0433,379
2025-09-01,P0433,370
2025-10-01,P0433,377
2025-11-01,P0433,429
2025-12-01,P0433,411
2024-01-01,P0434,1193
2024-02-01,P0434,1234
2024-03-01,P0434,1157
2024-04-01,P0434,1113
2024-05-01,P0434,1178
2024-06-01,P0434,1053
2024-07-01,P0434,931
2024-08-01,P0434,1164
2024-09-01,P0434,1026
2024-10-01,P0434,969
2024-11-01,P0434,1025
2024-12-01,P0434,884
2025-01-01,P0434,988
2025-02-01,P0434,1113
2025-03-01,P0434,1259
2025-04-01,P0434,1074
2025-05-01,P0434,1110
2025-06-01,P0434,1136
2025-07-01,P0434,988
2025-08-01,P0434,1030
2025-09-01,P0434,895
2025-10-01,P0434,626
2025-11-01,P0434,918
2025-12-01,P0434,980
2024-01-01,P0435,665
2024-02-01,P0435,758
2024-03-01,P0435,766
2024-04-01,P0435,832
2024-05-01,P0435,789
2024-06-01,P0435,617
2024-07-01,P0435,644
2024-08-01,P0435,528
2024-09-01,P0435,562
2024-10-01,P0435,589
2024-11-01,P0435,439
2024-12-01,P0435,636
2025-01-01,P0435,706
2025-02-01,P0435,673
2025-03-01,P0435,776
2025-04-01,P0435,779
2025-05-01,P0435,783
2025-06-01,P0435,626
2025-07-01,P0435,587
2025-08-01,P0435,523
2025-09-01,P0435,510
2025-10-01,P0435,531
2025-11-01,P0435,537
2025-12-01,P0435,511
2024-01-01,P0436,438
2024-02-01,P0436,505
2024-03-01,P0436,489
2024-04-01,P0436,414
2024-05-01,P0436,449
2024-06-01,P0436,431
2024-07-01,P0436,424
2024-08-01,P0436,409
2024-09-01,P0436,306
2024-10-01,P0436,333
2024-11-01,P0436,347
2024-12-01,P0436,336
2025-01-01,P0436,390
2025-02-01,P0436,380
2025-03-01,P0436,390
2025-04-01,P0436,403
2025-05-01,P0436,401
2025-06-01,P0436,333
2025-07-01,P0436,373
2025-08-01,P0436,302
2025-09-01,P0436,241
2025-10-01,P0436,299
2025-11-01,P0436,297
2025-12-01,P0436,334
2024-01-01,P0437,835
2024-02-01,P0437,891
2024-03-01,P0437,1066
2024-04-01,P0437,899
2024-05-01,P0437,1055
2024-06-01,P0437,939
2024-07-01,P0437,784
2024-08-01,P0437,797
2024-09-01,P0437,801
2024-10-01,P0437,670
2024-11-01,P0437,712
2024-12-01,P0437,830
2025-01-01,P0437,681
2025-02-01,P0437,872
2025-03-01,P0437,861
2025-04-01,P0437,838
2025-05-01,P0437,703
2025-06-01,P0437,954
2025-07-01,P0437,751
2025-08-01,P0437,828
2025-09-01,P0437,676
2025-10-01,P0437,802
2025-11-01,P0437,647
2025-12-01,P0437,658
2024-01-01,P0438,1450
2024-02-01,P0438,1686
2024-03-01,P0438,1672
2024-04-01,P0438,1830
2024-05-01,P0438,1892
2024-06-01,P0438,1534
2024-07-01,P0438,1680
2024-08-01,P0438,1355
2024-09-01,P0438,1229
2024-10-01,P0438,1122
2024-11-01,P0438,997
2024-12-01,P0438,1158
2025-01-01,P0438,1373
2025-02-01,P0438,1779
2025-03-01,P0438,1750
2025-04-01,P0438,1867
2025-05-01,P0438,1647
2025-06-01,P0438,1582
2025-07-01,P0438,1445
2025-08-01,P0438,1164
2025-09-01,P0438,1029
2025-10-01,P0438,1298
2025-11-01,P0438,1218
2025-12-01,P0438,1399
2024-01-01,P0439,1055
2024-02-01,P0439,1179
2024-03-01,P0439,1187
2024-04-01,P0439,1119
2024-05-01,P0439,1369
2024-06-01,P0439,1006
2024-07-01,P0439,1155
2024-08-01,P0439,1120
2024-09-01,P0439,1231
2024-10-01,P0439,898
2024-11-01,P0439,1168
2024-12-01,P0439,1313
2025-01-01,P0439,1249
2025-02-01,P0439,1321
2025-03-01,P0439,1356
2025-04-01,P0439,1467
2025-05-01,P0439,1305
2025-06-01,P0439,1251
2025-07-01,P0439,1262
2025-08-01,P0439,1317
2025-09-01,P0439,1197
2025-10-01,P0439,1159
2025-11-01,P0439,1108
2025-12-01,P0439,1360
2024-01-01,P0440,187
2024-02-01,P0440,166
2024-03-01,P0440,182
2024-04-01,P0440,190
2024-05-01,P0440,213
2024-06-01,P0440,153
2024-07-01,P0440,177
2024-08-01,P0440,147
2024-09-01,P0440,132
2024-10-01,P0440,120
2024-11-01,P0440,118
2024-12-01,P0440,108
2025-01-01,P0440,139
2025-02-01,P0440,134
2025-03-01,P0440,116
2025-04-01,P0440,146
2025-05-01,P0440,149
2025-06-01,P0440,130
2025-07-01,P0440,136
2025-08-01,P0440,83
2025-09-01,P0440,96
2025-10-01,P0440,77
2025-11-01,P0440,77
2025-12-01,P0440,76
2024-01-01,P0441,863
2024-02-01,P0441,892
2024-03-01,P0441,832
2024-04-01,P0441,884
2024-05-01,P0441,859
2024-06-01,P0441,796
2024-07-01,P0441,726
2024-08-01,P0441,840
2024-09-01,P0441,576
2024-10-01,P0441,601
2024-11-01,P0441,664
2024-12-01,P0441,776
2025-01-01,P0441,951
2025-02-01,P0441,1015
2025-03-01,P0441,1082
2025-04-01,P0441,1034
2025-05-01,P0441,943
2025-06-01,P0441,1054
2025-07-01,P0441,896
2025-08-01,P0441,860
2025-09-01,P0441,683
2025-10-01,P0441,733
2025-11-01,P0441,980
2025-12-01,P0441,907
2024-01-01,P0442,1548
2024-02-01,P0442,1614
2024-03-01,P0442,1605
2024-04-01,P0442,1742
2024-05-01,P0442,1651
2024-06-01,P0442,1532
2024-07-01,P0442,1448
2024-08-01,P0442,1284
2024-09-01,P0442,1209
2024-10-01,P0442,1011
2024-11-01,P0442,1161
2024-12-01,P0442,1142
2025-01-01,P0442,1435
2025-02-01,P0442,1490
2025-03-01,P0442,1640
2025-04-01,P0442,1837
2025-05-01,P0442,1563
2025-06-01,P0442,1557
2025-07-01,P0442,1456
2025-08-01,P0442,1155
2025-09-01,P0442,1099
2025-10-01,P0442,1194
2025-11-01,P0442,1093
2025-12-01,P0442,1325
2024-01-01,P0443,564
2024-02-01,P0443,632
2024-03-01,P0443,628
2024-04-01,P0443,677
2024-05-01,P0443,587
2024-06-01,P0443,602
2024-07-01,P0443,507
2024-08-01,P0443,507
2024-09-01,P0443,396
2024-10-01,P0443,426
2024-11-01,P0443,470
2024-12-01,P0443,470
2025-01-01,P0443,499
2025-02-01,P0443,601
2025-03-01,P0443,585
2025-04-01,P0443,690
2025-05-01,P0443,636
2025-06-01,P0443,527
2025-07-01,P0443,563
2025-08-01,P0443,449
2025-09-01,P0443,402
2025-10-01,P0443,502
2025-11-01,P0443,463
2025-12-01,P0443,434
2024-01-01,P0444,341
2024-02-01,P0444,322
2024-03-01,P0444,378
2024-04-01,P0444,411
2024-05-01,P0444,312
2024-06-01,P0444,316
2024-07-01,P0444,260
2024-08-01,P0444,217
2024-09-01,P0444,203
2024-10-01,P0444,201
2024-11-01,P0444,224
2024-12-01,P0444,194
2025-01-01,P0444,261
2025-02-01,P0444,313
2025-03-01,P0444,329
2025-04-01,P0444,277
2025-05-01,P0444,267
2025-06-01,P0444,222
2025-07-01,P0444,203
2025-08-01,P0444,127
2025-09-01,P0444,134
2025-10-01,P0444,109
2025-11-01,P0444,134
2025-12-01,P0444,76
2024-01-01,P0445,569
2024-02-01,P0445,683
2024-03-01,P0445,621
2024-04-01,P0445,698
2024-05-01,P0445,643
2024-06-01,P0445,646
2024-07-01,P0445,604
2024-08-01,P0445,535
2024-09-01,P0445,487
2024-10-01,P0445,388
2024-11-01,P0445,460
2024-12-01,P0445,527
2025-01-01,P0445,557
2025-02-01,P0445,700
2025-03-01,P0445,680
2025-04-01,P0445,767
2025-05-01,P0445,799
2025-06-01,P0445,704
2025-07-01,P0445,712
2025-08-01,P0445,601
2025-09-01,P0445,584
2025-10-01,P0445,512
2025-11-01,P0445,497
2025-12-01,P0445,671
2024-01-01,P0446,753
2024-02-01,P0446,816
2024-03-01,P0446,804
2024-04-01,P0446,855
2024-05-01,P0446,906
2024-06-01,P0446,877
2024-07-01,P0446,852
2024-08-01,P0446,896
2024-09-01,P0446,853
2024-10-01,P0446,765
2024-11-01,P0446,824
2024-12-01,P0446,869
2025-01-01,P0446,1008
2025-02-01,P0446,926
2025-03-01,P0446,956
2025-04-01,P0446,988
2025-05-01,P0446,983
2025-06-01,P0446,1009
2025-07-01,P0446,895
2025-08-01,P0446,832
2025-09-01,P0446,874
2025-10-01,P0446,928
2025-11-01,P0446,834
2025-12-01,P0446,883
2024-01-01,P0447,1481
2024-02-01,P0447,1641
2024-03-01,P0447,1922
2024-04-01,P0447,1881
2024-05-01,P0447,1436
2024-06-01,P0447,1683
2024-07-01,P0447,1631
2024-08-01,P0447,1155
2024-09-01,P0447,1096
2024-10-01,P0447,1224
2024-11-01,P0447,1271
2024-12-01,P0447,1375
2025-01-01,P0447,1603
2025-02-01,P0447,1704
2025-03-01,P0447,1849
2025-04-01,P0447,1878
2025-05-01,P0447,1717
2025-06-01,P0447,1738
2025-07-01,P0447,1454
2025-08-01,P0447,1431
2025-09-01,P0447,1380
2025-10-01,P0447,1068
2025-11-01,P0447,1166
2025-12-01,P0447,1422
2024-01-01,P0448,1206
2024-02-01,P0448,1597
2024-03-01,P0448,1649
2024-04-01,P0448,1546
2024-05-01,P0448,1686
2024-06-01,P0448,1440
2024-07-01,P0448,1428
2024-08-01,P0448,1233
2024-09-01,P0448,1397
2024-10-01,P0448,1250
2024-11-01,P0448,1454
2024-12-01,P0448,1383
2025-01-01,P0448,1555
2025-02-01,P0448,1540
2025-03-01,P0448,1651
2025-04-01,P0448,1860
2025-05-01,P0448,1658
2025-06-01,P0448,1626
2025-07-01,P0448,1470
2025-08-01,P0448,1313
2025-09-01,P0448,1467
2025-10-01,P0448,1469
2025-11-01,P0448,1190
2025-12-01,P0448,1384
2024-01-01,P0449,750
2024-02-01,P0449,720
2024-03-01,P0449,879
2024-04-01,P0449,865
2024-05-01,P0449,788
2024-06-01,P0449,778
2024-07-01,P0449,594
2024-08-01,P0449,762
2024-09-01,P0449,656
2024-10-01,P0449,583
2024-11-01,P0449,740
2024-12-01,P0449,670
2025-01-01,P0449,622
2025-02-01,P0449,741
2025-03-01,P0449,776
2025-04-01,P0449,770
2025-05-01,P0449,769
2025-06-01,P0449,817
2025-07-01,P0449,795
2025-08-01,P0449,687
2025-09-01,P0449,617
2025-10-01,P0449,658
2025-11-01,P0449,600
2025-12-01,P0449,645
2024-01-01,P0450,458
2024-02-01,P0450,519
2024-03-01,P0450,570
2024-04-01,P0450,492
2024-05-01,P0450,580
2024-06-01,P0450,524
2024-07-01,P0450,480
2024-08-01,P0450,388
2024-09-01,P0450,425
2024-10-01,P0450,356
2024-11-01,P0450,387
2024-12-01,P0450,446
2025-01-01,P0450,474
2025-02-01,P0450,523
2025-03-01,P0450,490
2025-04-01,P0450,589
2025-05-01,P0450,586
2025-06-01,P0450,606
2025-07-01,P0450,503
2025-08-01,P0450,508
2025-09-01,P0450,338
2025-10-01,P0450,367
2025-11-01,P0450,448
2025-12-01,P0450,409
2024-01-01,P0451,501
2024-02-01,P0451,573
2024-03-01,P0451,600
2024-04-01,P0451,611
2024-05-01,P0451,647
2024-06-01,P0451,624
2024-07-01,P0451,517
2024-08-01,P0451,410
2024-09-01,P0451,382
2024-10-01,P0451,341
2024-11-01,P0451,346
2024-12-01,P0451,375
2025-01-01,P0451,497
2025-02-01,P0451,578
2025-03-01,P0451,561
2025-04-01,P0451,597
2025-05-01,P0451,586
2025-06-01,P0451,494
2025-07-01,P0451,545
2025-08-01,P0451,505
2025-09-01,P0451,405
2025-10-01,P0451,349
2025-11-01,P0451,395
2025-12-01,P0451,394
2024-01-01,P0452,830
2024-02-01,P0452,793
2024-03-01,P0452,864
2024-04-01,P0452,844
2024-05-01,P0452,904
2024-06-01,P0452,907
2024-07-01,P0452,908
2024-08-01,P0452,926
2024-09-01,P0452,880
2024-10-01,P0452,809
2024-11-01,P0452,944
2024-12-01,P0452,1020
2025-01-01,P0452,726
2025-02-01,P0452,1016
2025-03-01,P0452,1148
2025-04-01,P0452,1019
2025-05-01,P0452,1244
2025-06-01,P0452,1015
2025-07-01,P0452,986
2025-08-01,P0452,1035
2025-09-01,P0452,985
2025-10-01,P0452,895
2025-11-01,P0452,913
2025-12-01,P0452,1058
2024-01-01,P0453,133
2024-02-01,P0453,146
2024-03-01,P0453,130
2024-04-01,P0453,142
2024-05-01,P0453,145
2024-06-01,P0453,132
2024-07-01,P0453,116
2024-08-01,P0453,126
2024-09-01,P0453,134
2024-10-01,P0453,101
2024-11-01,P0453,144
2024-12-01,P0453,153
2025-01-01,P0453,128
2025-02-01,P0453,136
2025-03-01,P0453,162
2025-04-01,P0453,152
2025-05-01,P0453,147
2025-06-01,P0453,152
2025-07-01,P0453,160
2025-08-01,P0453,136
2025-09-01,P0453,147
2025-10-01,P0453,159
2025-11-01,P0453,146
2025-12-01,P0453,140
2024-01-01,P0454,852
2024-02-01,P0454,967
2024-03-01,P0454,927
2024-04-01,P0454,988
2024-05-01,P0454,907
2024-06-01,P0454,919
2024-07-01,P0454,918
2024-08-01,P0454,970
2024-09-01,P0454,770
2024-10-01,P0454,761
2024-11-01,P0454,790
2024-12-01,P0454,788
2025-01-01,P0454,943
2025-02-01,P0454,936
2025-03-01,P0454,775
2025-04-01,P0454,948
2025-05-01,P0454,859
2025-06-01,P0454,893
2025-07-01,P0454,741
2025-08-01,P0454,803
2025-09-01,P0454,797
2025-10-01,P0454,914
2025-11-01,P0454,829
2025-12-01,P0454,722
2024-01-01,P0455,746
2024-02-01,P0455,786
2024-03-01,P0455,835
2024-04-01,P0455,928
2024-05-01,P0455,1011
2024-06-01,P0455,833
2024-07-01,P0455,852
2024-08-01,P0455,780
2024-09-01,P0455,691
2024-10-01,P0455,730
2024-11-01,P0455,850
2024-12-01,P0455,876
2025-01-01,P0455,905
2025-02-01,P0455,965
2025-03-01,P0455,922
2025-04-01,P0455,952
2025-05-01,P0455,1078
2025-06-01,P0455,984
2025-07-01,P0455,998
2025-08-01,P0455,883
2025-09-01,P0455,887
2025-10-01,P0455,863
2025-11-01,P0455,942
2025-12-01,P0455,978
2024-01-01,P0456,453
2024-02-01,P0456,501
2024-03-01,P0456,569
2024-04-01,P0456,588
2024-05-01,P0456,476
2024-06-01,P0456,446
2024-07-01,P0456,431
2024-08-01,P0456,437
2024-09-01,P0456,364
2024-10-01,P0456,365
2024-11-01,P0456,395
2024-12-01,P0456,440
2025-01-01,P0456,435
2025-02-01,P0456,458
2025-03-01,P0456,536
2025-04-01,P0456,430
2025-05-01,P0456,510
2025-06-01,P0456,503
2025-07-01,P0456,455
2025-08-01,P0456,419
2025-09-01,P0456,387
2025-10-01,P0456,445
2025-11-01,P0456,368
2025-12-01,P0456,441
2024-01-01,P0457,1381
2024-02-01,P0457,1577
2024-03-01,P0457,1567
2024-04-01,P0457,1694
2024-05-01,P0457,1575
2024-06-01,P0457,1470
2024-07-01,P0457,1385
2024-08-01,P0457,1375
2024-09-01,P0457,782
2024-10-01,P0457,1023
2024-11-01,P0457,1201
2024-12-01,P0457,1084
2025-01-01,P0457,1318
2025-02-01,P0457,1672
2025-03-01,P0457,1407
2025-04-01,P0457,1559
2025-05-01,P0457,1612
2025-06-01,P0457,1537
2025-07-01,P0457,1458
2025-08-01,P0457,1199
2025-09-01,P0457,1086
2025-10-01,P0457,840
2025-11-01,P0457,1002
2025-12-01,P0457,1100
2024-01-01,P0458,640
2024-02-01,P0458,799
2024-03-01,P0458,795
2024-04-01,P0458,820
2024-05-01,P0458,847
2024-06-01,P0458,781
2024-07-01,P0458,812
2024-08-01,P0458,830
2024-09-01,P0458,715
2024-10-01,P0458,704
2024-11-01,P0458,823
2024-12-01,P0458,814
2025-01-01,P0458,897
2025-02-01,P0458,964
2025-03-01,P0458,1070
2025-04-01,P0458,894
2025-05-01,P0458,1026
2025-06-01,P0458,968
2025-07-01,P0458,862
2025-08-01,P0458,724
2025-09-01,P0458,960
2025-10-01,P0458,889
2025-11-01,P0458,886
2025-12-01,P0458,885
2024-01-01,P0459,714
2024-02-01,P0459,714
2024-03-01,P0459,870
2024-04-01,P0459,780
2024-05-01,P0459,831
2024-06-01,P0459,857
2024-07-01,P0459,624
2024-08-01,P0459,690
2024-09-01,P0459,702
2024-10-01,P0459,583
2024-11-01,P0459,704
2024-12-01,P0459,650
2025-01-01,P0459,699
2025-02-01,P0459,776
2025-03-01,P0459,935
2025-04-01,P0459,938
2025-05-01,P0459,926
2025-06-01,P0459,875
2025-07-01,P0459,906
2025-08-01,P0459,741
2025-09-01,P0459,772
2025-10-01,P0459,741
2025-11-01,P0459,804
2025-12-01,P0459,822
2024-01-01,P0460,861
2024-02-01,P0460,843
2024-03-01,P0460,975
2024-04-01,P0460,859
2024-05-01,P0460,856
2024-06-01,P0460,775
2024-07-01,P0460,787
2024-08-01,P0460,559
2024-09-01,P0460,397
2024-10-01,P0460,621
2024-11-01,P0460,701
2024-12-01,P0460,656
2025-01-01,P0460,644
2025-02-01,P0460,800
2025-03-01,P0460,786
2025-04-01,P0460,897
2025-05-01,P0460,880
2025-06-01,P0460,849
2025-07-01,P0460,798
2025-08-01,P0460,553
2025-09-01,P0460,483
2025-10-01,P0460,612
2025-11-01,P0460,474
2025-12-01,P0460,627
2024-01-01,P0461,393
2024-02-01,P0461,415
2024-03-01,P0461,454
2024-04-01,P0461,450
2024-05-01,P0461,458
2024-06-01,P0461,498
2024-07-01,P0461,399
2024-08-01,P0461,350
2024-09-01,P0461,363
2024-10-01,P0461,396
2024-11-01,P0461,367
2024-12-01,P0461,442
2025-01-01,P0461,413
2025-02-01,P0461,540
2025-03-01,P0461,538
2025-04-01,P0461,613
2025-05-01,P0461,613
2025-06-01,P0461,554
2025-07-01,P0461,506
2025-08-01,P0461,527
2025-09-01,P0461,426
2025-10-01,P0461,492
2025-11-01,P0461,494
2025-12-01,P0461,530
2024-01-01,P0462,113
2024-02-01,P0462,143
2024-03-01,P0462,152
2024-04-01,P0462,142
2024-05-01,P0462,146
2024-06-01,P0462,147
2024-07-01,P0462,135
2024-08-01,P0462,129
2024-09-01,P0462,131
2024-10-01,P0462,123
2024-11-01,P0462,133
2024-12-01,P0462,159
2025-01-01,P0462,154
2025-02-01,P0462,184
2025-03-01,P0462,175
2025-04-01,P0462,179
2025-05-01,P0462,200
2025-06-01,P0462,183
2025-07-01,P0462,185
2025-08-01,P0462,184
2025-09-01,P0462,162
2025-10-01,P0462,180
2025-11-01,P0462,182
2025-12-01,P0462,188
2024-01-01,P0463,926
2024-02-01,P0463,919
2024-03-01,P0463,1093
2024-04-01,P0463,1244
2024-05-01,P0463,1038
2024-06-01,P0463,1084
2024-07-01,P0463,844
2024-08-01,P0463,889
2024-09-01,P0463,699
2024-10-01,P0463,747
2024-11-01,P0463,680
2024-12-01,P0463,754
2025-01-01,P0463,887
2025-02-01,P0463,1034
2025-03-01,P0463,1131
2025-04-01,P0463,1105
2025-05-01,P0463,1070
2025-06-01,P0463,1069
2025-07-01,P0463,835
2025-08-01,P0463,749
2025-09-01,P0463,780
2025-10-01,P0463,652
2025-11-01,P0463,717
2025-12-01,P0463,701
2024-01-01,P0464,766
2024-02-01,P0464,1077
2024-03-01,P0464,920
2024-04-01,P0464,958
2024-05-01,P0464,1021
2024-06-01,P0464,950
2024-07-01,P0464,890
2024-08-01,P0464,930
2024-09-01,P0464,786
2024-10-01,P0464,799
2024-11-01,P0464,849
2024-12-01,P0464,932
2025-01-01,P0464,1004
2025-02-01,P0464,1054
2025-03-01,P0464,1054
2025-04-01,P0464,1209
2025-05-01,P0464,1002
2025-06-01,P0464,1093
2025-07-01,P0464,1168
2025-08-01,P0464,1023
2025-09-01,P0464,843
2025-10-01,P0464,996
2025-11-01,P0464,961
2025-12-01,P0464,1008
2024-01-01,P0465,1120
2024-02-01,P0465,1222
2024-03-01,P0465,1378
2024-04-01,P0465,1305
2024-05-01,P0465,1278
2024-06-01,P0465,1223
2024-07-01,P0465,1287
2024-08-01,P0465,1175
2024-09-01,P0465,1131
2024-10-01,P0465,1363
2024-11-01,P0465,1274
2024-12-01,P0465,1134
2025-01-01,P0465,1168
2025-02-01,P0465,1255
2025-03-01,P0465,1301
2025-04-01,P0465,1346
2025-05-01,P0465,1333
2025-06-01,P0465,1203
2025-07-01,P0465,1061
2025-08-01,P0465,937
2025-09-01,P0465,1023
2025-10-01,P0465,945
2025-11-01,P0465,1045
2025-12-01,P0465,1215
2024-01-01,P0466,259
2024-02-01,P0466,248
2024-03-01,P0466,263
2024-04-01,P0466,283
2024-05-01,P0466,263
2024-06-01,P0466,209
2024-07-01,P0466,222
2024-08-01,P0466,203
2024-09-01,P0466,185
2024-10-01,P0466,186
2024-11-01,P0466,167
2024-12-01,P0466,161
2025-01-01,P0466,176
2025-02-01,P0466,179
2025-03-01,P0466,175
2025-04-01,P0466,182
2025-05-01,P0466,194
2025-06-01,P0466,148
2025-07-01,P0466,129
2025-08-01,P0466,140
2025-09-01,P0466,117
2025-10-01,P0466,131
2025-11-01,P0466,141
2025-12-01,P0466,118
2024-01-01,P0467,266
2024-02-01,P0467,244
2024-03-01,P0467,287
2024-04-01,P0467,267
2024-05-01,P0467,267
2024-06-01,P0467,221
2024-07-01,P0467,252
2024-08-01,P0467,178
2024-09-01,P0467,190
2024-10-01,P0467,126
2024-11-01,P0467,136
2024-12-01,P0467,144
2025-01-01,P0467,140
2025-02-01,P0467,133
2025-03-01,P0467,165
2025-04-01,P0467,198
2025-05-01,P0467,178
2025-06-01,P0467,150
2025-07-01,P0467,123
2025-08-01,P0467,65
2025-09-01,P0467,87
2025-10-01,P0467,98
2025-11-01,P0467,83
2025-12-01,P0467,48
2024-01-01,P0468,1517
2024-02-01,P0468,1531
2024-03-01,P0468,1573
2024-04-01,P0468,1684
2024-05-01,P0468,1604
2024-06-01,P0468,1495
2024-07-01,P0468,1450
2024-08-01,P0468,1744
2024-09-01,P0468,1435
2024-10-01,P0468,1507
2024-11-01,P0468,1578
2024-12-01,P0468,1547
2025-01-01,P0468,1595
2025-02-01,P0468,1813
2025-03-01,P0468,1721
2025-04-01,P0468,1989
2025-05-01,P0468,1650
2025-06-01,P0468,1748
2025-07-01,P0468,1490
2025-08-01,P0468,1594
2025-09-01,P0468,1669
2025-10-01,P0468,1467
2025-11-01,P0468,1642
2025-12-01,P0468,1700
2024-01-01,P0469,731
2024-02-01,P0469,699
2024-03-01,P0469,729
2024-04-01,P0469,730
2024-05-01,P0469,657
2024-06-01,P0469,699
2024-07-01,P0469,671
2024-08-01,P0469,672
2024-09-01,P0469,522
2024-10-01,P0469,574
2024-11-01,P0469,612
2024-12-01,P0469,596
2025-01-01,P0469,632
2025-02-01,P0469,626
2025-03-01,P0469,605
2025-04-01,P0469,691
2025-05-01,P0469,687
2025-06-01,P0469,645
2025-07-01,P0469,579
2025-08-01,P0469,585
2025-09-01,P0469,592
2025-10-01,P0469,586
2025-11-01,P0469,533
2025-12-01,P0469,591
2024-01-01,P0470,1433
2024-02-01,P0470,1575
2024-03-01,P0470,1418
2024-04-01,P0470,1586
2024-05-01,P0470,1437
2024-06-01,P0470,1385
2024-07-01,P0470,1164
2024-08-01,P0470,1082
2024-09-01,P0470,1092
2024-10-01,P0470,1242
2024-11-01,P0470,1101
2024-12-01,P0470,1313
2025-01-01,P0470,1197
2025-02-01,P0470,1357
2025-03-01,P0470,1371
2025-04-01,P0470,1652
2025-05-01,P0470,1511
2025-06-01,P0470,1276
2025-07-01,P0470,1268
2025-08-01,P0470,1135
2025-09-01,P0470,958
2025-10-01,P0470,989
2025-11-01,P0470,1155
2025-12-01,P0470,1236
2024-01-01,P0471,327
2024-02-01,P0471,298
2024-03-01,P0471,373
2024-04-01,P0471,316
2024-05-01,P0471,351
2024-06-01,P0471,339
2024-07-01,P0471,267
2024-08-01,P0471,274
2024-09-01,P0471,312
2024-10-01,P0471,260
2024-11-01,P0471,293
2024-12-01,P0471,230
2025-01-01,P0471,271
2025-02-01,P0471,335
2025-03-01,P0471,297
2025-04-01,P0471,310
2025-05-01,P0471,270
2025-06-01,P0471,261
2025-07-01,P0471,197
2025-08-01,P0471,230
2025-09-01,P0471,252
2025-10-01,P0471,169
2025-11-01,P0471,206
2025-12-01,P0471,227
2024-01-01,P0472,1507
2024-02-01,P0472,1333
2024-03-01,P0472,1321
2024-04-01,P0472,1554
2024-05-01,P0472,1646
2024-06-01,P0472,1413
2024-07-01,P0472,1104
2024-08-01,P0472,1333
2024-09-01,P0472,1279
2024-10-01,P0472,1308
2024-11-01,P0472,1299
2024-12-01,P0472,1298
2025-01-01,P0472,1123
2025-02-01,P0472,1348
2025-03-01,P0472,1484
2025-04-01,P0472,1529
2025-05-01,P0472,1339
2025-06-01,P0472,1379
2025-07-01,P0472,1456
2025-08-01,P0472,1350
2025-09-01,P0472,1053
2025-10-01,P0472,1131
2025-11-01,P0472,944
2025-12-01,P0472,1371
2024-01-01,P0473,912
2024-02-01,P0473,990
2024-03-01,P0473,931
2024-04-01,P0473,723
2024-05-01,P0473,1010
2024-06-01,P0473,898
2024-07-01,P0473,783
2024-08-01,P0473,913
2024-09-01,P0473,765
2024-10-01,P0473,744
2024-11-01,P0473,673
2024-12-01,P0473,633
2025-01-01,P0473,812
2025-02-01,P0473,937
2025-03-01,P0473,870
2025-04-01,P0473,893
2025-05-01,P0473,1019
2025-06-01,P0473,909
2025-07-01,P0473,818
2025-08-01,P0473,706
2025-09-01,P0473,786
2025-10-01,P0473,694
2025-11-01,P0473,813
2025-12-01,P0473,710
2024-01-01,P0474,701
2024-02-01,P0474,866
2024-03-01,P0474,1004
2024-04-01,P0474,782
2024-05-01,P0474,882
2024-06-01,P0474,840
2024-07-01,P0474,817
2024-08-01,P0474,747
2024-09-01,P0474,685
2024-10-01,P0474,773
2024-11-01,P0474,751
2024-12-01,P0474,852
2025-01-01,P0474,878
2025-02-01,P0474,790
2025-03-01,P0474,960
2025-04-01,P0474,882
2025-05-01,P0474,872
2025-06-01,P0474,852
2025-07-01,P0474,889
2025-08-01,P0474,800
2025-09-01,P0474,794
2025-10-01,P0474,763
2025-11-01,P0474,842
2025-12-01,P0474,928
2024-01-01,P0475,584
2024-02-01,P0475,697
2024-03-01,P0475,823
2024-04-01,P0475,776
2024-05-01,P0475,739
2024-06-01,P0475,653
2024-07-01,P0475,698
2024-08-01,P0475,583
2024-09-01,P0475,498
2024-10-01,P0475,396
2024-11-01,P0475,436
2024-12-01,P0475,656
2025-01-01,P0475,662
2025-02-01,P0475,677
2025-03-01,P0475,727
2025-04-01,P0475,759
2025-05-01,P0475,730
2025-06-01,P0475,683
2025-07-01,P0475,609
2025-08-01,P0475,622
2025-09-01,P0475,553
2025-10-01,P0475,498
2025-11-01,P0475,555
2025-12-01,P0475,537
2024-01-01,P0476,90
2024-02-01,P0476,110
2024-03-01,P0476,104
2024-04-01,P0476,110
2024-05-01,P0476,90
2024-06-01,P0476,95
2024-07-01,P0476,97
2024-08-01,P0476,82
2024-09-01,P0476,83
2024-10-01,P0476,97
2024-11-01,P0476,77
2024-12-01,P0476,86
2025-01-01,P0476,91
2025-02-01,P0476,88
2025-03-01,P0476,104
2025-04-01,P0476,101
2025-05-01,P0476,84
2025-06-01,P0476,86
2025-07-01,P0476,82
2025-08-01,P0476,98
2025-09-01,P0476,83
2025-10-01,P0476,69
2025-11-01,P0476,61
2025-12-01,P0476,80
2024-01-01,P0477,630
2024-02-01,P0477,742
2024-03-01,P0477,746
2024-04-01,P0477,627
2024-05-01,P0477,693
2024-06-01,P0477,725
2024-07-01,P0477,674
2024-08-01,P0477,596
2024-09-01,P0477,628
2024-10-01,P0477,602
2024-11-01,P0477,763
2024-12-01,P0477,766
2025-01-01,P0477,784
2025-02-01,P0477,758
2025-03-01,P0477,737
2025-04-01,P0477,772
2025-05-01,P0477,747
2025-06-01,P0477,757
2025-07-01,P0477,833
2025-08-01,P0477,656
2025-09-01,P0477,747
2025-10-01,P0477,698
2025-11-01,P0477,642
2025-12-01,P0477,743
2024-01-01,P0478,1485
2024-02-01,P0478,1359
2024-03-01,P0478,1468
2024-04-01,P0478,1921
2024-05-01,P0478,1590
2024-06-01,P0478,1462
2024-07-01,P0478,1259
2024-08-01,P0478,1421
2024-09-01,P0478,1202
2024-10-01,P0478,1341
2024-11-01,P0478,1224
2024-12-01,P0478,1242
2025-01-01,P0478,1697
2025-02-01,P0478,1712
2025-03-01,P0478,1831
2025-04-01,P0478,1634
2025-05-01,P0478,1554
2025-06-01,P0478,1509
2025-07-01,P0478,1481
2025-08-01,P0478,1464
2025-09-01,P0478,1472
2025-10-01,P0478,1400
2025-11-01,P0478,1423
2025-12-01,P0478,1375
2024-01-01,P0479,728
2024-02-01,P0479,896
2024-03-01,P0479,1057
2024-04-01,P0479,972
2024-05-01,P0479,1003
2024-06-01,P0479,876
2024-07-01,P0479,801
2024-08-01,P0479,740
2024-09-01,P0479,823
2024-10-01,P0479,688
2024-11-01,P0479,804
2024-12-01,P0479,836
2025-01-01,P0479,892
2025-02-01,P0479,825
2025-03-01,P0479,1000
2025-04-01,P0479,929
2025-05-01,P0479,1050
2025-06-01,P0479,819
2025-07-01,P0479,968
2025-08-01,P0479,911
2025-09-01,P0479,740
2025-10-01,P0479,818
2025-11-01,P0479,751
2025-12-01,P0479,909
2024-01-01,P0480,1197
2024-02-01,P0480,1219
2024-03-01,P0480,1283
2024-04-01,P0480,1309
2024-05-01,P0480,1337
2024-06-01,P0480,1263
2024-07-01,P0480,1068
2024-08-01,P0480,941
2024-09-01,P0480,1096
2024-10-01,P0480,1068
2024-11-01,P0480,1119
2024-12-01,P0480,890
2025-01-01,P0480,1124
2025-02-01,P0480,1307
2025-03-01,P0480,1264
2025-04-01,P0480,1491
2025-05-01,P0480,1401
2025-06-01,P0480,1345
2025-07-01,P0480,1337
2025-08-01,P0480,1097
2025-09-01,P0480,1235
2025-10-01,P0480,1222
2025-11-01,P0480,1414
2025-12-01,P0480,1209
2024-01-01,P0481,1334
2024-02-01,P0481,1291
2024-03-01,P0481,1204
2024-04-01,P0481,1434
2024-05-01,P0481,1376
2024-06-01,P0481,1256
2024-07-01,P0481,1251
2024-08-01,P0481,1035
2024-09-01,P0481,882
2024-10-01,P0481,918
2024-11-01,P0481,1089
2024-12-01,P0481,994
2025-01-01,P0481,1134
2025-02-01,P0481,1254
2025-03-01,P0481,1422
2025-04-01,P0481,1503
2025-05-01,P0481,1398
2025-06-01,P0481,1351
2025-07-01,P0481,1111
2025-08-01,P0481,981
2025-09-01,P0481,944
2025-10-01,P0481,1070
2025-11-01,P0481,1179
2025-12-01,P0481,1172
2024-01-01,P0482,179
2024-02-01,P0482,174
2024-03-01,P0482,179
2024-04-01,P0482,180
2024-05-01,P0482,198
2024-06-01,P0482,176
2024-07-01,P0482,182
2024-08-01,P0482,171
2024-09-01,P0482,174
2024-10-01,P0482,167
2024-11-01,P0482,181
2024-12-01,P0482,192
2025-01-01,P0482,187
2025-02-01,P0482,203
2025-03-01,P0482,212
2025-04-01,P0482,206
2025-05-01,P0482,190
2025-06-01,P0482,207
2025-07-01,P0482,193
2025-08-01,P0482,180
2025-09-01,P0482,169
2025-10-01,P0482,177
2025-11-01,P0482,201
2025-12-01,P0482,203
2024-01-01,P0483,873
2024-02-01,P0483,956
2024-03-01,P0483,1053
2024-04-01,P0483,1113
2024-05-01,P0483,1073
2024-06-01,P0483,1085
2024-07-01,P0483,850
2024-08-01,P0483,872
2024-09-01,P0483,756
2024-10-01,P0483,812
2024-11-01,P0483,735
2024-12-01,P0483,839
2025-01-01,P0483,1014
2025-02-01,P0483,1055
2025-03-01,P0483,1089
2025-04-01,P0483,1216
2025-05-01,P0483,1039
2025-06-01,P0483,1001
2025-07-01,P0483,978
2025-08-01,P0483,938
2025-09-01,P0483,821
2025-10-01,P0483,786
2025-11-01,P0483,882
2025-12-01,P0483,960
2024-01-01,P0484,888
2024-02-01,P0484,892
2024-03-01,P0484,993
2024-04-01,P0484,945
2024-05-01,P0484,919
2024-06-01,P0484,864
2024-07-01,P0484,898
2024-08-01,P0484,645
2024-09-01,P0484,673
2024-10-01,P0484,538
2024-11-01,P0484,610
2024-12-01,P0484,720
2025-01-01,P0484,859
2025-02-01,P0484,778
2025-03-01,P0484,863
2025-04-01,P0484,1042
2025-05-01,P0484,933
2025-06-01,P0484,838
2025-07-01,P0484,779
2025-08-01,P0484,586
2025-09-01,P0484,644
2025-10-01,P0484,475
2025-11-01,P0484,425
2025-12-01,P0484,635
2024-01-01,P0485,383
2024-02-01,P0485,360
2024-03-01,P0485,474
2024-04-01,P0485,427
2024-05-01,P0485,431
2024-06-01,P0485,443
2024-07-01,P0485,304
2024-08-01,P0485,380
2024-09-01,P0485,308
2024-10-01,P0485,356
2024-11-01,P0485,242
2024-12-01,P0485,383
2025-01-01,P0485,304
2025-02-01,P0485,431
2025-03-01,P0485,414
2025-04-01,P0485,410
2025-05-01,P0485,410
2025-06-01,P0485,334
2025-07-01,P0485,344
2025-08-01,P0485,274
2025-09-01,P0485,241
2025-10-01,P0485,240
2025-11-01,P0485,255
2025-12-01,P0485,380
2024-01-01,P0486,1122
2024-02-01,P0486,1253
2024-03-01,P0486,1360
2024-04-01,P0486,1319
2024-05-01,P0486,1090
2024-06-01,P0486,1183
2024-07-01,P0486,1057
2024-08-01,P0486,1001
2024-09-01,P0486,891
2024-10-01,P0486,831
2024-11-01,P0486,950
2024-12-01,P0486,1061
2025-01-01,P0486,1057
2025-02-01,P0486,1183
2025-03-01,P0486,1291
2025-04-01,P0486,1312
2025-05-01,P0486,1160
2025-06-01,P0486,1189
2025-07-01,P0486,1084
2025-08-01,P0486,1165
2025-09-01,P0486,925
2025-10-01,P0486,899
2025-11-01,P0486,896
2025-12-01,P0486,1151
2024-01-01,P0487,159
2024-02-01,P0487,177
2024-03-01,P0487,192
2024-04-01,P0487,198
2024-05-01,P0487,187
2024-06-01,P0487,184
2024-07-01,P0487,180
2024-08-01,P0487,148
2024-09-01,P0487,163
2024-10-01,P0487,177
2024-11-01,P0487,174
2024-12-01,P0487,176
2025-01-01,P0487,209
2025-02-01,P0487,222
2025-03-01,P0487,260
2025-04-01,P0487,245
2025-05-01,P0487,254
2025-06-01,P0487,244
2025-07-01,P0487,225
2025-08-01,P0487,231
2025-09-01,P0487,219
2025-10-01,P0487,224
2025-11-01,P0487,208
2025-12-01,P0487,248
2024-01-01,P0488,689
2024-02-01,P0488,793
2024-03-01,P0488,693
2024-04-01,P0488,860
2024-05-01,P0488,797
2024-06-01,P0488,847
2024-07-01,P0488,807
2024-08-01,P0488,835
2024-09-01,P0488,781
2024-10-01,P0488,766
2024-11-01,P0488,638
2024-12-01,P0488,758
2025-01-01,P0488,755
2025-02-01,P0488,899
2025-03-01,P0488,957
2025-04-01,P0488,884
2025-05-01,P0488,915
2025-06-01,P0488,939
2025-07-01,P0488,890
2025-08-01,P0488,877
2025-09-01,P0488,886
2025-10-01,P0488,831
2025-11-01,P0488,872
2025-12-01,P0488,858
2024-01-01,P0489,887
2024-02-01,P0489,841
2024-03-01,P0489,787
2024-04-01,P0489,775
2024-05-01,P0489,773
2024-06-01,P0489,731
2024-07-01,P0489,724
2024-08-01,P0489,585
2024-09-01,P0489,484
2024-10-01,P0489,514
2024-11-01,P0489,535
2024-12-01,P0489,640
2025-01-01,P0489,585
2025-02-01,P0489,618
2025-03-01,P0489,746
2025-04-01,P0489,664
2025-05-01,P0489,673
2025-06-01,P0489,662
2025-07-01,P0489,567
2025-08-01,P0489,587
2025-09-01,P0489,487
2025-10-01,P0489,473
2025-11-01,P0489,365
2025-12-01,P0489,490
2024-01-01,P0490,1148
2024-02-01,P0490,1244
2024-03-01,P0490,1298
2024-04-01,P0490,1205
2024-05-01,P0490,1216
2024-06-01,P0490,1291
2024-07-01,P0490,1126
2024-08-01,P0490,1057
2024-09-01,P0490,905
2024-10-01,P0490,840
2024-11-01,P0490,928
2024-12-01,P0490,1052
2025-01-01,P0490,1035
2025-02-01,P0490,1051
2025-03-01,P0490,1293
2025-04-01,P0490,1339
2025-05-01,P0490,1229
2025-06-01,P0490,1244
2025-07-01,P0490,1160
2025-08-01,P0490,1157
2025-09-01,P0490,1016
2025-10-01,P0490,861
2025-11-01,P0490,943
2025-12-01,P0490,971
2024-01-01,P0491,887
2024-02-01,P0491,865
2024-03-01,P0491,1082
2024-04-01,P0491,1129
2024-05-01,P0491,1036
2024-06-01,P0491,974
2024-07-01,P0491,830
2024-08-01,P0491,932
2024-09-01,P0491,834
2024-10-01,P0491,870
2024-11-01,P0491,694
2024-12-01,P0491,671
2025-01-01,P0491,905
2025-02-01,P0491,1097
2025-03-01,P0491,1145
2025-04-01,P0491,1058
2025-05-01,P0491,1114
2025-06-01,P0491,1105
2025-07-01,P0491,931
2025-08-01,P0491,890
2025-09-01,P0491,828
2025-10-01,P0491,794
2025-11-01,P0491,930
2025-12-01,P0491,1017
2024-01-01,P0492,817
2024-02-01,P0492,863
2024-03-01,P0492,874
2024-04-01,P0492,891
2024-05-01,P0492,918
2024-06-01,P0492,784
2024-07-01,P0492,825
2024-08-01,P0492,765
2024-09-01,P0492,707
2024-10-01,P0492,632
2024-11-01,P0492,693
2024-12-01,P0492,739
2025-01-01,P0492,810
2025-02-01,P0492,772
2025-03-01,P0492,793
2025-04-01,P0492,825
2025-05-01,P0492,841
2025-06-01,P0492,806
2025-07-01,P0492,635
2025-08-01,P0492,643
2025-09-01,P0492,628
2025-10-01,P0492,498
2025-11-01,P0492,556
2025-12-01,P0492,544
2024-01-01,P0493,1413
2024-02-01,P0493,1531
2024-03-01,P0493,1786
2024-04-01,P0493,1636
2024-05-01,P0493,1739
2024-06-01,P0493,1525
2024-07-01,P0493,1547
2024-08-01,P0493,1219
2024-09-01,P0493,1340
2024-10-01,P0493,1226
2024-11-01,P0493,1435
2024-12-01,P0493,1380
2025-01-01,P0493,1662
2025-02-01,P0493,1782
2025-03-01,P0493,1688
2025-04-01,P0493,1912
2025-05-01,P0493,1751
2025-06-01,P0493,1669
2025-07-01,P0493,1573
2025-08-01,P0493,1490
2025-09-01,P0493,1304
2025-10-01,P0493,1232
2025-11-01,P0493,1155
2025-12-01,P0493,1691
2024-01-01,P0494,163
2024-02-01,P0494,205
2024-03-01,P0494,227
2024-04-01,P0494,219
2024-05-01,P0494,218
2024-06-01,P0494,238
2024-07-01,P0494,231
2024-08-01,P0494,223
2024-09-01,P0494,252
2024-10-01,P0494,243
2024-11-01,P0494,257
2024-12-01,P0494,298
2025-01-01,P0494,309
2025-02-01,P0494,317
2025-03-01,P0494,321
2025-04-01,P0494,358
2025-05-01,P0494,333
2025-06-01,P0494,355
2025-07-01,P0494,347
2025-08-01,P0494,353
2025-09-01,P0494,366
2025-10-01,P0494,353
2025-11-01,P0494,363
2025-12-01,P0494,375
2024-01-01,P0495,1117
2024-02-01,P0495,1177
2024-03-01,P0495,936
2024-04-01,P0495,1047
2024-05-01,P0495,1197
2024-06-01,P0495,1175
2024-07-01,P0495,1012
2024-08-01,P0495,884
2024-09-01,P0495,905
2024-10-01,P0495,959
2024-11-01,P0495,1004
2024-12-01,P0495,930
2025-01-01,P0495,911
2025-02-01,P0495,1029
2025-03-01,P0495,1180
2025-04-01,P0495,1191
2025-05-01,P0495,1114
2025-06-01,P0495,1238
2025-07-01,P0495,994
2025-08-01,P0495,979
2025-09-01,P0495,966
2025-10-01,P0495,968
2025-11-01,P0495,925
2025-12-01,P0495,971
2024-01-01,P0496,1393
2024-02-01,P0496,1438
2024-03-01,P0496,1606
2024-04-01,P0496,1625
2024-05-01,P0496,1597
2024-06-01,P0496,1546
2024-07-01,P0496,1414
2024-08-01,P0496,1622
2024-09-01,P0496,1494
2024-10-01,P0496,1251
2024-11-01,P0496,1321
2024-12-01,P0496,1479
2025-01-01,P0496,1552
2025-02-01,P0496,1366
2025-03-01,P0496,1736
2025-04-01,P0496,1648
2025-05-01,P0496,1414
2025-06-01,P0496,1612
2025-07-01,P0496,1401
2025-08-01,P0496,1540
2025-09-01,P0496,1402
2025-10-01,P0496,1393
2025-11-01,P0496,1243
2025-12-01,P0496,1182
2024-01-01,P0497,587
2024-02-01,P0497,687
2024-03-01,P0497,629
2024-04-01,P0497,745
2024-05-01,P0497,664
2024-06-01,P0497,616
2024-07-01,P0497,502
2024-08-01,P0497,480
2024-09-01,P0497,411
2024-10-01,P0497,422
2024-11-01,P0497,433
2024-12-01,P0497,494
2025-01-01,P0497,503
2025-02-01,P0497,562
2025-03-01,P0497,580
2025-04-01,P0497,593
2025-05-01,P0497,606
2025-06-01,P0497,536
2025-07-01,P0497,475
2025-08-01,P0497,414
2025-09-01,P0497,393
2025-10-01,P0497,390
2025-11-01,P0497,332
2025-12-01,P0497,402
2024-01-01,P0498,342
2024-02-01,P0498,368
2024-03-01,P0498,391
2024-04-01,P0498,400
2024-05-01,P0498,382
2024-06-01,P0498,387
2024-07-01,P0498,389
2024-08-01,P0498,351
2024-09-01,P0498,360
2024-10-01,P0498,265
2024-11-01,P0498,292
2024-12-01,P0498,340
2025-01-01,P0498,348
2025-02-01,P0498,399
2025-03-01,P0498,383
2025-04-01,P0498,397
2025-05-01,P0498,424
2025-06-01,P0498,382
2025-07-01,P0498,348
2025-08-01,P0498,288
2025-09-01,P0498,316
2025-10-01,P0498,313
2025-11-01,P0498,296
2025-12-01,P0498,340
2024-01-01,P0499,985
2024-02-01,P0499,860
2024-03-01,P0499,1115
2024-04-01,P0499,1270
2024-05-01,P0499,982
2024-06-01,P0499,1007
2024-07-01,P0499,902
2024-08-01,P0499,861
2024-09-01,P0499,834
2024-10-01,P0499,797
2024-11-01,P0499,863
2024-12-01,P0499,926
2025-01-01,P0499,918
2025-02-01,P0499,893
2025-03-01,P0499,1149
2025-04-01,P0499,1139
2025-05-01,P0499,1168
2025-06-01,P0499,1010
2025-07-01,P0499,906
2025-08-01,P0499,781
2025-09-01,P0499,687
2025-10-01,P0499,774
2025-11-01,P0499,823
2025-12-01,P0499,988
2024-01-01,P0500,557
2024-02-01,P0500,625
2024-03-01,P0500,638
2024-04-01,P0500,586
2024-05-01,P0500,626
2024-06-01,P0500,528
2024-07-01,P0500,645
2024-08-01,P0500,481
2024-09-01,P0500,523
2024-10-01,P0500,624
2024-11-01,P0500,649
2024-12-01,P0500,646
2025-01-01,P0500,598
2025-02-01,P0500,728
2025-03-01,P0500,693
2025-04-01,P0500,745
2025-05-01,P0500,745
2025-06-01,P0500,741
2025-07-01,P0500,549
2025-08-01,P0500,710
2025-09-01,P0500,637
2025-10-01,P0500,654
2025-11-01,P0500,725
2025-12-01,P0500,740
