PO_Number,Supplier_ID,Product_ID,Order_Date,Expected_Delivery,Actual_Delivery,Quantity_Ordered,PO_Value,Delivery_Delay_Days,Status
PO000001,S011,P0451,2025-08-31,2025-09-12,2025-09-12,221,2267.45,0,On Time
PO000002,S049,P0232,2024-05-06,2024-07-03,2024-07-03,51,5502.85,0,On Time
PO000003,S020,P0283,2024-01-06,2024-02-16,2024-02-18,385,1115.01,2,Delayed
PO000004,S019,P0453,2024-10-05,2024-10-17,2024-10-17,242,13566.28,0,On Time
PO000005,S025,P0314,2025-09-30,2025-11-28,2025-11-28,640,13793.13,0,On Time
PO000006,S012,P0289,2024-09-07,2024-10-01,2024-10-01,153,2867.39,0,On Time
PO000007,S009,P0467,2025-07-11,2025-07-26,2025-07-26,235,2091.41,0,On Time
PO000008,S023,P0130,2025-07-03,2025-08-26,2025-09-10,639,15640.03,15,Delayed
PO000009,S003,P0300,2025-07-18,2025-08-04,2025-08-04,322,3516.5,0,On Time
PO000010,S012,P0171,2025-09-19,2025-10-13,2025-10-13,436,5485.73,0,On Time
PO000011,S022,P0303,2025-02-18,2025-03-05,2025-03-19,95,2693.52,14,Delayed
PO000012,S017,P0151,2025-02-15,2025-03-24,2025-03-24,446,3113.24,0,On Time
PO000013,S012,P0457,2025-12-02,2025-12-26,2025-12-26,775,2005.34,0,On Time
PO000014,S027,P0067,2025-06-02,2025-07-31,2025-07-31,883,50299.79,0,On Time
PO000015,S041,P0439,2025-11-29,2025-12-22,2025-12-22,518,14168.79,0,On Time
PO000016,S035,P0276,2024-03-11,2024-04-23,2024-04-23,203,6032.6,0,On Time
PO000017,S036,P0436,2024-01-18,2024-01-30,2024-02-11,570,11523.05,12,Delayed
PO000018,S033,P0288,2024-09-04,2024-09-16,2024-09-16,254,3727.99,0,On Time
PO000019,S036,P0177,2025-08-19,2025-08-31,2025-08-31,699,6182.32,0,On Time
PO000020,S038,P0079,2024-04-23,2024-06-19,2024-06-19,805,1217.67,0,On Time
PO000021,S022,P0311,2024-02-12,2024-02-27,2024-03-01,749,6416.65,3,Delayed
PO000022,S032,P0314,2025-09-20,2025-11-12,2025-11-12,788,9527.98,0,On Time
PO000023,S028,P0312,2024-05-18,2024-06-09,2024-06-09,711,3948.27,0,On Time
PO000024,S042,P0295,2025-07-24,2025-09-17,2025-09-17,604,3251.92,0,On Time
PO000025,S002,P0126,2025-04-28,2025-06-08,2025-06-22,614,1668.44,14,Delayed
PO000026,S018,P0203,2024-07-09,2024-07-22,2024-08-03,603,11180.75,12,Delayed
PO000027,S003,P0190,2024-03-12,2024-03-29,2024-03-29,999,1416.59,0,On Time
PO000028,S036,P0280,2025-01-05,2025-01-17,2025-01-17,549,1739.18,0,On Time
PO000029,S013,P0088,2025-11-10,2025-12-28,2025-12-28,517,2796.79,0,On Time
PO000030,S031,P0296,2025-09-14,2025-11-06,2025-11-20,76,510.02,14,Delayed
PO000031,S030,P0343,2025-12-15,2026-01-31,2026-01-31,649,8295.62,0,On Time
PO000032,S024,P0174,2025-01-28,2025-02-26,2025-02-26,581,9197.77,0,On Time
PO000033,S036,P0138,2025-06-30,2025-07-12,2025-07-12,840,4797.45,0,On Time
PO000034,S050,P0127,2025-11-07,2025-12-22,2025-12-22,364,7426.53,0,On Time
PO000035,S017,P0207,2024-04-26,2024-06-02,2024-06-02,624,2611.48,0,On Time
PO000036,S024,P0432,2024-02-19,2024-03-19,2024-03-19,570,19863.1,0,On Time
PO000037,S015,P0292,2025-06-25,2025-08-21,2025-08-31,288,20081.88,10,Delayed
PO000038,S014,P0429,2024-04-10,2024-06-03,2024-06-03,440,18752.76,0,On Time
PO000039,S048,P0480,2024-09-05,2024-09-21,2024-09-21,517,3293.08,0,On Time
PO000040,S018,P0092,2025-06-09,2025-06-22,2025-06-26,936,6962.85,4,Delayed
PO000041,S038,P0246,2024-08-07,2024-10-03,2024-10-03,861,4584.84,0,On Time
PO000042,S035,P0499,2025-12-08,2026-01-20,2026-01-20,247,3279.83,0,On Time
PO000043,S041,P0406,2025-01-17,2025-02-09,2025-02-09,950,5216.17,0,On Time
PO000044,S011,P0306,2025-11-23,2025-12-05,2025-12-05,451,2703.78,0,On Time
PO000045,S012,P0060,2025-08-25,2025-09-18,2025-09-18,33,6706.94,0,On Time
PO000046,S013,P0170,2024-07-05,2024-08-22,2024-08-22,480,9842.59,0,On Time
PO000047,S034,P0401,2024-03-13,2024-04-16,2024-04-16,410,2918.85,0,On Time
PO000048,S036,P0005,2024-11-22,2024-12-04,2024-12-04,624,1727.57,0,On Time
PO000049,S045,P0345,2025-11-10,2025-11-17,2025-11-17,261,820.54,0,On Time
PO000050,S041,P0077,2025-07-27,2025-08-19,2025-08-19,558,2311.73,0,On Time
PO000051,S013,P0366,2025-01-19,2025-03-08,2025-03-22,35,1533.03,14,Delayed
PO000052,S005,P0082,2025-09-28,2025-11-16,2025-11-27,292,1608.31,11,Delayed
PO000053,S017,P0220,2024-06-16,2024-07-23,2024-07-23,369,2889.92,0,On Time
PO000054,S001,P0277,2025-03-03,2025-04-26,2025-04-26,792,1563.05,0,On Time
PO000055,S044,P0142,2024-03-24,2024-04-25,2024-04-25,910,1762.89,0,On Time
PO000056,S007,P0121,2025-02-09,2025-03-15,2025-03-26,728,8499.05,11,Delayed
PO000057,S042,P0178,2025-04-11,2025-06-05,2025-06-05,394,7162.38,0,On Time
PO000058,S011,P0021,2025-11-30,2025-12-12,2025-12-12,700,7277.94,0,On Time
PO000059,S008,P0374,2025-07-28,2025-08-15,2025-08-15,817,4452.17,0,On Time
PO000060,S004,P0072,2024-05-16,2024-06-24,2024-06-25,276,7236.66,1,Delayed
PO000061,S046,P0254,2025-10-03,2025-10-10,2025-10-10,662,8419.41,0,On Time
PO000062,S034,P0186,2025-03-01,2025-04-04,2025-04-04,625,1627.36,0,On Time
PO000063,S029,P0146,2024-03-06,2024-04-03,2024-04-03,42,2964.47,0,On Time
PO000064,S034,P0442,2025-02-11,2025-03-17,2025-03-17,909,2645.22,0,On Time
PO000065,S027,P0269,2025-01-31,2025-03-31,2025-03-31,61,7091.98,0,On Time
PO000066,S042,P0053,2025-12-11,2026-02-04,2026-02-04,78,1233.4,0,On Time
PO000067,S040,P0080,2025-03-03,2025-03-25,2025-03-25,854,8620.89,0,On Time
PO000068,S030,P0119,2024-02-11,2024-03-29,2024-03-29,436,3815.59,0,On Time
PO000069,S036,P0380,2025-03-18,2025-03-30,2025-03-30,609,15130.87,0,On Time
PO000070,S018,P0300,2024-05-23,2024-06-05,2024-06-05,972,4178.56,0,On Time
PO000071,S008,P0054,2025-01-14,2025-02-01,2025-02-01,51,23158.18,0,On Time
PO000072,S020,P0328,2025-07-27,2025-09-06,2025-09-06,837,2210.73,0,On Time
PO000073,S041,P0156,2025-12-18,2026-01-10,2026-01-10,100,2254.86,0,On Time
PO000074,S015,P0279,2025-07-27,2025-09-22,2025-09-22,542,4446.2,0,On Time
PO000075,S046,P0113,2024-03-20,2024-03-27,2024-04-03,305,21042.07,7,Delayed
PO000076,S032,P0062,2024-08-27,2024-10-19,2024-10-19,784,2396.86,0,On Time
PO000077,S022,P0303,2024-09-20,2024-10-05,2024-10-05,698,4236.94,0,On Time
PO000078,S016,P0420,2025-08-26,2025-09-16,2025-09-16,50,711.25,0,On Time
PO000079,S017,P0287,2024-12-03,2025-01-09,2025-01-09,327,2656.89,0,On Time
PO000080,S008,P0422,2024-03-12,2024-03-30,2024-03-30,706,25446.51,0,On Time
PO000081,S015,P0290,2025-06-01,2025-07-28,2025-07-28,56,3518.95,0,On Time
PO000082,S028,P0300,2025-09-05,2025-09-27,2025-09-27,667,1925.84,0,On Time
PO000083,S005,P0289,2024-11-21,2025-01-09,2025-01-09,774,4294.16,0,On Time
PO000084,S031,P0016,2024-10-11,2024-12-03,2024-12-03,435,4690.8,0,On Time
PO000085,S019,P0473,2025-07-15,2025-07-27,2025-08-05,964,11792.86,9,Delayed
PO000086,S019,P0040,2025-05-24,2025-06-05,2025-06-05,974,2457.48,0,On Time
PO000087,S016,P0488,2025-02-09,2025-03-02,2025-03-02,286,1000.4,0,On Time
PO000088,S016,P0316,2025-01-02,2025-01-23,2025-01-23,330,7149.13,0,On Time
PO000089,S010,P0197,2025-02-08,2025-03-08,2025-03-08,494,3802.17,0,On Time
PO000090,S015,P0415,2025-03-15,2025-05-11,2025-05-11,610,937.29,0,On Time
PO000091,S033,P0164,2024-06-30,2024-07-12,2024-07-12,66,8968.14,0,On Time
PO000092,S008,P0328,2025-04-11,2025-04-29,2025-05-04,615,6968.03,5,Delayed
PO000093,S022,P0173,2024-08-06,2024-08-21,2024-08-21,877,4966.9,0,On Time
PO000094,S038,P0084,2024-09-09,2024-11-05,2024-11-15,212,5501.53,10,Delayed
PO000095,S010,P0233,2024-11-20,2024-12-18,2024-12-18,614,15453.72,0,On Time
PO000096,S020,P0319,2024-01-30,2024-03-11,2024-03-24,121,35895.51,13,Delayed
PO000097,S002,P0112,2025-08-05,2025-09-15,2025-09-15,994,8013.35,0,On Time
PO000098,S035,P0143,2024-04-23,2024-06-05,2024-06-05,200,977.68,0,On Time
PO000099,S043,P0002,2024-03-28,2024-05-08,2024-05-08,773,2590.71,0,On Time
PO000100,S028,P0476,2024-03-08,2024-03-30,2024-04-09,191,5538.53,10,Delayed
PO000101,S038,P0402,2025-10-16,2025-12-12,2025-12-12,288,5119.35,0,On Time
PO000102,S020,P0349,2024-09-02,2024-10-13,2024-10-22,469,3276.44,9,Delayed
PO000103,S028,P0451,2024-02-26,2024-03-19,2024-03-21,397,10559.9,2,Delayed
PO000104,S047,P0059,2024-09-14,2024-11-01,2024-11-01,719,4547.66,0,On Time
PO000105,S010,P0372,2024-11-04,2024-12-02,2024-12-02,295,1991.8,0,On Time
PO000106,S014,P0303,2025-12-06,2026-01-29,2026-01-29,143,5057.45,0,On Time
PO000107,S026,P0107,2024-09-01,2024-09-25,2024-09-27,573,488.57,2,Delayed
PO000108,S029,P0030,2025-06-07,2025-07-05,2025-07-05,278,7014.49,0,On Time
PO000109,S023,P0051,2024-04-10,2024-06-03,2024-06-07,701,28188.12,4,Delayed
PO000110,S048,P0180,2024-09-04,2024-09-20,2024-09-20,942,4223.14,0,On Time
PO000111,S021,P0173,2024-12-03,2025-01-11,2025-01-11,986,3630.05,0,On Time
PO000112,S023,P0413,2025-09-20,2025-11-13,2025-11-13,222,6622.57,0,On Time
PO000113,S025,P0118,2024-05-15,2024-07-13,2024-07-13,416,877.98,0,On Time
PO000114,S003,P0475,2025-05-19,2025-06-05,2025-06-05,997,3424.81,0,On Time
PO000115,S036,P0198,2025-04-29,2025-05-11,2025-05-25,325,385.22,14,Delayed
PO000116,S016,P0266,2025-02-11,2025-03-04,2025-03-04,201,4985.69,0,On Time
PO000117,S003,P0164,2025-10-11,2025-10-28,2025-10-28,685,4212.67,0,On Time
PO000118,S047,P0042,2025-09-18,2025-11-05,2025-11-05,145,824.85,0,On Time
PO000119,S022,P0334,2024-02-15,2024-03-01,2024-03-01,483,2550.62,0,On Time
PO000120,S003,P0235,2024-10-13,2024-10-30,2024-10-30,489,3296.48,0,On Time
PO000121,S042,P0410,2024-01-15,2024-03-10,2024-03-10,29,4979.04,0,On Time
PO000122,S029,P0162,2024-05-11,2024-06-08,2024-06-08,969,5883.93,0,On Time
PO000123,S030,P0269,2024-10-14,2024-11-30,2024-11-30,404,18077.31,0,On Time
PO000124,S016,P0100,2025-08-25,2025-09-15,2025-09-15,712,848.13,0,On Time
PO000125,S045,P0211,2025-09-02,2025-09-09,2025-09-09,458,19171.52,0,On Time
PO000126,S006,P0444,2024-09-11,2024-10-21,2024-10-21,486,2464.61,0,On Time
PO000127,S044,P0424,2025-11-24,2025-12-26,2025-12-31,853,1804.28,5,Delayed
PO000128,S023,P0167,2025-05-04,2025-06-27,2025-06-27,327,1249.62,0,On Time
PO000129,S049,P0202,2025-01-29,2025-03-28,2025-03-28,569,6096.66,0,On Time
PO000130,S030,P0193,2025-06-21,2025-08-07,2025-08-07,820,12153.84,0,On Time
PO000131,S044,P0017,2024-12-09,2025-01-10,2025-01-12,940,8706.27,2,Delayed
PO000132,S037,P0211,2025-06-04,2025-07-27,2025-07-27,706,19495.76,0,On Time
PO000133,S019,P0430,2024-11-02,2024-11-14,2024-11-14,245,10350.98,0,On Time
PO000134,S040,P0217,2025-02-24,2025-03-18,2025-03-18,442,6343.05,0,On Time
PO000135,S043,P0113,2025-12-06,2026-01-16,2026-01-19,467,3294.79,3,Delayed
PO000136,S007,P0210,2024-05-23,2024-06-26,2024-06-27,636,3371.81,1,Delayed
PO000137,S029,P0370,2025-10-13,2025-11-10,2025-11-10,601,4083.48,0,On Time
PO000138,S049,P0106,2025-12-17,2026-02-13,2026-02-13,545,3530.47,0,On Time
PO000139,S044,P0002,2024-05-06,2024-06-07,2024-06-07,389,26584.38,0,On Time
PO000140,S001,P0035,2024-07-11,2024-09-03,2024-09-08,809,1783.59,5,Delayed
PO000141,S026,P0407,2025-12-17,2026-01-10,2026-01-10,511,1199.35,0,On Time
PO000142,S046,P0341,2025-04-11,2025-04-18,2025-04-22,480,1558.59,4,Delayed
PO000143,S006,P0454,2025-05-11,2025-06-20,2025-07-05,988,7303.72,15,Delayed
PO000144,S008,P0443,2025-08-11,2025-08-29,2025-08-29,240,4920.92,0,On Time
PO000145,S034,P0380,2024-10-14,2024-11-17,2024-11-17,840,4497.18,0,On Time
PO000146,S044,P0123,2025-01-16,2025-02-17,2025-02-17,292,10205.54,0,On Time
PO000147,S039,P0121,2024-03-25,2024-04-19,2024-04-22,277,2624.66,3,Delayed
PO000148,S008,P0490,2025-04-15,2025-05-03,2025-05-03,336,18910.94,0,On Time
PO000149,S029,P0130,2025-02-23,2025-03-23,2025-03-23,601,1511.69,0,On Time
PO000150,S019,P0091,2025-10-04,2025-10-16,2025-10-25,682,5843.83,9,Delayed
PO000151,S012,P0165,2025-11-20,2025-12-14,2025-12-14,803,9972.96,0,On Time
PO000152,S050,P0264,2025-02-06,2025-03-23,2025-03-23,189,330.51,0,On Time
PO000153,S027,P0333,2025-05-30,2025-07-28,2025-07-28,959,9220.29,0,On Time
PO000154,S005,P0069,2024-05-26,2024-07-14,2024-07-14,928,5906.74,0,On Time
PO000155,S001,P0202,2024-05-26,2024-07-19,2024-07-30,736,10136.58,11,Delayed
PO000156,S026,P0043,2024-07-09,2024-08-02,2024-08-02,930,4525.81,0,On Time
PO000157,S022,P0182,2025-06-10,2025-06-25,2025-06-25,951,1517.0,0,On Time
PO000158,S030,P0303,2024-06-09,2024-07-26,2024-07-26,281,4298.9,0,On Time
PO000159,S008,P0446,2025-06-02,2025-06-20,2025-06-20,374,16620.42,0,On Time
PO000160,S037,P0184,2024-07-19,2024-09-10,2024-09-14,474,3553.78,4,Delayed
PO000161,S032,P0177,2024-06-26,2024-08-18,2024-08-18,280,3407.01,0,On Time
PO000162,S045,P0168,2024-03-12,2024-03-19,2024-03-19,237,14819.92,0,On Time
PO000163,S025,P0286,2024-09-09,2024-11-07,2024-11-07,68,4440.22,0,On Time
PO000164,S033,P0065,2025-10-18,2025-10-30,2025-10-30,51,3925.86,0,On Time
PO000165,S013,P0144,2025-07-02,2025-08-19,2025-08-19,81,11946.69,0,On Time
PO000166,S043,P0461,2024-02-03,2024-03-15,2024-03-15,864,4656.14,0,On Time
PO000167,S032,P0369,2024-01-31,2024-03-24,2024-03-24,762,4469.07,0,On Time
PO000168,S042,P0364,2024-01-06,2024-03-01,2024-03-01,898,21722.76,0,On Time
PO000169,S049,P0457,2025-07-10,2025-09-06,2025-09-06,393,10837.09,0,On Time
PO000170,S001,P0077,2024-01-20,2024-03-14,2024-03-14,737,14264.34,0,On Time
PO000171,S011,P0010,2025-10-09,2025-10-21,2025-10-21,933,14524.3,0,On Time
PO000172,S034,P0105,2025-12-28,2026-01-31,2026-01-31,268,2681.81,0,On Time
PO000173,S040,P0237,2024-08-25,2024-09-16,2024-09-16,105,3798.37,0,On Time
PO000174,S032,P0216,2025-05-11,2025-07-03,2025-07-03,640,2809.67,0,On Time
PO000175,S004,P0137,2024-02-26,2024-04-05,2024-04-05,66,4800.59,0,On Time
PO000176,S044,P0346,2025-02-27,2025-03-31,2025-03-31,713,2158.58,0,On Time
PO000177,S028,P0154,2024-07-21,2024-08-12,2024-08-12,618,8727.45,0,On Time
PO000178,S037,P0260,2024-01-13,2024-03-06,2024-03-06,341,2215.05,0,On Time
PO000179,S021,P0277,2025-02-10,2025-03-21,2025-03-21,447,8328.67,0,On Time
PO000180,S011,P0145,2025-08-16,2025-08-28,2025-08-28,151,2091.3,0,On Time
PO000181,S042,P0101,2025-06-17,2025-08-11,2025-08-11,732,6218.28,0,On Time
PO000182,S036,P0070,2024-10-22,2024-11-03,2024-11-03,894,4655.5,0,On Time
PO000183,S037,P0282,2025-06-19,2025-08-11,2025-08-11,424,3356.32,0,On Time
PO000184,S047,P0449,2024-04-03,2024-05-21,2024-06-03,502,4724.6,13,Delayed
PO000185,S001,P0208,2025-04-05,2025-05-29,2025-05-31,916,10570.81,2,Delayed
PO000186,S047,P0335,2025-10-16,2025-12-03,2025-12-03,149,1931.51,0,On Time
PO000187,S033,P0055,2025-12-22,2026-01-03,2026-01-03,102,11209.93,0,On Time
PO000188,S046,P0040,2025-09-18,2025-09-25,2025-09-25,759,7062.63,0,On Time
PO000189,S017,P0286,2025-06-23,2025-07-30,2025-07-30,396,7875.26,0,On Time
PO000190,S047,P0004,2024-06-27,2024-08-14,2024-08-16,358,4010.98,2,Delayed
PO000191,S047,P0474,2025-11-01,2025-12-19,2025-12-29,303,4171.45,10,Delayed
PO000192,S018,P0186,2024-07-24,2024-08-06,2024-08-06,669,1986.99,0,On Time
PO000193,S008,P0344,2024-02-16,2024-03-05,2024-03-05,349,3497.16,0,On Time
PO000194,S048,P0094,2024-11-23,2024-12-09,2024-12-09,82,2942.02,0,On Time
PO000195,S046,P0125,2025-06-21,2025-06-28,2025-06-30,410,364.22,2,Delayed
PO000196,S015,P0497,2025-04-10,2025-06-06,2025-06-06,330,3798.33,0,On Time
PO000197,S038,P0193,2024-12-17,2025-02-12,2025-02-12,684,3646.13,0,On Time
PO000198,S027,P0047,2025-06-30,2025-08-28,2025-08-28,466,1928.83,0,On Time
PO000199,S036,P0219,2025-01-21,2025-02-02,2025-02-02,993,9417.89,0,On Time
PO000200,S012,P0146,2025-04-22,2025-05-16,2025-05-16,175,996.06,0,On Time
PO000201,S002,P0089,2024-11-30,2025-01-10,2025-01-15,691,7767.06,5,Delayed
PO000202,S019,P0115,2025-06-08,2025-06-20,2025-06-20,493,3072.96,0,On Time
PO000203,S049,P0490,2025-03-26,2025-05-23,2025-05-23,973,24367.37,0,On Time
PO000204,S032,P0249,2024-01-24,2024-03-17,2024-03-17,997,17041.56,0,On Time
PO000205,S015,P0406,2025-07-16,2025-09-11,2025-09-11,759,3336.43,0,On Time
PO000206,S040,P0202,2024-08-04,2024-08-26,2024-09-01,215,8422.86,6,Delayed
PO000207,S004,P0291,2024-10-24,2024-12-02,2024-12-02,938,4828.64,0,On Time
PO000208,S004,P0312,2025-01-15,2025-02-23,2025-02-23,901,1630.48,0,On Time
PO000209,S049,P0073,2025-05-30,2025-07-27,2025-07-27,145,2829.81,0,On Time
PO000210,S040,P0356,2025-01-13,2025-02-04,2025-02-13,735,9490.59,9,Delayed
PO000211,S004,P0027,2024-03-16,2024-04-24,2024-04-24,54,1937.73,0,On Time
PO000212,S001,P0223,2025-09-08,2025-11-01,2025-11-01,470,1353.12,0,On Time
PO000213,S013,P0391,2024-12-18,2025-02-04,2025-02-07,247,10491.53,3,Delayed
PO000214,S028,P0157,2024-06-08,2024-06-30,2024-07-08,633,7283.08,8,Delayed
PO000215,S050,P0321,2025-05-02,2025-06-16,2025-06-16,723,7487.22,0,On Time
PO000216,S045,P0205,2025-01-30,2025-02-06,2025-02-06,768,789.92,0,On Time
PO000217,S048,P0425,2025-02-18,2025-03-06,2025-03-06,569,3439.37,0,On Time
PO000218,S046,P0262,2025-07-30,2025-08-06,2025-08-06,626,7281.33,0,On Time
PO000219,S028,P0393,2025-09-07,2025-09-29,2025-09-29,987,4126.21,0,On Time
PO000220,S015,P0103,2025-07-23,2025-09-18,2025-09-18,793,12301.53,0,On Time
PO000221,S010,P0063,2024-07-09,2024-08-06,2024-08-06,718,6826.69,0,On Time
PO000222,S008,P0071,2025-01-16,2025-02-03,2025-02-03,936,21266.73,0,On Time
PO000223,S048,P0048,2024-10-18,2024-11-03,2024-11-03,523,4434.18,0,On Time
PO000224,S041,P0012,2024-03-29,2024-04-21,2024-04-21,866,2882.48,0,On Time
PO000225,S026,P0072,2024-11-16,2024-12-10,2024-12-19,186,14030.36,9,Delayed
PO000226,S028,P0028,2025-11-09,2025-12-01,2025-12-01,590,63174.08,0,On Time
PO000227,S049,P0316,2024-09-11,2024-11-08,2024-11-08,330,1048.76,0,On Time
PO000228,S004,P0389,2025-02-06,2025-03-17,2025-04-01,107,23469.67,15,Delayed
PO000229,S012,P0173,2025-10-01,2025-10-25,2025-10-25,229,1307.67,0,On Time
PO000230,S029,P0373,2025-12-18,2026-01-15,2026-01-29,877,4639.4,14,Delayed
PO000231,S018,P0062,2025-09-16,2025-09-29,2025-09-29,181,1308.78,0,On Time
PO000232,S038,P0366,2025-12-27,2026-02-22,2026-02-22,955,24471.45,0,On Time
PO000233,S007,P0213,2024-11-20,2024-12-24,2025-01-08,625,15395.12,15,Delayed
PO000234,S030,P0454,2024-08-17,2024-10-03,2024-10-03,675,12290.79,0,On Time
PO000235,S024,P0358,2025-12-10,2026-01-08,2026-01-08,386,9502.1,0,On Time
PO000236,S027,P0408,2025-07-07,2025-09-04,2025-09-04,73,2444.42,0,On Time
PO000237,S011,P0310,2025-10-18,2025-10-30,2025-10-30,802,3287.23,0,On Time
PO000238,S040,P0390,2025-08-05,2025-08-27,2025-08-27,108,2202.62,0,On Time
PO000239,S043,P0057,2025-03-01,2025-04-11,2025-04-11,715,14064.28,0,On Time
PO000240,S004,P0485,2024-02-29,2024-04-08,2024-04-08,126,6244.32,0,On Time
PO000241,S040,P0181,2025-02-27,2025-03-21,2025-03-21,445,5074.05,0,On Time
PO000242,S002,P0488,2024-02-22,2024-04-03,2024-04-18,580,9385.88,15,Delayed
PO000243,S016,P0123,2025-04-25,2025-05-16,2025-05-16,849,24370.2,0,On Time
PO000244,S026,P0091,2024-01-06,2024-01-30,2024-01-30,186,8798.34,0,On Time
PO000245,S035,P0402,2024-07-05,2024-08-17,2024-08-17,656,5949.0,0,On Time
PO000246,S005,P0181,2025-11-28,2026-01-16,2026-01-16,717,2203.13,0,On Time
PO000247,S012,P0267,2025-05-04,2025-05-28,2025-05-28,679,6774.88,0,On Time
PO000248,S009,P0239,2025-01-07,2025-01-22,2025-02-04,798,2548.43,13,Delayed
PO000249,S013,P0453,2025-04-24,2025-06-11,2025-06-11,408,271.01,0,On Time
PO000250,S020,P0456,2024-09-11,2024-10-22,2024-10-22,572,4352.2,0,On Time
PO000251,S029,P0064,2024-04-13,2024-05-11,2024-05-11,774,2291.39,0,On Time
PO000252,S024,P0420,2024-08-18,2024-09-16,2024-09-16,200,6037.32,0,On Time
PO000253,S022,P0220,2024-03-13,2024-03-28,2024-03-28,469,3583.97,0,On Time
PO000254,S013,P0135,2024-02-26,2024-04-14,2024-04-14,439,5591.57,0,On Time
PO000255,S045,P0166,2024-09-28,2024-10-05,2024-10-05,144,2281.7,0,On Time
PO000256,S011,P0170,2025-09-07,2025-09-19,2025-09-19,39,1886.3,0,On Time
PO000257,S034,P0477,2024-06-04,2024-07-08,2024-07-08,215,7221.66,0,On Time
PO000258,S038,P0153,2025-01-25,2025-03-23,2025-03-23,572,44235.73,0,On Time
PO000259,S017,P0094,2025-07-03,2025-08-09,2025-08-09,845,2334.98,0,On Time
PO000260,S048,P0257,2025-08-12,2025-08-28,2025-08-28,139,15825.27,0,On Time
PO000261,S007,P0252,2024-06-03,2024-07-07,2024-07-07,412,2957.95,0,On Time
PO000262,S021,P0438,2025-10-06,2025-11-14,2025-11-22,799,8916.97,8,Delayed
PO000263,S029,P0168,2025-11-02,2025-11-30,2025-11-30,146,7630.97,0,On Time
PO000264,S035,P0307,2024-11-26,2025-01-08,2025-01-08,230,2030.55,0,On Time
PO000265,S028,P0258,2025-04-16,2025-05-08,2025-05-23,610,5315.52,15,Delayed
PO000266,S026,P0124,2025-07-12,2025-08-05,2025-08-05,612,2591.24,0,On Time
PO000267,S038,P0498,2025-04-29,2025-06-25,2025-07-08,11,8334.83,13,Delayed
PO000268,S043,P0445,2025-11-25,2026-01-05,2026-01-05,224,16527.85,0,On Time
PO000269,S016,P0394,2024-11-19,2024-12-10,2024-12-10,423,2450.28,0,On Time
PO000270,S045,P0352,2025-02-21,2025-02-28,2025-03-07,43,46158.03,7,Delayed
PO000271,S050,P0216,2024-12-16,2025-01-30,2025-01-30,681,26927.48,0,On Time
PO000272,S027,P0465,2025-06-19,2025-08-17,2025-08-17,372,6618.95,0,On Time
PO000273,S018,P0468,2025-02-25,2025-03-10,2025-03-10,575,6192.32,0,On Time
PO000274,S019,P0129,2025-10-20,2025-11-01,2025-11-01,26,2259.67,0,On Time
PO000275,S009,P0197,2025-09-27,2025-10-12,2025-10-12,872,1476.74,0,On Time
PO000276,S007,P0233,2024-05-20,2024-06-23,2024-06-23,246,6349.27,0,On Time
PO000277,S014,P0087,2025-03-16,2025-05-09,2025-05-09,481,8702.31,0,On Time
PO000278,S038,P0145,2025-06-14,2025-08-10,2025-08-24,253,8732.67,14,Delayed
PO000279,S017,P0161,2025-05-03,2025-06-09,2025-06-09,757,11879.91,0,On Time
PO000280,S025,P0008,2024-10-04,2024-12-02,2024-12-02,209,2401.76,0,On Time
PO000281,S047,P0470,2024-11-29,2025-01-16,2025-01-16,315,17295.95,0,On Time
PO000282,S023,P0142,2025-12-28,2026-02-20,2026-02-20,987,688.59,0,On Time
PO000283,S017,P0004,2025-03-06,2025-04-12,2025-04-12,59,5333.23,0,On Time
PO000284,S017,P0004,2025-07-07,2025-08-13,2025-08-13,553,3688.81,0,On Time
PO000285,S020,P0286,2025-02-20,2025-04-02,2025-04-02,327,1932.94,0,On Time
PO000286,S009,P0399,2025-10-10,2025-10-25,2025-10-29,825,4896.62,4,Delayed
PO000287,S032,P0064,2024-11-23,2025-01-15,2025-01-15,423,2070.88,0,On Time
PO000288,S032,P0095,2024-09-25,2024-11-17,2024-11-17,689,1965.62,0,On Time
PO000289,S024,P0325,2025-08-15,2025-09-13,2025-09-21,52,18870.91,8,Delayed
PO000290,S017,P0205,2025-12-15,2026-01-21,2026-01-21,387,4757.14,0,On Time
PO000291,S037,P0229,2025-10-13,2025-12-05,2025-12-05,326,6290.52,0,On Time
PO000292,S018,P0194,2025-06-10,2025-06-23,2025-06-23,438,13045.58,0,On Time
PO000293,S004,P0063,2025-04-13,2025-05-22,2025-06-01,627,6768.87,10,Delayed
PO000294,S045,P0109,2024-11-26,2024-12-03,2024-12-03,433,2330.49,0,On Time
PO000295,S032,P0314,2025-12-29,2026-02-20,2026-02-20,857,1238.72,0,On Time
PO000296,S046,P0243,2025-07-07,2025-07-14,2025-07-14,576,8655.95,0,On Time
PO000297,S046,P0117,2025-03-14,2025-03-21,2025-03-21,164,7959.92,0,On Time
PO000298,S041,P0290,2024-05-21,2024-06-13,2024-06-13,82,9182.74,0,On Time
PO000299,S012,P0066,2025-07-14,2025-08-07,2025-08-07,120,1798.39,0,On Time
PO000300,S032,P0048,2025-11-26,2026-01-18,2026-01-24,742,2171.46,6,Delayed
PO000301,S003,P0292,2024-10-16,2024-11-02,2024-11-02,390,3143.49,0,On Time
PO000302,S008,P0082,2025-07-06,2025-07-24,2025-08-03,552,8846.3,10,Delayed
PO000303,S038,P0479,2024-09-29,2024-11-25,2024-11-29,446,4109.07,4,Delayed
PO000304,S011,P0244,2024-09-06,2024-09-18,2024-09-18,875,1895.37,0,On Time
PO000305,S040,P0423,2024-11-26,2024-12-18,2024-12-29,320,4761.74,11,Delayed
PO000306,S003,P0478,2025-08-31,2025-09-17,2025-09-17,311,2321.75,0,On Time
PO000307,S026,P0024,2024-07-23,2024-08-16,2024-08-16,502,7687.67,0,On Time
PO000308,S004,P0325,2024-03-14,2024-04-22,2024-04-26,765,5132.73,4,Delayed
PO000309,S028,P0319,2024-02-05,2024-02-27,2024-02-27,637,7015.13,0,On Time
PO000310,S042,P0426,2025-05-18,2025-07-12,2025-07-12,857,2157.23,0,On Time
PO000311,S015,P0434,2024-07-20,2024-09-15,2024-09-18,810,8649.28,3,Delayed
PO000312,S027,P0320,2025-03-04,2025-05-02,2025-05-02,493,16352.09,0,On Time
PO000313,S012,P0198,2024-09-10,2024-10-04,2024-10-15,861,7496.37,11,Delayed
PO000314,S045,P0495,2024-11-14,2024-11-21,2024-11-21,929,16516.8,0,On Time
PO000315,S041,P0331,2025-09-18,2025-10-11,2025-10-11,287,4753.6,0,On Time
PO000316,S039,P0393,2025-10-06,2025-10-31,2025-10-31,464,10779.51,0,On Time
PO000317,S006,P0127,2024-11-15,2024-12-25,2024-12-25,751,16517.04,0,On Time
PO000318,S006,P0077,2024-12-30,2025-02-08,2025-02-08,261,4505.46,0,On Time
PO000319,S015,P0155,2024-01-07,2024-03-04,2024-03-04,396,2503.02,0,On Time
PO000320,S022,P0334,2024-05-27,2024-06-11,2024-06-11,452,7845.18,0,On Time
PO000321,S007,P0332,2025-12-01,2026-01-04,2026-01-04,442,2766.08,0,On Time
PO000322,S036,P0329,2025-11-29,2025-12-11,2025-12-21,934,3944.6,10,Delayed
PO000323,S002,P0303,2025-01-19,2025-03-01,2025-03-01,189,6734.78,0,On Time
PO000324,S026,P0294,2025-08-19,2025-09-12,2025-09-23,218,8468.13,11,Delayed
PO000325,S040,P0417,2024-11-12,2024-12-04,2024-12-04,986,1595.04,0,On Time
PO000326,S024,P0402,2024-12-22,2025-01-20,2025-01-20,767,6307.51,0,On Time
PO000327,S016,P0239,2024-06-19,2024-07-10,2024-07-10,825,1877.9,0,On Time
PO000328,S049,P0478,2025-10-11,2025-12-08,2025-12-08,971,1604.32,0,On Time
PO000329,S004,P0283,2025-10-27,2025-12-05,2025-12-05,809,1923.48,0,On Time
PO000330,S008,P0290,2024-04-30,2024-05-18,2024-05-18,792,2314.6,0,On Time
PO000331,S043,P0225,2025-12-25,2026-02-04,2026-02-04,354,1001.6,0,On Time
PO000332,S004,P0122,2024-03-02,2024-04-10,2024-04-10,78,4868.11,0,On Time
PO000333,S046,P0137,2025-09-29,2025-10-06,2025-10-06,670,19516.48,0,On Time
PO000334,S022,P0383,2025-07-18,2025-08-02,2025-08-02,692,7401.26,0,On Time
PO000335,S021,P0289,2024-05-24,2024-07-02,2024-07-02,984,27127.64,0,On Time
PO000336,S028,P0102,2025-02-14,2025-03-08,2025-03-20,258,14709.84,12,Delayed
PO000337,S012,P0035,2024-04-04,2024-04-28,2024-04-28,65,30649.61,0,On Time
PO000338,S048,P0326,2025-12-21,2026-01-06,2026-01-19,583,6508.32,13,Delayed
PO000339,S031,P0234,2024-03-24,2024-05-16,2024-05-16,587,8896.7,0,On Time
PO000340,S048,P0266,2024-07-22,2024-08-07,2024-08-07,505,4766.46,0,On Time
PO000341,S042,P0336,2024-10-23,2024-12-17,2024-12-17,901,8532.71,0,On Time
PO000342,S027,P0026,2024-08-12,2024-10-10,2024-10-10,472,15429.51,0,On Time
PO000343,S037,P0235,2024-09-26,2024-11-18,2024-11-20,583,4546.17,2,Delayed
PO000344,S027,P0290,2024-12-21,2025-02-18,2025-03-01,953,8285.35,11,Delayed
PO000345,S031,P0297,2025-01-03,2025-02-25,2025-02-25,379,14137.77,0,On Time
PO000346,S025,P0475,2024-01-14,2024-03-13,2024-03-17,105,16325.4,4,Delayed
PO000347,S001,P0216,2025-07-07,2025-08-30,2025-08-30,668,776.82,0,On Time
PO000348,S048,P0143,2024-03-30,2024-04-15,2024-04-15,374,1627.43,0,On Time
PO000349,S016,P0117,2024-06-12,2024-07-03,2024-07-03,852,27478.94,0,On Time
PO000350,S037,P0011,2024-12-07,2025-01-29,2025-01-29,691,7072.15,0,On Time
PO000351,S012,P0159,2024-01-29,2024-02-22,2024-02-22,69,3516.45,0,On Time
PO000352,S043,P0253,2024-09-19,2024-10-30,2024-10-30,857,4833.98,0,On Time
PO000353,S043,P0407,2024-06-24,2024-08-04,2024-08-04,540,14032.11,0,On Time
PO000354,S043,P0002,2025-08-21,2025-10-01,2025-10-04,36,11621.72,3,Delayed
PO000355,S025,P0477,2024-02-19,2024-04-18,2024-04-23,876,4769.16,5,Delayed
PO000356,S014,P0187,2024-08-02,2024-09-25,2024-09-25,573,7768.89,0,On Time
PO000357,S032,P0171,2024-05-02,2024-06-24,2024-06-24,674,14859.94,0,On Time
PO000358,S008,P0168,2025-12-03,2025-12-21,2025-12-21,405,6023.27,0,On Time
PO000359,S020,P0182,2024-08-05,2024-09-15,2024-09-15,853,2243.69,0,On Time
PO000360,S048,P0085,2024-05-25,2024-06-10,2024-06-10,17,4563.75,0,On Time
PO000361,S011,P0214,2025-11-18,2025-11-30,2025-11-30,863,8276.68,0,On Time
PO000362,S049,P0445,2025-05-26,2025-07-23,2025-07-23,918,21489.5,0,On Time
PO000363,S029,P0413,2024-11-08,2024-12-06,2024-12-06,632,4354.02,0,On Time
PO000364,S032,P0070,2025-12-08,2026-01-30,2026-01-30,404,1834.36,0,On Time
PO000365,S002,P0422,2025-08-26,2025-10-06,2025-10-06,224,11231.93,0,On Time
PO000366,S040,P0005,2025-04-29,2025-05-21,2025-05-21,950,11300.49,0,On Time
PO000367,S001,P0188,2025-10-05,2025-11-28,2025-11-28,750,2590.8,0,On Time
PO000368,S003,P0491,2025-12-08,2025-12-25,2025-12-25,900,5503.31,0,On Time
PO000369,S035,P0110,2024-12-16,2025-01-28,2025-01-28,465,5578.35,0,On Time
PO000370,S035,P0259,2024-02-25,2024-04-08,2024-04-08,820,10113.99,0,On Time
PO000371,S050,P0114,2025-03-13,2025-04-27,2025-04-27,919,5397.7,0,On Time
PO000372,S006,P0484,2025-07-09,2025-08-18,2025-08-18,42,7023.33,0,On Time
PO000373,S008,P0389,2024-04-14,2024-05-02,2024-05-02,176,9652.12,0,On Time
PO000374,S042,P0277,2024-03-03,2024-04-27,2024-04-27,639,3130.99,0,On Time
PO000375,S040,P0035,2025-04-29,2025-05-21,2025-05-21,678,17190.55,0,On Time
PO000376,S024,P0359,2025-01-09,2025-02-07,2025-02-07,241,2117.46,0,On Time
PO000377,S022,P0375,2025-12-06,2025-12-21,2025-12-21,114,4279.65,0,On Time
PO000378,S036,P0390,2025-06-23,2025-07-05,2025-07-05,836,1457.27,0,On Time
PO000379,S004,P0432,2024-12-29,2025-02-06,2025-02-06,655,8357.74,0,On Time
PO000380,S032,P0100,2025-09-07,2025-10-30,2025-11-10,804,5576.45,11,Delayed
PO000381,S034,P0293,2025-02-16,2025-03-22,2025-03-22,179,2372.86,0,On Time
PO000382,S038,P0448,2024-04-02,2024-05-29,2024-05-29,872,1146.89,0,On Time
PO000383,S033,P0246,2024-01-14,2024-01-26,2024-01-26,224,1062.32,0,On Time
PO000384,S005,P0331,2025-02-15,2025-04-05,2025-04-05,643,5350.34,0,On Time
PO000385,S003,P0073,2025-08-19,2025-09-05,2025-09-05,623,7560.71,0,On Time
PO000386,S043,P0178,2025-09-25,2025-11-05,2025-11-05,748,9288.56,0,On Time
PO000387,S023,P0346,2024-06-20,2024-08-13,2024-08-27,173,12236.31,14,Delayed
PO000388,S049,P0261,2024-01-02,2024-02-29,2024-02-29,58,7079.39,0,On Time
PO000389,S046,P0251,2025-03-23,2025-03-30,2025-04-09,679,2138.37,10,Delayed
PO000390,S036,P0112,2025-10-17,2025-10-29,2025-10-29,381,9256.78,0,On Time
PO000391,S033,P0399,2024-07-22,2024-08-03,2024-08-03,325,2422.94,0,On Time
PO000392,S013,P0058,2024-09-04,2024-10-22,2024-10-22,366,17190.88,0,On Time
PO000393,S012,P0081,2024-02-03,2024-02-27,2024-02-27,594,7660.26,0,On Time
PO000394,S012,P0366,2024-01-15,2024-02-08,2024-02-08,569,3650.41,0,On Time
PO000395,S034,P0093,2024-05-18,2024-06-21,2024-06-21,523,10042.49,0,On Time
PO000396,S007,P0135,2024-06-04,2024-07-08,2024-07-08,921,8030.67,0,On Time
PO000397,S039,P0033,2024-04-08,2024-05-03,2024-05-03,700,3172.84,0,On Time
PO000398,S035,P0473,2025-11-27,2026-01-09,2026-01-09,162,5165.58,0,On Time
PO000399,S022,P0391,2024-02-09,2024-02-24,2024-02-24,335,5097.17,0,On Time
PO000400,S009,P0130,2025-09-30,2025-10-15,2025-10-15,709,5624.03,0,On Time
PO000401,S025,P0049,2024-02-29,2024-04-28,2024-04-28,698,3136.22,0,On Time
PO000402,S031,P0375,2024-08-23,2024-10-15,2024-10-15,653,1972.33,0,On Time
PO000403,S020,P0446,2025-06-17,2025-07-28,2025-07-28,648,1735.3,0,On Time
PO000404,S050,P0281,2025-08-26,2025-10-10,2025-10-10,690,6587.7,0,On Time
PO000405,S046,P0296,2025-07-22,2025-07-29,2025-07-29,281,2375.68,0,On Time
PO000406,S017,P0006,2025-08-29,2025-10-05,2025-10-05,797,2973.07,0,On Time
PO000407,S003,P0071,2024-11-25,2024-12-12,2024-12-14,595,4559.26,2,Delayed
PO000408,S018,P0204,2024-02-27,2024-03-11,2024-03-11,683,3880.95,0,On Time
PO000409,S040,P0126,2024-09-07,2024-09-29,2024-10-13,649,2359.95,14,Delayed
PO000410,S021,P0150,2025-04-25,2025-06-03,2025-06-03,534,2113.21,0,On Time
PO000411,S047,P0161,2024-12-06,2025-01-23,2025-02-06,834,6780.21,14,Delayed
PO000412,S025,P0197,2025-04-13,2025-06-11,2025-06-11,289,3755.45,0,On Time
PO000413,S048,P0091,2024-08-13,2024-08-29,2024-08-29,655,5029.17,0,On Time
PO000414,S019,P0035,2024-01-12,2024-01-24,2024-01-24,989,1233.66,0,On Time
PO000415,S047,P0080,2025-03-27,2025-05-14,2025-05-14,706,9112.09,0,On Time
PO000416,S040,P0248,2025-04-17,2025-05-09,2025-05-09,283,9177.77,0,On Time
PO000417,S023,P0053,2025-08-27,2025-10-20,2025-10-20,201,21286.76,0,On Time
PO000418,S044,P0455,2024-03-31,2024-05-02,2024-05-06,988,2243.19,4,Delayed
PO000419,S033,P0155,2025-05-28,2025-06-09,2025-06-09,173,4057.76,0,On Time
PO000420,S005,P0137,2025-02-08,2025-03-29,2025-03-29,13,11204.33,0,On Time
PO000421,S049,P0328,2024-06-13,2024-08-10,2024-08-10,442,2840.65,0,On Time
PO000422,S017,P0081,2024-03-27,2024-05-03,2024-05-03,27,7322.51,0,On Time
PO000423,S011,P0093,2025-04-05,2025-04-17,2025-04-17,165,4684.51,0,On Time
PO000424,S023,P0109,2025-05-11,2025-07-04,2025-07-07,850,21018.2,3,Delayed
PO000425,S011,P0403,2025-03-02,2025-03-14,2025-03-14,678,10697.11,0,On Time
PO000426,S018,P0195,2025-12-27,2026-01-09,2026-01-09,477,8515.38,0,On Time
PO000427,S049,P0371,2024-08-18,2024-10-15,2024-10-15,903,9621.51,0,On Time
PO000428,S015,P0048,2024-06-29,2024-08-25,2024-08-25,825,3087.09,0,On Time
PO000429,S003,P0404,2025-02-17,2025-03-06,2025-03-06,37,5345.41,0,On Time
PO000430,S013,P0363,2025-09-12,2025-10-30,2025-10-30,401,2716.67,0,On Time
PO000431,S041,P0039,2024-06-03,2024-06-26,2024-06-26,477,4604.93,0,On Time
PO000432,S014,P0499,2025-04-21,2025-06-14,2025-06-14,776,1431.35,0,On Time
PO000433,S013,P0135,2024-07-17,2024-09-03,2024-09-03,70,5765.39,0,On Time
PO000434,S041,P0096,2024-05-25,2024-06-17,2024-06-17,607,4656.35,0,On Time
PO000435,S040,P0037,2025-03-24,2025-04-15,2025-04-15,161,4245.86,0,On Time
PO000436,S031,P0467,2024-02-13,2024-04-06,2024-04-13,506,2540.7,7,Delayed
PO000437,S039,P0037,2025-08-03,2025-08-28,2025-09-11,513,1325.57,14,Delayed
PO000438,S003,P0196,2024-01-10,2024-01-27,2024-01-27,514,10349.75,0,On Time
PO000439,S017,P0387,2025-02-25,2025-04-03,2025-04-03,556,2660.64,0,On Time
PO000440,S002,P0150,2024-01-28,2024-03-09,2024-03-13,368,4508.8,4,Delayed
PO000441,S020,P0092,2025-08-19,2025-09-29,2025-09-29,417,9014.14,0,On Time
PO000442,S015,P0095,2025-10-13,2025-12-09,2025-12-09,478,3185.62,0,On Time
PO000443,S020,P0139,2024-10-08,2024-11-18,2024-11-18,725,16053.97,0,On Time
PO000444,S045,P0162,2025-08-21,2025-08-28,2025-08-28,618,35845.18,0,On Time
PO000445,S005,P0124,2024-03-20,2024-05-08,2024-05-08,693,1735.56,0,On Time
PO000446,S019,P0365,2024-06-03,2024-06-15,2024-06-15,314,1226.58,0,On Time
PO000447,S043,P0184,2025-06-05,2025-07-16,2025-07-16,542,1745.66,0,On Time
PO000448,S015,P0451,2025-08-29,2025-10-25,2025-10-25,536,23654.63,0,On Time
PO000449,S045,P0164,2025-10-05,2025-10-12,2025-10-12,590,2920.16,0,On Time
PO000450,S026,P0470,2025-12-28,2026-01-21,2026-01-21,232,3866.72,0,On Time
PO000451,S039,P0401,2025-07-24,2025-08-18,2025-08-18,606,1921.61,0,On Time
PO000452,S018,P0059,2025-04-08,2025-04-21,2025-04-21,862,16471.17,0,On Time
PO000453,S005,P0223,2024-05-25,2024-07-13,2024-07-13,921,1050.8,0,On Time
PO000454,S050,P0348,2024-11-03,2024-12-18,2024-12-18,711,6609.02,0,On Time
PO000455,S009,P0253,2024-11-16,2024-12-01,2024-12-01,403,5151.28,0,On Time
PO000456,S029,P0104,2025-05-18,2025-06-15,2025-06-23,562,5792.56,8,Delayed
PO000457,S048,P0141,2025-02-26,2025-03-14,2025-03-14,815,4039.9,0,On Time
PO000458,S028,P0047,2024-09-02,2024-09-24,2024-09-24,222,6256.68,0,On Time
PO000459,S022,P0311,2025-02-06,2025-02-21,2025-03-07,338,1400.15,14,Delayed
PO000460,S047,P0251,2024-06-15,2024-08-02,2024-08-02,751,8127.6,0,On Time
PO000461,S016,P0195,2024-12-20,2025-01-10,2025-01-10,180,4637.96,0,On Time
PO000462,S010,P0253,2025-10-15,2025-11-12,2025-11-12,650,13442.68,0,On Time
PO000463,S038,P0377,2024-05-14,2024-07-10,2024-07-10,138,4775.63,0,On Time
PO000464,S045,P0465,2025-08-25,2025-09-01,2025-09-01,622,14283.61,0,On Time
PO000465,S007,P0044,2025-12-24,2026-01-27,2026-01-27,852,8591.11,0,On Time
PO000466,S015,P0190,2025-08-30,2025-10-26,2025-10-26,534,2946.99,0,On Time
PO000467,S004,P0463,2025-04-26,2025-06-04,2025-06-04,938,5534.15,0,On Time
PO000468,S016,P0037,2025-07-20,2025-08-10,2025-08-15,130,938.84,5,Delayed
PO000469,S009,P0330,2024-10-25,2024-11-09,2024-11-09,946,1763.61,0,On Time
PO000470,S011,P0218,2024-06-28,2024-07-10,2024-07-10,621,23613.66,0,On Time
PO000471,S050,P0332,2024-05-17,2024-07-01,2024-07-01,611,20810.23,0,On Time
PO000472,S024,P0206,2024-12-29,2025-01-27,2025-01-27,790,1389.93,0,On Time
PO000473,S024,P0216,2025-09-01,2025-09-30,2025-09-30,362,5208.48,0,On Time
PO000474,S010,P0379,2024-07-03,2024-07-31,2024-07-31,289,6026.51,0,On Time
PO000475,S045,P0366,2025-09-29,2025-10-06,2025-10-06,995,8429.19,0,On Time
PO000476,S002,P0392,2025-06-22,2025-08-02,2025-08-02,213,11319.8,0,On Time
PO000477,S036,P0030,2024-08-01,2024-08-13,2024-08-27,372,1845.2,14,Delayed
PO000478,S025,P0061,2025-10-01,2025-11-29,2025-12-14,727,3018.33,15,Delayed
PO000479,S030,P0173,2025-12-23,2026-02-08,2026-02-08,373,2700.12,0,On Time
PO000480,S004,P0428,2025-09-03,2025-10-12,2025-10-12,888,1422.61,0,On Time
PO000481,S025,P0323,2024-11-15,2025-01-13,2025-01-13,439,3438.59,0,On Time
PO000482,S049,P0428,2024-09-25,2024-11-22,2024-11-22,388,1069.15,0,On Time
PO000483,S025,P0428,2025-01-11,2025-03-11,2025-03-11,527,1502.17,0,On Time
PO000484,S025,P0028,2025-05-13,2025-07-11,2025-07-11,785,6119.43,0,On Time
PO000485,S029,P0007,2024-07-03,2024-07-31,2024-07-31,682,4868.04,0,On Time
PO000486,S043,P0251,2025-07-24,2025-09-03,2025-09-03,785,1905.67,0,On Time
PO000487,S003,P0344,2025-06-29,2025-07-16,2025-07-16,837,10264.2,0,On Time
PO000488,S016,P0496,2025-04-01,2025-04-22,2025-04-22,129,3251.65,0,On Time
PO000489,S031,P0054,2025-10-05,2025-11-27,2025-11-27,542,4603.01,0,On Time
PO000490,S006,P0059,2024-12-27,2025-02-05,2025-02-05,416,2342.97,0,On Time
PO000491,S022,P0271,2024-06-04,2024-06-19,2024-06-19,114,10855.91,0,On Time
PO000492,S049,P0285,2024-11-25,2025-01-22,2025-01-22,90,30057.4,0,On Time
PO000493,S047,P0003,2024-02-11,2024-03-30,2024-03-30,433,20305.47,0,On Time
PO000494,S028,P0074,2024-06-05,2024-06-27,2024-06-27,830,13171.83,0,On Time
PO000495,S027,P0012,2024-08-20,2024-10-18,2024-10-18,608,27246.21,0,On Time
PO000496,S011,P0188,2024-02-01,2024-02-13,2024-02-13,166,2500.62,0,On Time
PO000497,S037,P0019,2025-02-07,2025-04-01,2025-04-01,225,2784.43,0,On Time
PO000498,S036,P0318,2025-08-28,2025-09-09,2025-09-09,537,3126.32,0,On Time
PO000499,S009,P0080,2025-04-16,2025-05-01,2025-05-01,768,2146.88,0,On Time
PO000500,S016,P0151,2024-11-15,2024-12-06,2024-12-06,863,2464.84,0,On Time
PO000501,S020,P0342,2025-05-02,2025-06-12,2025-06-12,23,4759.27,0,On Time
PO000502,S003,P0305,2024-02-13,2024-03-01,2024-03-01,70,38028.73,0,On Time
PO000503,S008,P0243,2025-03-30,2025-04-17,2025-04-25,774,7064.81,8,Delayed
PO000504,S046,P0082,2025-03-15,2025-03-22,2025-03-22,69,8421.76,0,On Time
PO000505,S002,P0101,2025-08-20,2025-09-30,2025-09-30,661,1276.15,0,On Time
PO000506,S030,P0011,2025-04-28,2025-06-14,2025-06-17,213,686.54,3,Delayed
PO000507,S003,P0471,2025-04-12,2025-04-29,2025-04-29,486,1969.95,0,On Time
PO000508,S049,P0058,2024-11-04,2025-01-01,2025-01-01,987,4032.55,0,On Time
PO000509,S016,P0207,2025-05-21,2025-06-11,2025-06-11,573,2787.5,0,On Time
PO000510,S049,P0081,2025-09-16,2025-11-13,2025-11-13,576,3944.13,0,On Time
PO000511,S036,P0411,2025-02-16,2025-02-28,2025-02-28,740,8987.14,0,On Time
PO000512,S024,P0119,2024-04-26,2024-05-25,2024-05-25,895,35735.6,0,On Time
PO000513,S027,P0293,2024-12-14,2025-02-11,2025-02-11,991,2866.97,0,On Time
PO000514,S041,P0330,2024-09-30,2024-10-23,2024-10-29,842,1797.35,6,Delayed
PO000515,S001,P0140,2025-11-23,2026-01-16,2026-01-16,523,10600.75,0,On Time
PO000516,S006,P0143,2024-03-23,2024-05-02,2024-05-04,875,4811.64,2,Delayed
PO000517,S029,P0047,2024-08-01,2024-08-29,2024-09-04,941,6012.06,6,Delayed
PO000518,S022,P0414,2025-03-06,2025-03-21,2025-03-21,813,10297.7,0,On Time
PO000519,S008,P0217,2024-09-05,2024-09-23,2024-09-23,569,2942.08,0,On Time
PO000520,S007,P0424,2024-08-25,2024-09-28,2024-09-28,645,9820.16,0,On Time
PO000521,S034,P0265,2024-12-21,2025-01-24,2025-01-24,934,48862.22,0,On Time
PO000522,S008,P0375,2025-01-28,2025-02-15,2025-02-15,462,18450.49,0,On Time
PO000523,S027,P0490,2024-12-13,2025-02-10,2025-02-10,463,8605.06,0,On Time
PO000524,S028,P0111,2024-02-25,2024-03-18,2024-03-18,613,3517.23,0,On Time
PO000525,S031,P0457,2025-09-23,2025-11-15,2025-11-15,508,6754.45,0,On Time
PO000526,S028,P0281,2024-07-21,2024-08-12,2024-08-12,624,10733.49,0,On Time
PO000527,S038,P0203,2025-10-11,2025-12-07,2025-12-09,131,1268.2,2,Delayed
PO000528,S007,P0355,2025-08-08,2025-09-11,2025-09-12,360,7179.79,1,Delayed
PO000529,S037,P0426,2024-11-03,2024-12-26,2024-12-26,271,16828.14,0,On Time
PO000530,S008,P0403,2024-12-19,2025-01-06,2025-01-06,845,2290.94,0,On Time
PO000531,S002,P0170,2024-09-27,2024-11-07,2024-11-17,219,1098.36,10,Delayed
PO000532,S010,P0298,2024-02-27,2024-03-26,2024-04-02,299,4069.16,7,Delayed
PO000533,S049,P0361,2025-11-07,2026-01-04,2026-01-11,942,8379.62,7,Delayed
PO000534,S007,P0368,2024-11-08,2024-12-12,2024-12-12,881,4314.45,0,On Time
PO000535,S023,P0249,2025-03-25,2025-05-18,2025-05-26,481,4025.06,8,Delayed
PO000536,S008,P0041,2024-07-24,2024-08-11,2024-08-11,293,2285.84,0,On Time
PO000537,S030,P0025,2024-06-05,2024-07-22,2024-07-22,358,5885.24,0,On Time
PO000538,S032,P0033,2025-04-04,2025-05-27,2025-05-27,877,5174.53,0,On Time
PO000539,S045,P0343,2025-06-07,2025-06-14,2025-06-14,658,2246.77,0,On Time
PO000540,S010,P0023,2024-12-18,2025-01-15,2025-01-15,532,14950.39,0,On Time
PO000541,S017,P0230,2025-04-12,2025-05-19,2025-05-19,276,3753.99,0,On Time
PO000542,S006,P0444,2025-04-06,2025-05-16,2025-05-16,427,12363.99,0,On Time
PO000543,S041,P0397,2025-11-19,2025-12-12,2025-12-12,980,5458.25,0,On Time
PO000544,S047,P0198,2025-08-24,2025-10-11,2025-10-11,695,3005.07,0,On Time
PO000545,S049,P0274,2024-09-03,2024-10-31,2024-10-31,807,7295.96,0,On Time
PO000546,S004,P0483,2025-09-25,2025-11-03,2025-11-03,449,7754.13,0,On Time
PO000547,S037,P0151,2024-06-10,2024-08-02,2024-08-03,224,4734.23,1,Delayed
PO000548,S005,P0232,2024-05-17,2024-07-05,2024-07-05,944,18256.28,0,On Time
PO000549,S033,P0081,2024-10-11,2024-10-23,2024-10-23,886,17282.92,0,On Time
PO000550,S009,P0493,2025-05-18,2025-06-02,2025-06-02,168,2452.98,0,On Time
PO000551,S017,P0270,2025-07-24,2025-08-30,2025-08-30,624,5471.08,0,On Time
PO000552,S019,P0240,2025-12-13,2025-12-25,2025-12-25,477,5698.71,0,On Time
PO000553,S033,P0040,2025-09-10,2025-09-22,2025-09-22,554,1711.21,0,On Time
PO000554,S003,P0098,2024-04-19,2024-05-06,2024-05-06,654,6756.68,0,On Time
PO000555,S025,P0433,2025-02-12,2025-04-12,2025-04-12,592,1199.58,0,On Time
PO000556,S021,P0416,2025-12-04,2026-01-12,2026-01-12,417,30335.23,0,On Time
PO000557,S008,P0134,2024-02-05,2024-02-23,2024-02-23,56,15447.22,0,On Time
PO000558,S041,P0017,2024-05-02,2024-05-25,2024-05-25,703,2064.17,0,On Time
PO000559,S029,P0046,2025-04-30,2025-05-28,2025-06-04,74,1402.42,7,Delayed
PO000560,S020,P0181,2024-02-29,2024-04-10,2024-04-10,655,13659.51,0,On Time
PO000561,S011,P0361,2025-01-13,2025-01-25,2025-01-25,78,4893.35,0,On Time
PO000562,S023,P0406,2025-11-02,2025-12-26,2025-12-26,876,1704.17,0,On Time
PO000563,S006,P0053,2025-05-20,2025-06-29,2025-06-29,498,23852.39,0,On Time
PO000564,S037,P0407,2025-08-13,2025-10-05,2025-10-05,334,4379.01,0,On Time
PO000565,S029,P0058,2024-02-20,2024-03-19,2024-03-25,294,2149.08,6,Delayed
PO000566,S048,P0213,2025-04-01,2025-04-17,2025-04-17,641,1925.59,0,On Time
PO000567,S020,P0429,2025-04-10,2025-05-21,2025-05-21,341,2725.32,0,On Time
PO000568,S005,P0306,2025-01-11,2025-03-01,2025-03-01,610,11148.92,0,On Time
PO000569,S042,P0137,2025-01-25,2025-03-21,2025-03-21,335,3246.43,0,On Time
PO000570,S002,P0266,2025-07-15,2025-08-25,2025-09-04,725,10720.68,10,Delayed
PO000571,S034,P0020,2024-02-20,2024-03-25,2024-03-25,219,1187.58,0,On Time
PO000572,S044,P0486,2025-01-06,2025-02-07,2025-02-07,383,1587.95,0,On Time
PO000573,S035,P0196,2024-08-10,2024-09-22,2024-09-22,402,16806.13,0,On Time
PO000574,S019,P0043,2024-07-03,2024-07-15,2024-07-15,529,10587.24,0,On Time
PO000575,S050,P0398,2024-11-06,2024-12-21,2024-12-21,768,14293.62,0,On Time
PO000576,S004,P0221,2025-03-10,2025-04-18,2025-05-03,507,4927.44,15,Delayed
PO000577,S013,P0255,2024-10-14,2024-12-01,2024-12-01,138,24873.54,0,On Time
PO000578,S017,P0093,2025-11-04,2025-12-11,2025-12-11,639,3835.4,0,On Time
PO000579,S042,P0287,2025-08-01,2025-09-25,2025-09-25,669,4118.48,0,On Time
PO000580,S028,P0435,2024-05-24,2024-06-15,2024-06-15,31,1691.68,0,On Time
PO000581,S007,P0049,2024-12-10,2025-01-13,2025-01-28,788,5265.58,15,Delayed
PO000582,S015,P0234,2025-04-13,2025-06-09,2025-06-09,175,16549.94,0,On Time
PO000583,S025,P0364,2025-01-27,2025-03-27,2025-03-27,351,865.36,0,On Time
PO000584,S011,P0121,2024-10-15,2024-10-27,2024-10-27,58,8472.77,0,On Time
PO000585,S008,P0111,2025-01-04,2025-01-22,2025-01-22,256,3832.19,0,On Time
PO000586,S041,P0489,2025-06-19,2025-07-12,2025-07-12,125,10838.96,0,On Time
PO000587,S028,P0173,2025-11-21,2025-12-13,2025-12-14,612,3519.47,1,Delayed
PO000588,S003,P0397,2025-10-10,2025-10-27,2025-10-27,797,848.59,0,On Time
PO000589,S019,P0330,2025-12-05,2025-12-17,2025-12-17,295,12785.83,0,On Time
PO000590,S047,P0017,2024-08-22,2024-10-09,2024-10-09,87,6862.36,0,On Time
PO000591,S012,P0452,2025-01-24,2025-02-17,2025-02-17,947,10480.41,0,On Time
PO000592,S003,P0178,2024-02-19,2024-03-07,2024-03-07,900,10432.09,0,On Time
PO000593,S027,P0151,2025-03-07,2025-05-05,2025-05-05,973,3977.23,0,On Time
PO000594,S041,P0050,2024-08-21,2024-09-13,2024-09-13,321,13867.51,0,On Time
PO000595,S034,P0433,2025-08-31,2025-10-04,2025-10-04,761,1661.37,0,On Time
PO000596,S038,P0404,2025-09-07,2025-11-03,2025-11-03,393,4455.9,0,On Time
PO000597,S021,P0472,2024-01-11,2024-02-19,2024-02-19,602,5277.38,0,On Time
PO000598,S014,P0325,2024-08-23,2024-10-16,2024-10-16,181,5668.86,0,On Time
PO000599,S044,P0248,2024-07-13,2024-08-14,2024-08-14,444,5633.04,0,On Time
PO000600,S026,P0164,2025-01-25,2025-02-18,2025-02-18,366,2456.24,0,On Time
PO000601,S050,P0179,2025-03-09,2025-04-23,2025-04-29,491,1167.35,6,Delayed
PO000602,S028,P0332,2024-06-07,2024-06-29,2024-06-29,672,1352.26,0,On Time
PO000603,S036,P0153,2025-05-10,2025-05-22,2025-05-29,762,5278.49,7,Delayed
PO000604,S043,P0183,2024-12-05,2025-01-15,2025-01-15,188,8949.78,0,On Time
PO000605,S016,P0295,2025-03-20,2025-04-10,2025-04-10,106,764.26,0,On Time
PO000606,S009,P0234,2025-04-05,2025-04-20,2025-05-02,844,1243.7,12,Delayed
PO000607,S031,P0207,2024-06-22,2024-08-14,2024-08-14,292,2220.29,0,On Time
PO000608,S025,P0304,2025-11-15,2026-01-13,2026-01-13,446,3893.26,0,On Time
PO000609,S018,P0057,2024-06-13,2024-06-26,2024-06-26,560,1880.33,0,On Time
PO000610,S028,P0479,2025-09-26,2025-10-18,2025-10-18,550,916.97,0,On Time
PO000611,S049,P0348,2025-12-22,2026-02-18,2026-02-18,88,7092.57,0,On Time
PO000612,S046,P0261,2025-05-26,2025-06-02,2025-06-02,843,55750.44,0,On Time
PO000613,S045,P0205,2025-11-21,2025-11-28,2025-11-28,800,10193.52,0,On Time
PO000614,S034,P0137,2024-04-29,2024-06-02,2024-06-02,855,17054.64,0,On Time
PO000615,S049,P0434,2024-09-02,2024-10-30,2024-10-30,11,5503.93,0,On Time
PO000616,S007,P0078,2025-09-30,2025-11-03,2025-11-03,55,17764.78,0,On Time
PO000617,S003,P0261,2024-06-24,2024-07-11,2024-07-11,718,13280.87,0,On Time
PO000618,S009,P0440,2025-08-04,2025-08-19,2025-08-19,585,5512.3,0,On Time
PO000619,S047,P0499,2024-02-02,2024-03-21,2024-03-21,904,16140.78,0,On Time
PO000620,S050,P0227,2025-12-06,2026-01-20,2026-01-27,725,7088.76,7,Delayed
PO000621,S022,P0122,2025-09-18,2025-10-03,2025-10-03,804,10588.25,0,On Time
PO000622,S003,P0352,2025-05-12,2025-05-29,2025-05-29,988,49941.69,0,On Time
PO000623,S046,P0258,2024-09-27,2024-10-04,2024-10-04,653,2640.27,0,On Time
PO000624,S022,P0051,2024-08-25,2024-09-09,2024-09-09,219,22058.45,0,On Time
PO000625,S002,P0164,2025-05-09,2025-06-19,2025-06-19,374,4631.15,0,On Time
PO000626,S005,P0487,2025-12-27,2026-02-14,2026-02-14,906,3382.71,0,On Time
PO000627,S013,P0153,2024-01-29,2024-03-17,2024-03-17,503,20535.65,0,On Time
PO000628,S026,P0260,2024-07-23,2024-08-16,2024-08-16,604,5623.77,0,On Time
PO000629,S002,P0217,2025-09-06,2025-10-17,2025-10-31,551,8259.79,14,Delayed
PO000630,S048,P0449,2025-09-27,2025-10-13,2025-10-13,45,9309.97,0,On Time
PO000631,S044,P0245,2025-02-01,2025-03-05,2025-03-05,877,6528.55,0,On Time
PO000632,S018,P0454,2025-03-23,2025-04-05,2025-04-05,935,4742.41,0,On Time
PO000633,S050,P0392,2024-04-17,2024-06-01,2024-06-13,618,3785.79,12,Delayed
PO000634,S048,P0087,2025-03-05,2025-03-21,2025-03-21,134,2189.43,0,On Time
PO000635,S034,P0305,2025-04-26,2025-05-30,2025-05-30,925,6057.83,0,On Time
PO000636,S009,P0255,2025-03-07,2025-03-22,2025-03-22,883,6984.45,0,On Time
PO000637,S029,P0187,2024-04-01,2024-04-29,2024-05-08,210,9602.76,9,Delayed
PO000638,S039,P0347,2025-11-15,2025-12-10,2025-12-15,595,2595.58,5,Delayed
PO000639,S040,P0114,2025-12-06,2025-12-28,2025-12-28,491,5966.06,0,On Time
PO000640,S037,P0455,2025-05-25,2025-07-17,2025-07-20,516,2411.83,3,Delayed
PO000641,S044,P0069,2024-11-08,2024-12-10,2024-12-10,881,6718.06,0,On Time
PO000642,S033,P0015,2024-11-06,2024-11-18,2024-11-18,346,1535.34,0,On Time
PO000643,S020,P0176,2024-07-21,2024-08-31,2024-08-31,661,5451.09,0,On Time
PO000644,S019,P0481,2025-04-24,2025-05-06,2025-05-06,142,813.61,0,On Time
PO000645,S040,P0146,2025-03-19,2025-04-10,2025-04-10,922,14134.76,0,On Time
PO000646,S015,P0356,2025-12-27,2026-02-22,2026-02-25,854,15622.81,3,Delayed
PO000647,S003,P0038,2024-07-28,2024-08-14,2024-08-14,714,20114.89,0,On Time
PO000648,S029,P0059,2025-02-20,2025-03-20,2025-03-28,538,2633.14,8,Delayed
PO000649,S015,P0074,2024-07-19,2024-09-14,2024-09-14,473,9656.66,0,On Time
PO000650,S010,P0341,2025-01-27,2025-02-24,2025-02-24,906,1727.91,0,On Time
PO000651,S042,P0179,2025-03-12,2025-05-06,2025-05-06,554,4560.77,0,On Time
PO000652,S047,P0344,2025-09-29,2025-11-16,2025-11-20,528,10513.71,4,Delayed
PO000653,S001,P0163,2025-06-21,2025-08-14,2025-08-20,376,10956.75,6,Delayed
PO000654,S030,P0351,2024-04-27,2024-06-13,2024-06-13,59,1296.19,0,On Time
PO000655,S038,P0258,2024-02-11,2024-04-08,2024-04-08,277,1990.68,0,On Time
PO000656,S005,P0371,2025-02-12,2025-04-02,2025-04-15,804,8003.96,13,Delayed
PO000657,S048,P0335,2024-07-01,2024-07-17,2024-07-17,922,15799.31,0,On Time
PO000658,S041,P0029,2024-09-23,2024-10-16,2024-10-16,821,10672.34,0,On Time
PO000659,S046,P0044,2024-10-18,2024-10-25,2024-10-25,949,3306.22,0,On Time
PO000660,S040,P0271,2025-06-03,2025-06-25,2025-07-04,307,14427.2,9,Delayed
PO000661,S047,P0211,2024-08-10,2024-09-27,2024-09-27,726,834.24,0,On Time
PO000662,S045,P0215,2025-11-01,2025-11-08,2025-11-08,10,22502.38,0,On Time
PO000663,S047,P0224,2024-11-22,2025-01-09,2025-01-09,487,3577.48,0,On Time
PO000664,S040,P0146,2025-03-04,2025-03-26,2025-04-09,385,15835.87,14,Delayed
PO000665,S039,P0363,2025-09-22,2025-10-17,2025-10-17,478,7627.81,0,On Time
PO000666,S013,P0119,2024-06-01,2024-07-19,2024-07-26,356,13371.63,7,Delayed
PO000667,S045,P0424,2025-09-02,2025-09-09,2025-09-09,774,7656.24,0,On Time
PO000668,S029,P0123,2025-07-16,2025-08-13,2025-08-13,384,16784.91,0,On Time
PO000669,S036,P0258,2025-12-18,2025-12-30,2025-12-30,490,12380.22,0,On Time
PO000670,S037,P0258,2025-12-20,2026-02-11,2026-02-11,465,545.24,0,On Time
PO000671,S005,P0292,2024-05-29,2024-07-17,2024-07-19,226,5761.9,2,Delayed
PO000672,S023,P0448,2024-12-12,2025-02-04,2025-02-04,755,3722.73,0,On Time
PO000673,S043,P0219,2024-07-23,2024-09-02,2024-09-02,952,5405.59,0,On Time
PO000674,S019,P0296,2025-02-03,2025-02-15,2025-02-19,139,2557.85,4,Delayed
PO000675,S018,P0303,2024-11-26,2024-12-09,2024-12-09,959,3885.79,0,On Time
PO000676,S043,P0010,2024-08-26,2024-10-06,2024-10-18,185,2851.67,12,Delayed
PO000677,S033,P0387,2025-10-14,2025-10-26,2025-11-07,137,3451.51,12,Delayed
PO000678,S006,P0328,2024-06-01,2024-07-11,2024-07-11,36,8503.05,0,On Time
PO000679,S005,P0381,2025-12-11,2026-01-29,2026-01-29,517,800.61,0,On Time
PO000680,S016,P0303,2024-09-16,2024-10-07,2024-10-07,112,1898.96,0,On Time
PO000681,S047,P0298,2025-12-02,2026-01-19,2026-01-19,122,10007.26,0,On Time
PO000682,S028,P0173,2025-07-07,2025-07-29,2025-08-02,790,12347.7,4,Delayed
PO000683,S010,P0097,2024-04-01,2024-04-29,2024-04-29,61,9228.38,0,On Time
PO000684,S040,P0375,2025-09-28,2025-10-20,2025-10-22,439,3786.14,2,Delayed
PO000685,S020,P0190,2025-04-26,2025-06-06,2025-06-06,797,3604.32,0,On Time
PO000686,S021,P0243,2025-03-13,2025-04-21,2025-04-21,914,2884.69,0,On Time
PO000687,S019,P0253,2025-01-30,2025-02-11,2025-02-11,227,4371.93,0,On Time
PO000688,S041,P0177,2025-02-07,2025-03-02,2025-03-02,141,2353.85,0,On Time
PO000689,S036,P0199,2024-10-05,2024-10-17,2024-10-21,427,1398.8,4,Delayed
PO000690,S033,P0288,2025-11-11,2025-11-23,2025-11-23,883,891.59,0,On Time
PO000691,S031,P0320,2025-09-13,2025-11-05,2025-11-16,177,8138.74,11,Delayed
PO000692,S004,P0228,2025-08-19,2025-09-27,2025-09-27,835,9675.73,0,On Time
PO000693,S028,P0360,2025-04-19,2025-05-11,2025-05-11,77,18108.6,0,On Time
PO000694,S025,P0386,2024-10-26,2024-12-24,2024-12-24,855,2253.17,0,On Time
PO000695,S018,P0315,2024-06-03,2024-06-16,2024-06-16,986,983.67,0,On Time
PO000696,S020,P0250,2024-08-23,2024-10-03,2024-10-03,186,1844.36,0,On Time
PO000697,S034,P0043,2024-07-02,2024-08-05,2024-08-05,81,10827.88,0,On Time
PO000698,S041,P0486,2024-04-22,2024-05-15,2024-05-27,665,2703.58,12,Delayed
PO000699,S016,P0281,2025-02-17,2025-03-10,2025-03-10,826,3740.29,0,On Time
PO000700,S003,P0218,2025-03-26,2025-04-12,2025-04-12,253,3764.74,0,On Time
PO000701,S048,P0447,2025-12-13,2025-12-29,2025-12-29,823,9809.2,0,On Time
PO000702,S004,P0202,2024-06-18,2024-07-27,2024-08-05,253,861.61,9,Delayed
PO000703,S007,P0244,2025-02-10,2025-03-16,2025-03-16,783,4938.49,0,On Time
PO000704,S028,P0116,2025-05-03,2025-05-25,2025-05-25,131,9559.57,0,On Time
PO000705,S038,P0442,2025-11-22,2026-01-18,2026-01-18,57,20761.23,0,On Time
PO000706,S014,P0387,2025-11-24,2026-01-17,2026-01-27,285,949.47,10,Delayed
PO000707,S010,P0291,2025-01-20,2025-02-17,2025-02-17,127,1251.43,0,On Time
PO000708,S022,P0393,2024-11-09,2024-11-24,2024-11-24,352,1101.09,0,On Time
PO000709,S046,P0123,2025-05-21,2025-05-28,2025-05-28,681,4334.74,0,On Time
PO000710,S010,P0390,2025-10-24,2025-11-21,2025-11-21,767,10595.36,0,On Time
PO000711,S045,P0360,2025-06-24,2025-07-01,2025-07-01,489,7142.75,0,On Time
PO000712,S004,P0181,2025-01-08,2025-02-16,2025-02-16,29,14023.8,0,On Time
PO000713,S004,P0298,2024-04-14,2024-05-23,2024-05-23,811,5565.8,0,On Time
PO000714,S020,P0429,2024-08-15,2024-09-25,2024-09-25,278,3845.09,0,On Time
PO000715,S020,P0479,2025-09-25,2025-11-05,2025-11-19,686,9098.78,14,Delayed
PO000716,S024,P0062,2024-12-30,2025-01-28,2025-02-12,599,12666.35,15,Delayed
PO000717,S004,P0069,2024-06-03,2024-07-12,2024-07-12,38,2350.36,0,On Time
PO000718,S012,P0052,2024-08-28,2024-09-21,2024-09-21,49,4999.2,0,On Time
PO000719,S003,P0355,2024-02-17,2024-03-05,2024-03-05,672,323.08,0,On Time
PO000720,S024,P0388,2024-08-24,2024-09-22,2024-09-22,234,1342.44,0,On Time
PO000721,S038,P0141,2024-09-07,2024-11-03,2024-11-17,183,4496.35,14,Delayed
PO000722,S006,P0142,2025-12-02,2026-01-11,2026-01-11,119,953.48,0,On Time
PO000723,S026,P0311,2024-02-08,2024-03-03,2024-03-03,586,4304.2,0,On Time
PO000724,S012,P0119,2025-12-12,2026-01-05,2026-01-05,318,874.37,0,On Time
PO000725,S008,P0440,2024-04-04,2024-04-22,2024-04-22,353,1939.7,0,On Time
PO000726,S045,P0497,2024-09-18,2024-09-25,2024-09-25,218,7688.95,0,On Time
PO000727,S023,P0324,2024-10-03,2024-11-26,2024-12-08,568,10917.8,12,Delayed
PO000728,S017,P0470,2024-10-06,2024-11-12,2024-11-12,307,3000.75,0,On Time
PO000729,S019,P0039,2025-01-04,2025-01-16,2025-01-16,990,4970.43,0,On Time
PO000730,S014,P0389,2025-01-27,2025-03-22,2025-03-22,864,4476.84,0,On Time
PO000731,S005,P0031,2025-01-09,2025-02-27,2025-02-27,287,1441.53,0,On Time
PO000732,S040,P0313,2024-11-09,2024-12-01,2024-12-13,468,3993.24,12,Delayed
PO000733,S043,P0270,2024-06-28,2024-08-08,2024-08-08,974,3093.22,0,On Time
PO000734,S027,P0202,2025-02-01,2025-04-01,2025-04-01,267,10080.11,0,On Time
PO000735,S042,P0394,2024-04-12,2024-06-06,2024-06-11,406,15149.25,5,Delayed
PO000736,S036,P0288,2024-05-17,2024-05-29,2024-05-31,973,4626.88,2,Delayed
PO000737,S013,P0118,2025-01-19,2025-03-08,2025-03-08,541,4955.08,0,On Time
PO000738,S002,P0038,2025-03-03,2025-04-13,2025-04-24,656,2390.2,11,Delayed
PO000739,S012,P0448,2025-08-25,2025-09-18,2025-09-18,210,3589.4,0,On Time
PO000740,S046,P0113,2024-03-28,2024-04-04,2024-04-04,812,11908.8,0,On Time
PO000741,S046,P0175,2025-04-15,2025-04-22,2025-04-22,686,3813.33,0,On Time
PO000742,S020,P0094,2025-05-17,2025-06-27,2025-06-27,91,11042.2,0,On Time
PO000743,S044,P0406,2025-05-04,2025-06-05,2025-06-05,725,2107.63,0,On Time
PO000744,S015,P0308,2024-11-07,2025-01-03,2025-01-03,349,6866.59,0,On Time
PO000745,S006,P0350,2024-02-17,2024-03-28,2024-03-28,933,6800.77,0,On Time
PO000746,S047,P0371,2025-09-23,2025-11-10,2025-11-10,568,5932.18,0,On Time
PO000747,S041,P0462,2025-06-05,2025-06-28,2025-06-28,473,13785.74,0,On Time
PO000748,S012,P0163,2024-04-18,2024-05-12,2024-05-12,199,15177.32,0,On Time
PO000749,S014,P0118,2024-07-25,2024-09-17,2024-09-17,133,5268.78,0,On Time
PO000750,S012,P0058,2025-06-04,2025-06-28,2025-06-28,199,12468.79,0,On Time
PO000751,S013,P0002,2025-02-05,2025-03-25,2025-03-25,640,3989.58,0,On Time
PO000752,S012,P0449,2025-08-18,2025-09-11,2025-09-11,177,2412.8,0,On Time
PO000753,S038,P0042,2025-01-10,2025-03-08,2025-03-08,477,2040.06,0,On Time
PO000754,S009,P0412,2025-12-20,2026-01-04,2026-01-04,167,3692.92,0,On Time
PO000755,S018,P0262,2024-10-24,2024-11-06,2024-11-07,642,20047.62,1,Delayed
PO000756,S040,P0128,2024-01-26,2024-02-17,2024-02-17,839,5531.39,0,On Time
PO000757,S005,P0357,2024-04-08,2024-05-27,2024-05-27,539,4111.37,0,On Time
PO000758,S028,P0229,2025-03-21,2025-04-12,2025-04-12,513,431.12,0,On Time
PO000759,S006,P0150,2025-08-14,2025-09-23,2025-09-23,370,2862.01,0,On Time
PO000760,S050,P0422,2025-09-03,2025-10-18,2025-10-18,639,5326.73,0,On Time
PO000761,S036,P0133,2025-08-11,2025-08-23,2025-08-27,999,6758.06,4,Delayed
PO000762,S024,P0348,2025-07-07,2025-08-05,2025-08-05,92,4413.2,0,On Time
PO000763,S044,P0387,2025-06-26,2025-07-28,2025-07-28,470,7059.14,0,On Time
PO000764,S050,P0315,2025-03-26,2025-05-10,2025-05-25,56,7031.9,15,Delayed
PO000765,S049,P0446,2025-03-03,2025-04-30,2025-04-30,63,7706.09,0,On Time
PO000766,S008,P0371,2025-01-03,2025-01-21,2025-01-21,929,5720.78,0,On Time
PO000767,S003,P0091,2025-02-15,2025-03-04,2025-03-08,581,4678.87,4,Delayed
PO000768,S024,P0416,2024-02-26,2024-03-26,2024-03-26,557,23200.73,0,On Time
PO000769,S001,P0375,2025-09-08,2025-11-01,2025-11-01,350,7490.58,0,On Time
PO000770,S004,P0021,2025-02-19,2025-03-30,2025-03-30,552,4918.67,0,On Time
PO000771,S041,P0110,2024-11-08,2024-12-01,2024-12-01,836,7700.46,0,On Time
PO000772,S010,P0472,2024-10-30,2024-11-27,2024-11-27,18,17509.47,0,On Time
PO000773,S014,P0124,2025-03-31,2025-05-24,2025-05-24,490,10639.18,0,On Time
PO000774,S021,P0126,2025-05-11,2025-06-19,2025-06-19,214,9858.48,0,On Time
PO000775,S037,P0246,2024-04-04,2024-05-27,2024-05-27,858,3982.36,0,On Time
PO000776,S020,P0454,2025-08-31,2025-10-11,2025-10-11,829,4192.87,0,On Time
PO000777,S042,P0435,2024-12-30,2025-02-23,2025-02-23,338,5086.81,0,On Time
PO000778,S013,P0493,2025-05-08,2025-06-25,2025-06-25,74,9226.87,0,On Time
PO000779,S020,P0029,2024-01-26,2024-03-07,2024-03-19,647,6001.66,12,Delayed
PO000780,S020,P0087,2025-09-28,2025-11-08,2025-11-08,925,5818.3,0,On Time
PO000781,S032,P0439,2025-08-09,2025-10-01,2025-10-01,556,10044.26,0,On Time
PO000782,S019,P0096,2024-10-06,2024-10-18,2024-10-18,224,2965.83,0,On Time
PO000783,S014,P0324,2024-02-19,2024-04-13,2024-04-13,97,13998.64,0,On Time
PO000784,S009,P0402,2024-07-08,2024-07-23,2024-07-23,951,11334.8,0,On Time
PO000785,S043,P0444,2024-12-29,2025-02-08,2025-02-08,218,3306.62,0,On Time
PO000786,S023,P0052,2024-12-03,2025-01-26,2025-01-26,791,4061.98,0,On Time
PO000787,S034,P0235,2024-01-27,2024-03-01,2024-03-01,608,5881.54,0,On Time
PO000788,S001,P0353,2025-03-08,2025-05-01,2025-05-01,308,10747.31,0,On Time
PO000789,S037,P0159,2024-10-23,2024-12-15,2024-12-15,791,1748.33,0,On Time
PO000790,S020,P0316,2025-08-15,2025-09-25,2025-09-25,240,4733.89,0,On Time
PO000791,S020,P0492,2025-04-27,2025-06-07,2025-06-07,884,7663.97,0,On Time
PO000792,S032,P0094,2024-03-17,2024-05-09,2024-05-09,146,3411.02,0,On Time
PO000793,S019,P0105,2025-07-22,2025-08-03,2025-08-03,213,416.56,0,On Time
PO000794,S027,P0465,2025-04-27,2025-06-25,2025-06-25,954,1608.19,0,On Time
PO000795,S019,P0221,2024-03-19,2024-03-31,2024-03-31,400,8622.97,0,On Time
PO000796,S001,P0079,2024-01-27,2024-03-21,2024-03-21,299,3495.06,0,On Time
PO000797,S040,P0194,2024-11-13,2024-12-05,2024-12-05,73,10944.27,0,On Time
PO000798,S042,P0337,2025-07-04,2025-08-28,2025-09-08,867,7820.35,11,Delayed
PO000799,S013,P0340,2024-08-15,2024-10-02,2024-10-02,91,5962.25,0,On Time
PO000800,S048,P0469,2024-01-03,2024-01-19,2024-01-19,899,8682.17,0,On Time
PO000801,S032,P0130,2024-04-26,2024-06-18,2024-06-18,421,2782.56,0,On Time
PO000802,S001,P0187,2024-05-24,2024-07-17,2024-07-29,468,3100.59,12,Delayed
PO000803,S009,P0052,2025-11-14,2025-11-29,2025-12-09,587,3981.41,10,Delayed
PO000804,S022,P0164,2024-07-21,2024-08-05,2024-08-05,109,3332.36,0,On Time
PO000805,S040,P0177,2025-06-30,2025-07-22,2025-07-27,558,10403.22,5,Delayed
PO000806,S035,P0179,2024-11-10,2024-12-23,2024-12-23,359,5403.59,0,On Time
PO000807,S026,P0122,2025-04-13,2025-05-07,2025-05-07,728,7033.76,0,On Time
PO000808,S019,P0474,2025-12-13,2025-12-25,2025-12-25,332,2198.26,0,On Time
PO000809,S018,P0155,2024-12-26,2025-01-08,2025-01-08,52,6889.13,0,On Time
PO000810,S018,P0175,2025-11-07,2025-11-20,2025-11-20,212,845.57,0,On Time
PO000811,S033,P0285,2025-07-03,2025-07-15,2025-07-15,928,6856.55,0,On Time
PO000812,S020,P0001,2025-09-30,2025-11-10,2025-11-10,614,2770.09,0,On Time
PO000813,S025,P0406,2025-01-01,2025-03-01,2025-03-01,151,9107.95,0,On Time
PO000814,S042,P0318,2025-01-15,2025-03-11,2025-03-11,218,27637.33,0,On Time
PO000815,S048,P0480,2024-10-03,2024-10-19,2024-10-19,209,4928.38,0,On Time
PO000816,S011,P0071,2025-05-03,2025-05-15,2025-05-21,174,6546.73,6,Delayed
PO000817,S008,P0401,2025-12-12,2025-12-30,2025-12-30,313,3476.02,0,On Time
PO000818,S028,P0470,2025-02-02,2025-02-24,2025-02-24,47,9261.58,0,On Time
PO000819,S003,P0175,2024-04-27,2024-05-14,2024-05-14,645,10079.65,0,On Time
PO000820,S022,P0080,2024-02-03,2024-02-18,2024-02-18,773,13067.22,0,On Time
PO000821,S019,P0026,2024-06-15,2024-06-27,2024-06-27,332,5035.37,0,On Time
PO000822,S006,P0006,2025-01-16,2025-02-25,2025-02-25,157,4594.88,0,On Time
PO000823,S023,P0388,2025-01-18,2025-03-13,2025-03-16,632,1927.86,3,Delayed
PO000824,S017,P0337,2025-09-06,2025-10-13,2025-10-13,741,9120.0,0,On Time
PO000825,S045,P0494,2024-06-28,2024-07-05,2024-07-05,124,7033.43,0,On Time
PO000826,S042,P0469,2024-07-21,2024-09-14,2024-09-23,816,6604.93,9,Delayed
PO000827,S005,P0483,2024-09-22,2024-11-10,2024-11-10,325,19686.86,0,On Time
PO000828,S001,P0299,2024-06-30,2024-08-23,2024-08-23,534,6864.16,0,On Time
PO000829,S042,P0333,2025-04-15,2025-06-09,2025-06-09,344,3461.72,0,On Time
PO000830,S032,P0154,2024-02-20,2024-04-13,2024-04-13,460,7683.87,0,On Time
PO000831,S037,P0401,2024-03-23,2024-05-15,2024-05-23,202,9379.65,8,Delayed
PO000832,S048,P0010,2025-01-08,2025-01-24,2025-01-24,46,2037.2,0,On Time
PO000833,S028,P0279,2025-01-06,2025-01-28,2025-02-08,775,2818.04,11,Delayed
PO000834,S014,P0424,2024-08-03,2024-09-26,2024-09-26,355,8437.47,0,On Time
PO000835,S016,P0234,2024-04-27,2024-05-18,2024-05-18,365,23197.54,0,On Time
PO000836,S016,P0198,2025-08-09,2025-08-30,2025-08-30,32,1277.95,0,On Time
PO000837,S017,P0015,2024-06-09,2024-07-16,2024-07-16,791,4891.01,0,On Time
PO000838,S049,P0247,2025-11-16,2026-01-13,2026-01-13,921,5800.05,0,On Time
PO000839,S043,P0237,2025-10-23,2025-12-03,2025-12-18,659,9229.37,15,Delayed
PO000840,S028,P0180,2025-02-04,2025-02-26,2025-03-01,190,13232.03,3,Delayed
PO000841,S005,P0454,2024-12-21,2025-02-08,2025-02-08,482,8634.67,0,On Time
PO000842,S007,P0479,2025-02-16,2025-03-22,2025-03-22,591,3781.28,0,On Time
PO000843,S013,P0110,2024-11-18,2025-01-05,2025-01-05,732,15082.82,0,On Time
PO000844,S015,P0428,2024-06-15,2024-08-11,2024-08-11,370,2050.74,0,On Time
PO000845,S020,P0051,2024-07-04,2024-08-14,2024-08-21,241,5109.17,7,Delayed
PO000846,S034,P0177,2024-07-09,2024-08-12,2024-08-12,386,30644.6,0,On Time
PO000847,S044,P0085,2025-08-19,2025-09-20,2025-09-20,712,10796.64,0,On Time
PO000848,S001,P0196,2024-12-30,2025-02-22,2025-02-22,41,6326.59,0,On Time
PO000849,S027,P0142,2024-02-05,2024-04-04,2024-04-04,344,12898.05,0,On Time
PO000850,S016,P0240,2024-08-01,2024-08-22,2024-08-22,31,2376.4,0,On Time
PO000851,S022,P0077,2025-09-10,2025-09-25,2025-09-25,142,2391.41,0,On Time
PO000852,S046,P0498,2024-08-17,2024-08-24,2024-08-28,407,2364.74,4,Delayed
PO000853,S034,P0322,2024-03-13,2024-04-16,2024-04-16,107,3164.13,0,On Time
PO000854,S003,P0366,2025-08-08,2025-08-25,2025-08-25,156,2289.78,0,On Time
PO000855,S003,P0222,2025-11-26,2025-12-13,2025-12-27,737,282.52,14,Delayed
PO000856,S032,P0050,2024-10-13,2024-12-05,2024-12-05,41,26022.43,0,On Time
PO000857,S044,P0223,2024-03-28,2024-04-29,2024-04-29,375,1474.42,0,On Time
PO000858,S027,P0191,2024-03-16,2024-05-14,2024-05-14,112,7586.35,0,On Time
PO000859,S034,P0262,2024-10-26,2024-11-29,2024-11-29,526,2450.46,0,On Time
PO000860,S039,P0268,2025-04-13,2025-05-08,2025-05-08,793,2716.66,0,On Time
PO000861,S003,P0306,2025-03-09,2025-03-26,2025-03-26,686,768.06,0,On Time
PO000862,S026,P0186,2025-12-22,2026-01-15,2026-01-15,942,21889.83,0,On Time
PO000863,S024,P0487,2025-07-20,2025-08-18,2025-08-18,722,1795.91,0,On Time
PO000864,S013,P0411,2024-11-03,2024-12-21,2024-12-21,257,8978.05,0,On Time
PO000865,S021,P0481,2024-04-17,2024-05-26,2024-05-26,569,5586.55,0,On Time
PO000866,S019,P0219,2025-07-03,2025-07-15,2025-07-15,293,2581.48,0,On Time
PO000867,S010,P0496,2024-09-27,2024-10-25,2024-10-25,758,3268.68,0,On Time
PO000868,S009,P0192,2024-06-29,2024-07-14,2024-07-14,276,448.86,0,On Time
PO000869,S026,P0337,2024-09-19,2024-10-13,2024-10-13,343,7918.04,0,On Time
PO000870,S033,P0046,2025-09-26,2025-10-08,2025-10-08,693,1648.3,0,On Time
PO000871,S040,P0427,2025-04-02,2025-04-24,2025-04-29,473,19537.55,5,Delayed
PO000872,S021,P0040,2024-11-22,2024-12-31,2024-12-31,332,6378.83,0,On Time
PO000873,S001,P0494,2024-08-21,2024-10-14,2024-10-14,106,8117.17,0,On Time
PO000874,S014,P0328,2024-02-02,2024-03-27,2024-03-27,193,7625.2,0,On Time
PO000875,S012,P0049,2025-05-10,2025-06-03,2025-06-03,605,1992.97,0,On Time
PO000876,S043,P0209,2024-03-25,2024-05-05,2024-05-05,529,9062.02,0,On Time
PO000877,S005,P0079,2025-03-09,2025-04-27,2025-04-27,294,47546.02,0,On Time
PO000878,S043,P0488,2025-02-19,2025-04-01,2025-04-16,839,1644.53,15,Delayed
PO000879,S033,P0319,2024-02-29,2024-03-12,2024-03-12,789,757.54,0,On Time
PO000880,S029,P0061,2025-08-05,2025-09-02,2025-09-02,208,799.47,0,On Time
PO000881,S030,P0446,2025-09-20,2025-11-06,2025-11-06,384,985.12,0,On Time
PO000882,S009,P0428,2024-07-17,2024-08-01,2024-08-01,376,4020.64,0,On Time
PO000883,S050,P0055,2025-08-28,2025-10-12,2025-10-12,293,6625.71,0,On Time
PO000884,S045,P0449,2024-07-13,2024-07-20,2024-07-20,403,15511.37,0,On Time
PO000885,S022,P0341,2025-05-09,2025-05-24,2025-05-24,490,6412.36,0,On Time
PO000886,S018,P0202,2025-07-30,2025-08-12,2025-08-12,586,2463.49,0,On Time
PO000887,S025,P0100,2024-11-05,2025-01-03,2025-01-03,651,2069.31,0,On Time
PO000888,S027,P0306,2024-05-29,2024-07-27,2024-07-27,223,5525.57,0,On Time
PO000889,S001,P0026,2024-11-13,2025-01-06,2025-01-06,558,937.57,0,On Time
PO000890,S022,P0296,2025-10-04,2025-10-19,2025-10-19,517,17486.87,0,On Time
PO000891,S006,P0016,2024-01-21,2024-03-01,2024-03-01,829,4720.17,0,On Time
PO000892,S012,P0170,2024-07-09,2024-08-02,2024-08-02,519,1361.13,0,On Time
PO000893,S004,P0105,2024-07-03,2024-08-11,2024-08-11,688,12535.8,0,On Time
PO000894,S023,P0077,2025-12-01,2026-01-24,2026-01-24,148,3962.36,0,On Time
PO000895,S001,P0215,2024-08-19,2024-10-12,2024-10-12,753,5470.79,0,On Time
PO000896,S040,P0086,2025-11-02,2025-11-24,2025-11-24,704,7873.91,0,On Time
PO000897,S038,P0279,2024-02-29,2024-04-26,2024-05-08,276,4263.7,12,Delayed
PO000898,S024,P0004,2025-12-03,2026-01-01,2026-01-01,847,1558.32,0,On Time
PO000899,S001,P0061,2024-04-15,2024-06-08,2024-06-08,390,9001.56,0,On Time
PO000900,S037,P0437,2025-05-18,2025-07-10,2025-07-10,380,3117.56,0,On Time
PO000901,S048,P0089,2025-07-21,2025-08-06,2025-08-06,389,2511.78,0,On Time
PO000902,S050,P0281,2025-08-16,2025-09-30,2025-09-30,451,60031.28,0,On Time
PO000903,S044,P0249,2025-07-21,2025-08-22,2025-08-22,243,9314.43,0,On Time
PO000904,S045,P0061,2024-12-31,2025-01-07,2025-01-22,753,4424.23,15,Delayed
PO000905,S014,P0019,2025-08-26,2025-10-19,2025-10-19,524,7895.57,0,On Time
PO000906,S008,P0313,2024-02-07,2024-02-25,2024-03-09,138,4684.32,13,Delayed
PO000907,S032,P0301,2025-07-19,2025-09-10,2025-09-13,193,4391.44,3,Delayed
PO000908,S033,P0478,2024-06-26,2024-07-08,2024-07-08,760,4396.35,0,On Time
PO000909,S034,P0083,2025-08-29,2025-10-02,2025-10-02,423,2738.35,0,On Time
PO000910,S002,P0481,2024-07-24,2024-09-03,2024-09-03,975,3157.79,0,On Time
PO000911,S023,P0127,2024-12-18,2025-02-10,2025-02-10,573,6903.53,0,On Time
PO000912,S015,P0137,2025-08-07,2025-10-03,2025-10-03,23,3884.27,0,On Time
PO000913,S042,P0435,2025-06-11,2025-08-05,2025-08-05,819,15470.22,0,On Time
PO000914,S040,P0212,2024-03-31,2024-04-22,2024-04-22,122,2162.53,0,On Time
PO000915,S028,P0408,2024-12-24,2025-01-15,2025-01-15,135,5672.91,0,On Time
PO000916,S043,P0164,2025-08-25,2025-10-05,2025-10-12,615,1386.17,7,Delayed
PO000917,S011,P0262,2024-06-25,2024-07-07,2024-07-07,956,6117.07,0,On Time
PO000918,S018,P0183,2024-11-01,2024-11-14,2024-11-14,689,4564.31,0,On Time
PO000919,S030,P0084,2024-01-13,2024-02-29,2024-02-29,486,6655.28,0,On Time
PO000920,S041,P0316,2025-01-11,2025-02-03,2025-02-03,752,4377.36,0,On Time
PO000921,S025,P0119,2025-11-28,2026-01-26,2026-01-26,461,789.66,0,On Time
PO000922,S024,P0204,2024-02-15,2024-03-15,2024-03-16,211,3925.46,1,Delayed
PO000923,S038,P0443,2024-12-19,2025-02-14,2025-02-14,109,2324.54,0,On Time
PO000924,S005,P0256,2024-09-20,2024-11-08,2024-11-08,89,5320.53,0,On Time
PO000925,S006,P0138,2024-05-14,2024-06-23,2024-06-23,114,4778.45,0,On Time
PO000926,S029,P0062,2025-01-30,2025-02-27,2025-02-27,333,20932.49,0,On Time
PO000927,S041,P0179,2025-04-09,2025-05-02,2025-05-02,17,471.38,0,On Time
PO000928,S013,P0388,2025-05-10,2025-06-27,2025-06-27,695,4892.68,0,On Time
PO000929,S009,P0275,2025-12-04,2025-12-19,2025-12-22,125,6980.21,3,Delayed
PO000930,S030,P0396,2025-09-03,2025-10-20,2025-10-20,63,2884.75,0,On Time
PO000931,S013,P0494,2025-06-08,2025-07-26,2025-07-26,104,666.27,0,On Time
PO000932,S019,P0030,2025-11-22,2025-12-04,2025-12-04,155,1898.61,0,On Time
PO000933,S031,P0041,2024-09-07,2024-10-30,2024-10-30,740,19041.46,0,On Time
PO000934,S026,P0195,2024-08-08,2024-09-01,2024-09-01,143,7474.28,0,On Time
PO000935,S034,P0063,2024-07-02,2024-08-05,2024-08-05,246,4268.97,0,On Time
PO000936,S014,P0457,2025-06-29,2025-08-22,2025-08-22,634,4832.19,0,On Time
PO000937,S024,P0353,2024-10-18,2024-11-16,2024-11-16,171,2113.95,0,On Time
PO000938,S029,P0334,2024-05-25,2024-06-22,2024-06-28,137,6395.5,6,Delayed
PO000939,S045,P0110,2024-06-24,2024-07-01,2024-07-01,923,13455.99,0,On Time
PO000940,S010,P0325,2025-11-16,2025-12-14,2025-12-14,405,2845.06,0,On Time
PO000941,S021,P0083,2024-09-18,2024-10-27,2024-10-27,33,23264.76,0,On Time
PO000942,S036,P0081,2024-06-22,2024-07-04,2024-07-04,96,6179.8,0,On Time
PO000943,S017,P0362,2024-07-16,2024-08-22,2024-08-22,591,1567.97,0,On Time
PO000944,S040,P0488,2025-04-15,2025-05-07,2025-05-17,763,1623.36,10,Delayed
PO000945,S004,P0276,2024-10-07,2024-11-15,2024-11-15,988,6178.54,0,On Time
PO000946,S048,P0351,2024-04-18,2024-05-04,2024-05-04,141,13335.68,0,On Time
PO000947,S047,P0183,2025-01-06,2025-02-23,2025-02-23,587,17720.57,0,On Time
PO000948,S050,P0001,2024-08-28,2024-10-12,2024-10-12,836,3527.77,0,On Time
PO000949,S034,P0302,2024-07-10,2024-08-13,2024-08-26,174,11976.38,13,Delayed
PO000950,S016,P0394,2024-09-12,2024-10-03,2024-10-03,76,7270.68,0,On Time
PO000951,S036,P0396,2025-02-25,2025-03-09,2025-03-18,150,2133.34,9,Delayed
PO000952,S030,P0180,2024-12-27,2025-02-12,2025-02-12,836,6256.9,0,On Time
PO000953,S047,P0019,2024-02-14,2024-04-02,2024-04-02,544,15768.16,0,On Time
PO000954,S045,P0358,2025-01-04,2025-01-11,2025-01-11,152,1216.11,0,On Time
PO000955,S034,P0449,2024-02-03,2024-03-08,2024-03-08,808,5454.78,0,On Time
PO000956,S032,P0253,2024-04-05,2024-05-28,2024-06-04,576,2755.25,7,Delayed
PO000957,S003,P0208,2024-01-09,2024-01-26,2024-01-26,589,5961.84,0,On Time
PO000958,S043,P0413,2024-12-16,2025-01-26,2025-01-26,846,5771.7,0,On Time
PO000959,S033,P0187,2025-07-25,2025-08-06,2025-08-06,452,1294.8,0,On Time
PO000960,S032,P0453,2024-06-21,2024-08-13,2024-08-13,296,6107.34,0,On Time
PO000961,S047,P0033,2024-07-27,2024-09-13,2024-09-13,937,1929.95,0,On Time
PO000962,S045,P0299,2024-12-29,2025-01-05,2025-01-05,161,2899.69,0,On Time
PO000963,S036,P0339,2025-07-01,2025-07-13,2025-07-27,475,1123.09,14,Delayed
PO000964,S026,P0059,2024-01-17,2024-02-10,2024-02-10,283,3892.33,0,On Time
PO000965,S021,P0303,2024-12-24,2025-02-01,2025-02-02,470,19058.23,1,Delayed
PO000966,S029,P0141,2024-02-01,2024-02-29,2024-03-08,691,8699.05,8,Delayed
PO000967,S045,P0362,2025-12-06,2025-12-13,2025-12-13,961,3928.37,0,On Time
PO000968,S034,P0426,2025-03-22,2025-04-25,2025-04-25,357,3109.1,0,On Time
PO000969,S050,P0110,2024-12-16,2025-01-30,2025-02-05,636,3966.45,6,Delayed
PO000970,S020,P0273,2025-08-01,2025-09-11,2025-09-11,583,2537.75,0,On Time
PO000971,S007,P0130,2025-04-26,2025-05-30,2025-06-05,161,3948.91,6,Delayed
PO000972,S030,P0364,2025-08-28,2025-10-14,2025-10-14,952,7526.6,0,On Time
PO000973,S050,P0369,2024-07-07,2024-08-21,2024-08-25,866,3129.05,4,Delayed
PO000974,S006,P0117,2024-08-14,2024-09-23,2024-09-23,834,10616.7,0,On Time
PO000975,S030,P0453,2024-10-15,2024-12-01,2024-12-01,179,3038.77,0,On Time
PO000976,S012,P0189,2025-04-25,2025-05-19,2025-05-19,656,2237.14,0,On Time
PO000977,S039,P0302,2024-04-17,2024-05-12,2024-05-24,935,1156.54,12,Delayed
PO000978,S029,P0230,2024-01-02,2024-01-30,2024-01-30,428,27830.54,0,On Time
PO000979,S032,P0382,2025-02-23,2025-04-17,2025-04-17,400,7346.29,0,On Time
PO000980,S003,P0051,2024-04-13,2024-04-30,2024-05-10,103,10085.03,10,Delayed
PO000981,S033,P0306,2025-11-21,2025-12-03,2025-12-03,517,5070.4,0,On Time
PO000982,S029,P0417,2024-12-20,2025-01-17,2025-01-17,288,6268.15,0,On Time
PO000983,S016,P0220,2024-08-17,2024-09-07,2024-09-07,623,3426.51,0,On Time
PO000984,S034,P0252,2025-09-22,2025-10-26,2025-10-28,707,3817.61,2,Delayed
PO000985,S001,P0299,2025-05-13,2025-07-06,2025-07-06,62,3214.3,0,On Time
PO000986,S048,P0331,2025-04-28,2025-05-14,2025-05-14,545,15950.4,0,On Time
PO000987,S012,P0033,2024-07-20,2024-08-13,2024-08-13,288,5068.13,0,On Time
PO000988,S006,P0382,2024-09-16,2024-10-26,2024-10-26,394,5719.3,0,On Time
PO000989,S029,P0174,2024-06-22,2024-07-20,2024-07-20,559,1327.02,0,On Time
PO000990,S047,P0207,2025-01-01,2025-02-18,2025-02-18,695,6368.2,0,On Time
PO000991,S032,P0448,2024-04-05,2024-05-28,2024-05-28,399,12931.76,0,On Time
PO000992,S012,P0342,2024-02-10,2024-03-05,2024-03-05,722,8910.98,0,On Time
PO000993,S025,P0100,2025-08-27,2025-10-25,2025-10-25,426,4071.24,0,On Time
PO000994,S046,P0409,2024-04-17,2024-04-24,2024-04-24,211,2026.99,0,On Time
PO000995,S004,P0296,2025-05-27,2025-07-05,2025-07-05,106,12740.73,0,On Time
PO000996,S014,P0175,2024-08-16,2024-10-09,2024-10-09,437,6132.2,0,On Time
PO000997,S018,P0455,2024-08-20,2024-09-02,2024-09-02,91,6574.56,0,On Time
PO000998,S027,P0102,2024-03-20,2024-05-18,2024-05-18,690,2472.95,0,On Time
PO000999,S012,P0112,2025-07-11,2025-08-04,2025-08-04,823,2437.94,0,On Time
PO001000,S006,P0420,2025-12-05,2026-01-14,2026-01-14,927,2194.0,0,On Time
PO001001,S025,P0329,2024-02-11,2024-04-10,2024-04-10,219,583.92,0,On Time
PO001002,S008,P0409,2024-01-11,2024-01-29,2024-01-29,848,510.84,0,On Time
PO001003,S035,P0086,2024-04-29,2024-06-11,2024-06-11,289,11401.29,0,On Time
PO001004,S035,P0431,2024-05-29,2024-07-11,2024-07-11,86,4878.08,0,On Time
PO001005,S034,P0017,2025-12-11,2026-01-14,2026-01-24,449,2684.12,10,Delayed
PO001006,S046,P0199,2025-07-26,2025-08-02,2025-08-02,43,40918.38,0,On Time
PO001007,S008,P0323,2025-06-18,2025-07-06,2025-07-07,586,2665.1,1,Delayed
PO001008,S015,P0382,2024-12-27,2025-02-22,2025-02-22,41,5346.24,0,On Time
PO001009,S006,P0007,2025-09-10,2025-10-20,2025-10-23,603,3177.99,3,Delayed
PO001010,S033,P0225,2024-08-19,2024-08-31,2024-08-31,894,2701.71,0,On Time
PO001011,S005,P0079,2025-07-22,2025-09-09,2025-09-09,613,6714.43,0,On Time
PO001012,S013,P0416,2024-06-05,2024-07-23,2024-07-23,717,2036.65,0,On Time
PO001013,S047,P0110,2025-05-01,2025-06-18,2025-06-18,38,4973.17,0,On Time
PO001014,S020,P0395,2024-01-12,2024-02-22,2024-02-22,638,2975.08,0,On Time
PO001015,S049,P0012,2024-07-21,2024-09-17,2024-09-17,518,7500.73,0,On Time
PO001016,S003,P0239,2025-05-05,2025-05-22,2025-05-22,340,9949.64,0,On Time
PO001017,S033,P0167,2025-04-16,2025-04-28,2025-04-29,934,3282.5,1,Delayed
PO001018,S024,P0099,2025-07-04,2025-08-02,2025-08-02,976,4743.13,0,On Time
PO001019,S034,P0320,2025-10-16,2025-11-19,2025-11-19,128,976.23,0,On Time
PO001020,S007,P0150,2025-07-25,2025-08-28,2025-08-28,579,2139.61,0,On Time
PO001021,S032,P0440,2025-02-09,2025-04-03,2025-04-03,46,4750.31,0,On Time
PO001022,S009,P0256,2024-08-10,2024-08-25,2024-08-25,669,2994.9,0,On Time
PO001023,S010,P0246,2025-09-24,2025-10-22,2025-10-23,860,7277.09,1,Delayed
PO001024,S003,P0370,2024-11-15,2024-12-02,2024-12-02,136,652.19,0,On Time
PO001025,S044,P0496,2025-07-07,2025-08-08,2025-08-08,578,4035.53,0,On Time
PO001026,S016,P0009,2025-06-14,2025-07-05,2025-07-05,886,2700.0,0,On Time
PO001027,S028,P0495,2025-07-15,2025-08-06,2025-08-21,350,16668.46,15,Delayed
PO001028,S020,P0125,2025-06-19,2025-07-30,2025-07-30,161,17055.73,0,On Time
PO001029,S048,P0313,2024-04-18,2024-05-04,2024-05-04,873,9392.7,0,On Time
PO001030,S038,P0370,2024-12-26,2025-02-21,2025-02-21,274,12356.4,0,On Time
PO001031,S040,P0128,2025-11-04,2025-11-26,2025-11-26,364,2405.83,0,On Time
PO001032,S002,P0215,2025-12-20,2026-01-30,2026-02-08,907,1876.75,9,Delayed
PO001033,S018,P0066,2025-08-23,2025-09-05,2025-09-05,753,21881.82,0,On Time
PO001034,S043,P0211,2024-04-13,2024-05-24,2024-05-24,759,460.41,0,On Time
PO001035,S023,P0062,2024-04-10,2024-06-03,2024-06-03,782,4380.65,0,On Time
PO001036,S020,P0433,2024-12-17,2025-01-27,2025-01-27,127,45098.95,0,On Time
PO001037,S041,P0100,2024-04-11,2024-05-04,2024-05-12,86,4132.28,8,Delayed
PO001038,S005,P0500,2025-06-12,2025-07-31,2025-07-31,977,14619.73,0,On Time
PO001039,S038,P0177,2025-01-18,2025-03-16,2025-03-16,994,3867.65,0,On Time
PO001040,S018,P0372,2025-05-26,2025-06-08,2025-06-08,459,5696.21,0,On Time
PO001041,S044,P0454,2025-03-16,2025-04-17,2025-04-17,692,29280.98,0,On Time
PO001042,S023,P0487,2025-10-11,2025-12-04,2025-12-04,689,2621.43,0,On Time
PO001043,S010,P0133,2025-01-16,2025-02-13,2025-02-13,605,6060.33,0,On Time
PO001044,S039,P0479,2025-10-28,2025-11-22,2025-11-29,748,77562.13,7,Delayed
PO001045,S003,P0040,2025-07-04,2025-07-21,2025-07-21,156,10365.55,0,On Time
PO001046,S037,P0346,2025-10-18,2025-12-10,2025-12-10,826,12895.73,0,On Time
PO001047,S036,P0236,2025-03-07,2025-03-19,2025-03-19,676,5742.78,0,On Time
PO001048,S029,P0159,2025-10-17,2025-11-14,2025-11-19,365,647.14,5,Delayed
PO001049,S025,P0005,2024-02-16,2024-04-15,2024-04-24,321,4697.02,9,Delayed
PO001050,S041,P0217,2025-10-29,2025-11-21,2025-11-21,506,4564.54,0,On Time
PO001051,S011,P0232,2024-04-07,2024-04-19,2024-04-19,558,11913.65,0,On Time
PO001052,S006,P0090,2024-06-16,2024-07-26,2024-08-07,98,4946.66,12,Delayed
PO001053,S034,P0276,2025-05-06,2025-06-09,2025-06-09,439,24472.59,0,On Time
PO001054,S043,P0332,2024-07-19,2024-08-29,2024-09-08,265,1118.8,10,Delayed
PO001055,S019,P0140,2025-11-12,2025-11-24,2025-11-24,254,5358.66,0,On Time
PO001056,S045,P0410,2025-05-29,2025-06-05,2025-06-05,756,2643.0,0,On Time
PO001057,S040,P0294,2025-05-24,2025-06-15,2025-06-29,451,9969.61,14,Delayed
PO001058,S048,P0263,2024-12-06,2024-12-22,2024-12-22,665,3223.37,0,On Time
PO001059,S013,P0165,2024-12-31,2025-02-17,2025-02-17,426,1104.85,0,On Time
PO001060,S013,P0103,2024-12-15,2025-02-01,2025-02-01,886,10254.49,0,On Time
PO001061,S033,P0175,2025-09-08,2025-09-20,2025-09-20,386,1497.76,0,On Time
PO001062,S028,P0223,2025-09-17,2025-10-09,2025-10-20,190,9418.89,11,Delayed
PO001063,S049,P0244,2024-12-24,2025-02-20,2025-02-20,600,6889.68,0,On Time
PO001064,S048,P0462,2025-04-03,2025-04-19,2025-04-19,501,8178.84,0,On Time
PO001065,S046,P0372,2024-05-13,2024-05-20,2024-05-20,750,3278.18,0,On Time
PO001066,S024,P0070,2024-03-05,2024-04-03,2024-04-03,138,1733.89,0,On Time
PO001067,S009,P0396,2024-07-18,2024-08-02,2024-08-07,323,1766.33,5,Delayed
PO001068,S026,P0254,2024-02-18,2024-03-13,2024-03-27,61,676.16,14,Delayed
PO001069,S011,P0491,2024-11-19,2024-12-01,2024-12-01,737,1648.26,0,On Time
PO001070,S043,P0431,2025-05-02,2025-06-12,2025-06-17,334,2189.9,5,Delayed
PO001071,S003,P0149,2025-09-10,2025-09-27,2025-09-27,55,12481.34,0,On Time
PO001072,S002,P0040,2025-08-10,2025-09-20,2025-10-01,613,1494.56,11,Delayed
PO001073,S038,P0162,2025-05-28,2025-07-24,2025-07-31,190,2095.78,7,Delayed
PO001074,S043,P0297,2025-08-11,2025-09-21,2025-10-05,268,4092.03,14,Delayed
PO001075,S036,P0098,2025-12-15,2025-12-27,2025-12-29,495,3798.27,2,Delayed
PO001076,S049,P0358,2025-10-11,2025-12-08,2025-12-08,793,4701.15,0,On Time
PO001077,S004,P0244,2025-03-06,2025-04-14,2025-04-14,105,3444.0,0,On Time
PO001078,S029,P0428,2025-07-09,2025-08-06,2025-08-21,484,4678.69,15,Delayed
PO001079,S019,P0414,2024-09-22,2024-10-04,2024-10-04,322,7716.56,0,On Time
PO001080,S044,P0189,2025-12-14,2026-01-15,2026-01-15,564,15065.77,0,On Time
PO001081,S021,P0012,2024-08-30,2024-10-08,2024-10-08,417,1960.99,0,On Time
PO001082,S043,P0121,2024-03-19,2024-04-29,2024-05-11,137,6066.14,12,Delayed
PO001083,S036,P0019,2025-07-06,2025-07-18,2025-07-18,285,14647.54,0,On Time
PO001084,S049,P0460,2025-07-14,2025-09-10,2025-09-10,767,19387.74,0,On Time
PO001085,S022,P0059,2025-12-06,2025-12-21,2026-01-02,558,1888.86,12,Delayed
PO001086,S016,P0077,2025-03-07,2025-03-28,2025-03-28,258,2682.86,0,On Time
PO001087,S039,P0138,2024-05-24,2024-06-18,2024-06-18,380,1747.35,0,On Time
PO001088,S031,P0410,2025-04-17,2025-06-09,2025-06-09,585,26558.16,0,On Time
PO001089,S020,P0286,2025-10-18,2025-11-28,2025-11-28,157,2702.0,0,On Time
PO001090,S019,P0390,2024-04-03,2024-04-15,2024-04-29,926,6114.35,14,Delayed
PO001091,S012,P0088,2025-04-07,2025-05-01,2025-05-01,108,1581.12,0,On Time
PO001092,S002,P0281,2024-03-30,2024-05-10,2024-05-10,85,1327.2,0,On Time
PO001093,S015,P0210,2025-04-06,2025-06-02,2025-06-12,902,10503.51,10,Delayed
PO001094,S042,P0362,2025-05-31,2025-07-25,2025-07-25,283,5595.76,0,On Time
PO001095,S047,P0323,2024-04-21,2024-06-08,2024-06-08,922,5745.91,0,On Time
PO001096,S040,P0418,2024-03-29,2024-04-20,2024-04-20,188,30016.27,0,On Time
PO001097,S049,P0175,2025-02-16,2025-04-15,2025-04-15,44,937.2,0,On Time
PO001098,S009,P0029,2025-11-15,2025-11-30,2025-11-30,73,5109.71,0,On Time
PO001099,S045,P0458,2025-10-19,2025-10-26,2025-11-08,496,3829.69,13,Delayed
PO001100,S016,P0185,2024-06-08,2024-06-29,2024-06-29,780,21401.85,0,On Time
PO001101,S042,P0280,2024-07-23,2024-09-16,2024-09-16,411,7957.76,0,On Time
PO001102,S024,P0400,2024-07-14,2024-08-12,2024-08-12,326,1365.31,0,On Time
PO001103,S007,P0291,2024-02-23,2024-03-28,2024-03-28,18,3121.72,0,On Time
PO001104,S045,P0463,2024-11-13,2024-11-20,2024-11-20,456,2601.03,0,On Time
PO001105,S009,P0354,2025-04-07,2025-04-22,2025-04-22,305,2797.98,0,On Time
PO001106,S044,P0276,2024-06-11,2024-07-13,2024-07-13,306,4694.12,0,On Time
PO001107,S005,P0447,2024-10-17,2024-12-05,2024-12-05,993,12528.45,0,On Time
PO001108,S032,P0230,2025-02-05,2025-03-30,2025-03-30,235,2746.9,0,On Time
PO001109,S041,P0394,2025-04-05,2025-04-28,2025-04-28,400,6777.91,0,On Time
PO001110,S042,P0105,2024-03-15,2024-05-09,2024-05-09,938,3327.24,0,On Time
PO001111,S040,P0402,2024-10-18,2024-11-09,2024-11-13,275,19569.42,4,Delayed
PO001112,S013,P0317,2025-09-06,2025-10-24,2025-10-24,464,5097.31,0,On Time
PO001113,S038,P0349,2025-02-21,2025-04-19,2025-04-19,813,4381.94,0,On Time
PO001114,S004,P0137,2024-02-13,2024-03-23,2024-03-23,680,725.62,0,On Time
PO001115,S048,P0447,2025-08-10,2025-08-26,2025-08-26,610,2485.14,0,On Time
PO001116,S031,P0036,2024-12-28,2025-02-19,2025-02-24,725,5591.74,5,Delayed
PO001117,S003,P0208,2025-02-28,2025-03-17,2025-03-17,615,1850.83,0,On Time
PO001118,S006,P0237,2025-11-11,2025-12-21,2025-12-30,171,9306.38,9,Delayed
PO001119,S014,P0386,2025-08-17,2025-10-10,2025-10-10,415,15257.87,0,On Time
PO001120,S017,P0460,2024-07-18,2024-08-24,2024-08-24,377,2017.61,0,On Time
PO001121,S021,P0441,2024-07-09,2024-08-17,2024-08-17,962,6859.01,0,On Time
PO001122,S017,P0365,2024-10-22,2024-11-28,2024-11-28,250,9129.72,0,On Time
PO001123,S048,P0450,2024-04-10,2024-04-26,2024-04-26,588,2908.2,0,On Time
PO001124,S002,P0334,2024-02-02,2024-03-14,2024-03-14,596,2169.11,0,On Time
PO001125,S024,P0142,2025-05-13,2025-06-11,2025-06-11,535,3501.87,0,On Time
PO001126,S048,P0280,2024-02-28,2024-03-15,2024-03-15,206,24824.46,0,On Time
PO001127,S013,P0426,2025-08-28,2025-10-15,2025-10-15,764,6095.7,0,On Time
PO001128,S018,P0119,2025-01-25,2025-02-07,2025-02-07,893,3627.63,0,On Time
PO001129,S022,P0294,2025-10-19,2025-11-03,2025-11-03,260,26786.17,0,On Time
PO001130,S039,P0467,2024-05-19,2024-06-13,2024-06-13,591,2592.53,0,On Time
PO001131,S050,P0414,2024-07-24,2024-09-07,2024-09-07,819,5505.35,0,On Time
PO001132,S010,P0230,2025-02-21,2025-03-21,2025-03-21,160,15258.38,0,On Time
PO001133,S021,P0131,2024-09-19,2024-10-28,2024-10-28,87,4440.13,0,On Time
PO001134,S021,P0101,2025-04-06,2025-05-15,2025-05-23,184,13614.85,8,Delayed
PO001135,S015,P0061,2025-05-31,2025-07-27,2025-08-08,421,2194.25,12,Delayed
PO001136,S010,P0258,2025-10-09,2025-11-06,2025-11-06,310,15795.67,0,On Time
PO001137,S048,P0259,2025-04-22,2025-05-08,2025-05-08,179,1789.51,0,On Time
PO001138,S035,P0398,2025-02-24,2025-04-08,2025-04-08,111,11403.97,0,On Time
PO001139,S046,P0463,2024-09-08,2024-09-15,2024-09-15,349,817.97,0,On Time
PO001140,S011,P0003,2025-08-25,2025-09-06,2025-09-08,106,6999.98,2,Delayed
PO001141,S001,P0308,2025-06-16,2025-08-09,2025-08-09,446,3965.87,0,On Time
PO001142,S035,P0317,2024-10-27,2024-12-09,2024-12-09,234,2074.24,0,On Time
PO001143,S028,P0334,2025-08-16,2025-09-07,2025-09-12,264,3850.82,5,Delayed
PO001144,S021,P0157,2025-09-05,2025-10-14,2025-10-23,119,14073.31,9,Delayed
PO001145,S012,P0373,2025-10-29,2025-11-22,2025-11-22,644,6406.42,0,On Time
PO001146,S039,P0454,2024-11-29,2024-12-24,2025-01-02,342,12963.44,9,Delayed
PO001147,S037,P0120,2024-01-22,2024-03-15,2024-03-24,218,4757.06,9,Delayed
PO001148,S004,P0206,2025-12-12,2026-01-20,2026-01-23,47,6543.62,3,Delayed
PO001149,S002,P0383,2025-04-24,2025-06-04,2025-06-04,489,6367.78,0,On Time
PO001150,S038,P0053,2025-05-03,2025-06-29,2025-06-29,776,9611.43,0,On Time
PO001151,S003,P0452,2025-04-16,2025-05-03,2025-05-03,183,3144.72,0,On Time
PO001152,S021,P0462,2024-03-28,2024-05-06,2024-05-11,312,5130.24,5,Delayed
PO001153,S033,P0004,2025-10-10,2025-10-22,2025-10-22,498,2086.14,0,On Time
PO001154,S049,P0019,2025-09-28,2025-11-25,2025-11-25,604,5696.51,0,On Time
PO001155,S049,P0481,2025-08-25,2025-10-22,2025-11-04,128,3413.95,13,Delayed
PO001156,S006,P0329,2025-07-01,2025-08-10,2025-08-10,602,5291.2,0,On Time
PO001157,S006,P0261,2025-09-25,2025-11-04,2025-11-04,518,19821.88,0,On Time
PO001158,S029,P0283,2024-05-19,2024-06-16,2024-06-16,519,8033.05,0,On Time
PO001159,S032,P0228,2025-09-26,2025-11-18,2025-11-20,462,8101.96,2,Delayed
PO001160,S031,P0211,2025-02-06,2025-03-31,2025-04-02,579,13405.33,2,Delayed
PO001161,S049,P0057,2025-06-21,2025-08-18,2025-08-18,74,13830.98,0,On Time
PO001162,S047,P0280,2025-04-23,2025-06-10,2025-06-10,316,1235.26,0,On Time
PO001163,S050,P0482,2024-06-21,2024-08-05,2024-08-05,549,5362.05,0,On Time
PO001164,S044,P0185,2025-09-24,2025-10-26,2025-10-26,102,1807.55,0,On Time
PO001165,S042,P0479,2024-03-30,2024-05-24,2024-05-24,174,13892.64,0,On Time
PO001166,S027,P0267,2025-10-01,2025-11-29,2025-11-29,200,4185.1,0,On Time
PO001167,S030,P0129,2024-06-20,2024-08-06,2024-08-06,164,23252.27,0,On Time
PO001168,S020,P0061,2025-07-29,2025-09-08,2025-09-08,492,1257.93,0,On Time
PO001169,S004,P0341,2025-09-02,2025-10-11,2025-10-11,853,2504.18,0,On Time
PO001170,S032,P0324,2025-11-23,2026-01-15,2026-01-15,515,3525.42,0,On Time
PO001171,S022,P0094,2024-09-22,2024-10-07,2024-10-07,139,4727.93,0,On Time
PO001172,S032,P0301,2025-05-20,2025-07-12,2025-07-12,984,5180.5,0,On Time
PO001173,S046,P0077,2025-01-06,2025-01-13,2025-01-13,326,5215.91,0,On Time
PO001174,S033,P0197,2024-12-05,2024-12-17,2024-12-17,334,964.14,0,On Time
PO001175,S032,P0198,2024-10-22,2024-12-14,2024-12-14,239,3318.41,0,On Time
PO001176,S032,P0276,2024-11-02,2024-12-25,2024-12-25,995,5552.89,0,On Time
PO001177,S042,P0283,2025-06-06,2025-07-31,2025-07-31,591,5058.03,0,On Time
PO001178,S041,P0193,2025-09-30,2025-10-23,2025-10-23,878,2426.0,0,On Time
PO001179,S020,P0373,2024-01-18,2024-02-28,2024-03-07,679,5956.08,8,Delayed
PO001180,S028,P0432,2024-10-12,2024-11-03,2024-11-03,250,20721.98,0,On Time
PO001181,S028,P0243,2025-10-20,2025-11-11,2025-11-11,408,4783.75,0,On Time
PO001182,S025,P0366,2024-01-15,2024-03-14,2024-03-14,910,2406.32,0,On Time
PO001183,S032,P0458,2024-05-19,2024-07-11,2024-07-11,877,8771.16,0,On Time
PO001184,S044,P0320,2025-10-19,2025-11-20,2025-11-20,322,9878.35,0,On Time
PO001185,S016,P0285,2024-05-07,2024-05-28,2024-06-04,963,2713.03,7,Delayed
PO001186,S021,P0345,2025-11-17,2025-12-26,2025-12-26,642,10369.96,0,On Time
PO001187,S020,P0094,2024-09-15,2024-10-26,2024-10-26,602,14131.84,0,On Time
PO001188,S036,P0283,2025-05-15,2025-05-27,2025-05-27,105,1608.29,0,On Time
PO001189,S041,P0065,2024-04-09,2024-05-02,2024-05-02,420,4247.46,0,On Time
PO001190,S032,P0396,2025-09-17,2025-11-09,2025-11-16,764,3361.54,7,Delayed
PO001191,S007,P0028,2024-10-01,2024-11-04,2024-11-04,570,4513.94,0,On Time
PO001192,S048,P0311,2024-02-15,2024-03-02,2024-03-02,838,18769.79,0,On Time
PO001193,S032,P0344,2024-12-13,2025-02-04,2025-02-04,238,22295.29,0,On Time
PO001194,S023,P0276,2024-09-20,2024-11-13,2024-11-21,388,1608.91,8,Delayed
PO001195,S021,P0348,2025-08-12,2025-09-20,2025-09-20,348,2575.71,0,On Time
PO001196,S028,P0351,2024-12-30,2025-01-21,2025-01-21,354,1516.0,0,On Time
PO001197,S010,P0131,2024-09-20,2024-10-18,2024-10-18,276,9381.44,0,On Time
PO001198,S036,P0278,2024-02-03,2024-02-15,2024-02-15,407,1673.45,0,On Time
PO001199,S047,P0183,2024-06-25,2024-08-12,2024-08-12,628,4255.73,0,On Time
PO001200,S029,P0038,2025-01-02,2025-01-30,2025-02-02,618,1734.98,3,Delayed
PO001201,S049,P0329,2025-06-26,2025-08-23,2025-08-23,220,2653.09,0,On Time
PO001202,S001,P0137,2024-08-22,2024-10-15,2024-10-26,892,2147.56,11,Delayed
PO001203,S048,P0445,2024-07-18,2024-08-03,2024-08-03,535,5775.04,0,On Time
PO001204,S031,P0010,2025-06-05,2025-07-28,2025-07-28,103,3908.51,0,On Time
PO001205,S049,P0004,2025-12-07,2026-02-03,2026-02-03,566,10639.47,0,On Time
PO001206,S041,P0480,2025-03-28,2025-04-20,2025-04-20,221,10884.77,0,On Time
PO001207,S042,P0233,2024-02-11,2024-04-06,2024-04-06,836,686.47,0,On Time
PO001208,S033,P0322,2025-05-25,2025-06-06,2025-06-06,837,3569.72,0,On Time
PO001209,S026,P0465,2025-02-01,2025-02-25,2025-03-08,205,607.39,11,Delayed
PO001210,S046,P0084,2024-05-16,2024-05-23,2024-05-23,17,5732.42,0,On Time
PO001211,S034,P0188,2025-06-29,2025-08-02,2025-08-02,349,7198.14,0,On Time
PO001212,S015,P0466,2024-02-27,2024-04-24,2024-04-24,232,6873.9,0,On Time
PO001213,S036,P0266,2025-10-15,2025-10-27,2025-10-28,730,12854.69,1,Delayed
PO001214,S022,P0418,2024-05-21,2024-06-05,2024-06-05,176,1304.73,0,On Time
PO001215,S013,P0075,2025-09-09,2025-10-27,2025-10-27,949,8561.2,0,On Time
PO001216,S034,P0197,2025-02-19,2025-03-25,2025-03-25,313,7286.07,0,On Time
PO001217,S042,P0417,2025-02-17,2025-04-13,2025-04-17,978,4325.81,4,Delayed
PO001218,S025,P0223,2025-02-25,2025-04-25,2025-04-25,544,7432.99,0,On Time
PO001219,S020,P0372,2024-06-02,2024-07-13,2024-07-13,418,1642.32,0,On Time
PO001220,S002,P0484,2025-11-20,2025-12-31,2025-12-31,326,2497.01,0,On Time
PO001221,S042,P0054,2025-09-22,2025-11-16,2025-11-16,755,1884.06,0,On Time
PO001222,S025,P0447,2024-12-02,2025-01-30,2025-01-30,76,9011.64,0,On Time
PO001223,S048,P0085,2025-12-27,2026-01-12,2026-01-12,827,2242.31,0,On Time
PO001224,S003,P0227,2025-07-25,2025-08-11,2025-08-11,450,7221.37,0,On Time
PO001225,S045,P0285,2025-01-05,2025-01-12,2025-01-20,35,3965.07,8,Delayed
PO001226,S019,P0339,2025-11-19,2025-12-01,2025-12-01,835,2571.05,0,On Time
PO001227,S027,P0100,2024-09-26,2024-11-24,2024-11-24,376,2881.83,0,On Time
PO001228,S029,P0395,2025-10-07,2025-11-04,2025-11-04,22,1988.97,0,On Time
PO001229,S012,P0145,2024-06-03,2024-06-27,2024-06-27,635,12944.81,0,On Time
PO001230,S013,P0115,2025-09-20,2025-11-07,2025-11-12,860,1250.73,5,Delayed
PO001231,S012,P0198,2024-05-16,2024-06-09,2024-06-09,328,4618.87,0,On Time
PO001232,S005,P0348,2025-07-26,2025-09-13,2025-09-13,346,9075.89,0,On Time
PO001233,S018,P0332,2024-02-04,2024-02-17,2024-02-17,661,1644.43,0,On Time
PO001234,S048,P0229,2024-07-19,2024-08-04,2024-08-04,552,1580.08,0,On Time
PO001235,S016,P0204,2024-05-12,2024-06-02,2024-06-02,532,6872.19,0,On Time
PO001236,S028,P0410,2025-08-24,2025-09-15,2025-09-15,587,20827.99,0,On Time
PO001237,S006,P0237,2025-11-21,2025-12-31,2025-12-31,341,6393.27,0,On Time
PO001238,S023,P0102,2025-03-23,2025-05-16,2025-05-16,707,2361.87,0,On Time
PO001239,S006,P0413,2024-11-17,2024-12-27,2024-12-27,934,2560.89,0,On Time
PO001240,S005,P0217,2025-12-01,2026-01-19,2026-01-19,875,2462.51,0,On Time
PO001241,S046,P0301,2024-11-08,2024-11-15,2024-11-27,799,10773.35,12,Delayed
PO001242,S015,P0460,2025-05-23,2025-07-19,2025-07-22,734,5349.93,3,Delayed
PO001243,S023,P0158,2024-04-05,2024-05-29,2024-06-11,187,7444.36,13,Delayed
PO001244,S021,P0472,2025-12-17,2026-01-25,2026-01-25,377,20010.79,0,On Time
PO001245,S018,P0459,2025-03-21,2025-04-03,2025-04-03,518,5264.43,0,On Time
PO001246,S037,P0369,2025-12-21,2026-02-12,2026-02-27,431,10956.73,15,Delayed
PO001247,S005,P0238,2025-06-11,2025-07-30,2025-07-30,606,3385.14,0,On Time
PO001248,S041,P0209,2024-07-30,2024-08-22,2024-08-22,344,1103.56,0,On Time
PO001249,S026,P0071,2025-05-03,2025-05-27,2025-05-27,23,7797.84,0,On Time
PO001250,S029,P0168,2024-02-19,2024-03-18,2024-03-18,454,2420.48,0,On Time
PO001251,S007,P0270,2025-06-19,2025-07-23,2025-07-23,957,2807.69,0,On Time
PO001252,S035,P0455,2024-03-01,2024-04-13,2024-04-13,829,2661.05,0,On Time
PO001253,S013,P0284,2025-10-02,2025-11-19,2025-11-19,538,3184.23,0,On Time
PO001254,S035,P0209,2025-09-26,2025-11-08,2025-11-08,346,3106.14,0,On Time
PO001255,S023,P0084,2025-09-20,2025-11-13,2025-11-17,992,5343.51,4,Delayed
PO001256,S049,P0237,2024-01-06,2024-03-04,2024-03-04,941,3882.58,0,On Time
PO001257,S035,P0475,2025-05-26,2025-07-08,2025-07-08,778,539.61,0,On Time
PO001258,S012,P0451,2025-03-17,2025-04-10,2025-04-10,857,23461.01,0,On Time
PO001259,S040,P0198,2024-10-11,2024-11-02,2024-11-02,516,4017.98,0,On Time
PO001260,S047,P0305,2025-06-10,2025-07-28,2025-07-28,252,2647.94,0,On Time
PO001261,S045,P0424,2024-02-08,2024-02-15,2024-02-15,327,2883.95,0,On Time
PO001262,S031,P0475,2025-03-07,2025-04-29,2025-04-29,224,5635.4,0,On Time
PO001263,S026,P0218,2024-06-19,2024-07-13,2024-07-13,635,6611.41,0,On Time
PO001264,S031,P0056,2025-06-02,2025-07-25,2025-07-25,879,18926.24,0,On Time
PO001265,S046,P0039,2025-02-08,2025-02-15,2025-02-15,14,6769.49,0,On Time
PO001266,S034,P0300,2024-03-20,2024-04-23,2024-04-23,132,5731.54,0,On Time
PO001267,S013,P0174,2024-10-21,2024-12-08,2024-12-08,313,1894.6,0,On Time
PO001268,S046,P0087,2024-01-24,2024-01-31,2024-02-03,11,1884.79,3,Delayed
PO001269,S014,P0304,2025-12-14,2026-02-06,2026-02-13,772,3212.29,7,Delayed
PO001270,S025,P0019,2024-01-05,2024-03-04,2024-03-04,798,1201.44,0,On Time
PO001271,S010,P0094,2025-11-30,2025-12-28,2025-12-28,189,6114.69,0,On Time
PO001272,S019,P0298,2025-08-14,2025-08-26,2025-09-06,922,1593.98,11,Delayed
PO001273,S013,P0096,2024-10-17,2024-12-04,2024-12-04,603,3822.32,0,On Time
PO001274,S012,P0207,2024-07-07,2024-07-31,2024-07-31,701,3366.31,0,On Time
PO001275,S024,P0398,2024-08-09,2024-09-07,2024-09-07,783,5698.21,0,On Time
PO001276,S002,P0307,2025-08-09,2025-09-19,2025-09-25,807,13992.37,6,Delayed
PO001277,S040,P0050,2024-06-04,2024-06-26,2024-06-26,720,10160.57,0,On Time
PO001278,S015,P0137,2024-10-02,2024-11-28,2024-11-28,557,11482.43,0,On Time
PO001279,S032,P0434,2024-01-31,2024-03-24,2024-03-24,205,7681.75,0,On Time
PO001280,S004,P0037,2024-08-04,2024-09-12,2024-09-12,538,8209.15,0,On Time
PO001281,S035,P0036,2025-04-07,2025-05-20,2025-05-20,911,7891.37,0,On Time
PO001282,S028,P0448,2024-03-21,2024-04-12,2024-04-12,278,3945.14,0,On Time
PO001283,S035,P0128,2024-11-08,2024-12-21,2024-12-21,313,4467.71,0,On Time
PO001284,S049,P0055,2025-02-06,2025-04-05,2025-04-05,594,3478.11,0,On Time
PO001285,S009,P0416,2024-11-20,2024-12-05,2024-12-05,795,4100.63,0,On Time
PO001286,S004,P0471,2025-05-29,2025-07-07,2025-07-07,870,1462.55,0,On Time
PO001287,S022,P0035,2025-02-07,2025-02-22,2025-03-07,981,24457.72,13,Delayed
PO001288,S040,P0112,2025-09-19,2025-10-11,2025-10-23,89,9255.89,12,Delayed
PO001289,S021,P0497,2024-12-13,2025-01-21,2025-01-24,645,9806.54,3,Delayed
PO001290,S043,P0196,2025-04-15,2025-05-26,2025-05-26,176,1373.42,0,On Time
PO001291,S042,P0475,2025-03-10,2025-05-04,2025-05-04,465,1763.97,0,On Time
PO001292,S004,P0435,2024-06-06,2024-07-15,2024-07-15,345,5859.44,0,On Time
PO001293,S047,P0160,2025-12-10,2026-01-27,2026-01-27,363,9277.85,0,On Time
PO001294,S013,P0456,2025-06-15,2025-08-02,2025-08-02,700,1334.8,0,On Time
PO001295,S019,P0499,2024-02-21,2024-03-04,2024-03-04,184,9773.66,0,On Time
PO001296,S010,P0456,2024-09-20,2024-10-18,2024-10-18,731,7069.52,0,On Time
PO001297,S038,P0252,2025-03-08,2025-05-04,2025-05-04,730,3804.74,0,On Time
PO001298,S017,P0337,2025-03-26,2025-05-02,2025-05-02,179,60246.79,0,On Time
PO001299,S031,P0395,2024-12-03,2025-01-25,2025-01-25,832,12000.78,0,On Time
PO001300,S028,P0198,2025-02-08,2025-03-02,2025-03-02,860,2438.62,0,On Time
PO001301,S040,P0231,2024-02-09,2024-03-02,2024-03-04,566,5746.19,2,Delayed
PO001302,S017,P0308,2024-06-08,2024-07-15,2024-07-15,102,11790.94,0,On Time
PO001303,S026,P0219,2024-12-13,2025-01-06,2025-01-07,719,6410.9,1,Delayed
PO001304,S046,P0434,2024-03-22,2024-03-29,2024-03-29,165,10208.21,0,On Time
PO001305,S039,P0500,2025-03-25,2025-04-19,2025-04-19,452,3675.78,0,On Time
PO001306,S033,P0343,2025-12-02,2025-12-14,2025-12-14,598,14300.46,0,On Time
PO001307,S025,P0037,2024-09-21,2024-11-19,2024-11-19,785,25044.85,0,On Time
PO001308,S011,P0089,2024-04-05,2024-04-17,2024-04-17,978,3126.67,0,On Time
PO001309,S019,P0459,2025-08-03,2025-08-15,2025-08-15,821,6668.71,0,On Time
PO001310,S019,P0307,2025-07-31,2025-08-12,2025-08-12,853,1502.79,0,On Time
PO001311,S045,P0209,2025-09-29,2025-10-06,2025-10-06,582,2170.05,0,On Time
PO001312,S023,P0050,2025-04-27,2025-06-20,2025-06-20,881,521.15,0,On Time
PO001313,S030,P0055,2025-04-14,2025-05-31,2025-05-31,467,20255.38,0,On Time
PO001314,S023,P0093,2025-12-08,2026-01-31,2026-01-31,744,1129.35,0,On Time
PO001315,S032,P0282,2025-11-10,2026-01-02,2026-01-02,30,4442.27,0,On Time
PO001316,S013,P0049,2024-08-24,2024-10-11,2024-10-11,716,2929.34,0,On Time
PO001317,S037,P0459,2024-08-31,2024-10-23,2024-11-01,511,2151.39,9,Delayed
PO001318,S040,P0007,2025-11-17,2025-12-09,2025-12-09,397,5150.25,0,On Time
PO001319,S040,P0366,2024-08-20,2024-09-11,2024-09-11,628,2518.5,0,On Time
PO001320,S018,P0205,2024-01-13,2024-01-26,2024-01-26,963,347.37,0,On Time
PO001321,S049,P0189,2025-11-10,2026-01-07,2026-01-07,841,987.01,0,On Time
PO001322,S029,P0494,2025-05-02,2025-05-30,2025-05-30,265,4894.57,0,On Time
PO001323,S001,P0333,2024-12-05,2025-01-28,2025-01-28,213,4285.08,0,On Time
PO001324,S038,P0301,2024-06-25,2024-08-21,2024-08-21,928,4840.59,0,On Time
PO001325,S039,P0266,2025-03-26,2025-04-20,2025-04-20,778,20505.87,0,On Time
PO001326,S008,P0190,2025-12-17,2026-01-04,2026-01-04,250,1313.7,0,On Time
PO001327,S013,P0264,2025-05-29,2025-07-16,2025-07-16,966,3538.48,0,On Time
PO001328,S044,P0389,2025-02-10,2025-03-14,2025-03-14,758,11719.11,0,On Time
PO001329,S027,P0222,2024-10-23,2024-12-21,2024-12-21,677,5116.17,0,On Time
PO001330,S025,P0348,2025-11-12,2026-01-10,2026-01-10,724,25741.96,0,On Time
PO001331,S035,P0467,2024-01-01,2024-02-13,2024-02-13,191,471.19,0,On Time
PO001332,S038,P0058,2025-04-03,2025-05-30,2025-05-30,384,2395.67,0,On Time
PO001333,S040,P0453,2024-10-28,2024-11-19,2024-11-19,719,11591.17,0,On Time
PO001334,S001,P0137,2025-11-07,2025-12-31,2025-12-31,568,2360.87,0,On Time
PO001335,S020,P0077,2025-06-27,2025-08-07,2025-08-07,540,4183.39,0,On Time
PO001336,S021,P0371,2025-10-31,2025-12-09,2025-12-09,439,11204.77,0,On Time
PO001337,S007,P0008,2025-11-11,2025-12-15,2025-12-15,37,6799.47,0,On Time
PO001338,S031,P0037,2024-07-18,2024-09-09,2024-09-09,424,1420.85,0,On Time
PO001339,S029,P0157,2025-01-06,2025-02-03,2025-02-06,170,20239.58,3,Delayed
PO001340,S007,P0228,2024-10-02,2024-11-05,2024-11-05,762,5729.46,0,On Time
PO001341,S049,P0265,2025-12-20,2026-02-16,2026-02-16,668,5832.94,0,On Time
PO001342,S027,P0039,2024-03-12,2024-05-10,2024-05-10,769,9441.65,0,On Time
PO001343,S049,P0311,2025-07-13,2025-09-09,2025-09-09,627,5402.41,0,On Time
PO001344,S014,P0324,2024-09-22,2024-11-15,2024-11-15,725,11658.37,0,On Time
PO001345,S017,P0209,2024-07-07,2024-08-13,2024-08-13,489,20352.16,0,On Time
PO001346,S011,P0193,2024-01-14,2024-01-26,2024-01-26,790,5685.8,0,On Time
PO001347,S025,P0224,2025-01-22,2025-03-22,2025-04-03,800,8576.61,12,Delayed
PO001348,S045,P0187,2024-06-05,2024-06-12,2024-06-12,973,1899.97,0,On Time
PO001349,S001,P0166,2025-02-11,2025-04-06,2025-04-06,538,6443.13,0,On Time
PO001350,S023,P0052,2025-03-18,2025-05-11,2025-05-24,592,2355.32,13,Delayed
PO001351,S044,P0035,2025-01-15,2025-02-16,2025-03-03,907,14271.57,15,Delayed
PO001352,S019,P0145,2025-04-17,2025-04-29,2025-04-29,84,4901.0,0,On Time
PO001353,S045,P0361,2025-09-29,2025-10-06,2025-10-12,256,1993.68,6,Delayed
PO001354,S041,P0133,2025-10-26,2025-11-18,2025-11-18,446,1470.9,0,On Time
PO001355,S049,P0311,2024-11-24,2025-01-21,2025-01-21,977,8914.19,0,On Time
PO001356,S034,P0212,2024-11-13,2024-12-17,2024-12-17,922,10251.31,0,On Time
PO001357,S016,P0207,2025-04-11,2025-05-02,2025-05-02,151,3650.34,0,On Time
PO001358,S032,P0143,2025-03-30,2025-05-22,2025-05-22,789,3957.26,0,On Time
PO001359,S003,P0261,2024-07-17,2024-08-03,2024-08-03,901,883.15,0,On Time
PO001360,S023,P0478,2025-06-15,2025-08-08,2025-08-20,163,1716.78,12,Delayed
PO001361,S049,P0262,2024-06-13,2024-08-10,2024-08-10,568,12721.18,0,On Time
PO001362,S006,P0268,2024-03-26,2024-05-05,2024-05-05,568,3901.52,0,On Time
PO001363,S025,P0128,2024-01-20,2024-03-19,2024-03-19,352,3047.47,0,On Time
PO001364,S007,P0299,2024-05-30,2024-07-03,2024-07-03,560,4078.28,0,On Time
PO001365,S010,P0431,2024-08-04,2024-09-01,2024-09-01,417,2526.81,0,On Time
PO001366,S026,P0388,2024-10-26,2024-11-19,2024-11-19,709,2033.35,0,On Time
PO001367,S045,P0347,2025-02-23,2025-03-02,2025-03-02,924,5984.08,0,On Time
PO001368,S016,P0108,2024-08-31,2024-09-21,2024-09-26,191,1053.61,5,Delayed
PO001369,S036,P0025,2025-02-08,2025-02-20,2025-02-20,963,3585.4,0,On Time
PO001370,S036,P0058,2025-11-16,2025-11-28,2025-11-28,682,687.37,0,On Time
PO001371,S039,P0038,2025-03-05,2025-03-30,2025-03-30,264,37915.31,0,On Time
PO001372,S035,P0140,2024-02-07,2024-03-21,2024-03-21,417,3242.6,0,On Time
PO001373,S031,P0363,2025-03-22,2025-05-14,2025-05-14,732,5102.98,0,On Time
PO001374,S033,P0104,2024-03-10,2024-03-22,2024-03-24,146,1753.37,2,Delayed
PO001375,S024,P0205,2024-10-20,2024-11-18,2024-11-18,32,717.56,0,On Time
PO001376,S021,P0050,2024-04-06,2024-05-15,2024-05-16,565,4598.2,1,Delayed
PO001377,S049,P0060,2025-02-23,2025-04-22,2025-04-22,180,3135.48,0,On Time
PO001378,S037,P0134,2025-04-20,2025-06-12,2025-06-12,172,4377.83,0,On Time
PO001379,S017,P0393,2025-03-25,2025-05-01,2025-05-01,520,4780.75,0,On Time
PO001380,S027,P0380,2024-10-25,2024-12-23,2024-12-24,466,16898.47,1,Delayed
PO001381,S050,P0389,2024-04-27,2024-06-11,2024-06-11,675,1103.23,0,On Time
PO001382,S041,P0468,2025-10-05,2025-10-28,2025-10-28,390,3168.07,0,On Time
PO001383,S022,P0378,2024-04-23,2024-05-08,2024-05-08,306,1360.09,0,On Time
PO001384,S013,P0108,2024-12-03,2025-01-20,2025-01-20,365,24817.75,0,On Time
PO001385,S028,P0198,2025-04-16,2025-05-08,2025-05-08,836,2425.2,0,On Time
PO001386,S014,P0396,2024-08-24,2024-10-17,2024-10-17,89,4379.99,0,On Time
PO001387,S031,P0499,2025-11-07,2025-12-30,2025-12-30,46,5661.01,0,On Time
PO001388,S007,P0121,2024-11-03,2024-12-07,2024-12-09,771,2869.01,2,Delayed
PO001389,S037,P0296,2025-03-19,2025-05-11,2025-05-11,170,21158.86,0,On Time
PO001390,S046,P0094,2024-11-28,2024-12-05,2024-12-05,812,7100.21,0,On Time
PO001391,S048,P0105,2024-07-21,2024-08-06,2024-08-06,531,13217.71,0,On Time
PO001392,S007,P0317,2025-03-18,2025-04-21,2025-04-21,954,7269.13,0,On Time
PO001393,S001,P0323,2024-08-27,2024-10-20,2024-10-27,691,1361.77,7,Delayed
PO001394,S041,P0013,2025-09-11,2025-10-04,2025-10-04,921,11671.5,0,On Time
PO001395,S040,P0422,2025-12-29,2026-01-20,2026-01-20,830,3659.15,0,On Time
PO001396,S018,P0242,2025-12-07,2025-12-20,2025-12-20,669,3668.54,0,On Time
PO001397,S011,P0089,2025-11-12,2025-11-24,2025-11-24,80,3603.34,0,On Time
PO001398,S024,P0445,2024-06-02,2024-07-01,2024-07-03,661,37154.69,2,Delayed
PO001399,S028,P0050,2024-11-05,2024-11-27,2024-11-27,767,4930.71,0,On Time
PO001400,S014,P0095,2025-07-22,2025-09-14,2025-09-14,508,2992.05,0,On Time
PO001401,S039,P0418,2025-03-19,2025-04-13,2025-04-13,866,4913.75,0,On Time
PO001402,S003,P0400,2024-09-06,2024-09-23,2024-09-23,975,3288.93,0,On Time
PO001403,S049,P0199,2025-06-09,2025-08-06,2025-08-06,884,4872.32,0,On Time
PO001404,S003,P0032,2024-07-21,2024-08-07,2024-08-07,909,6019.16,0,On Time
PO001405,S031,P0487,2025-06-04,2025-07-27,2025-07-27,483,8699.87,0,On Time
PO001406,S030,P0268,2025-08-16,2025-10-02,2025-10-02,398,8601.46,0,On Time
PO001407,S002,P0199,2024-02-06,2024-03-18,2024-03-24,268,4506.65,6,Delayed
PO001408,S004,P0288,2025-10-11,2025-11-19,2025-11-19,271,5992.85,0,On Time
PO001409,S034,P0459,2024-12-06,2025-01-09,2025-01-09,838,24626.76,0,On Time
PO001410,S027,P0137,2024-01-10,2024-03-09,2024-03-11,87,8731.56,2,Delayed
PO001411,S021,P0207,2025-02-14,2025-03-25,2025-03-25,655,11648.19,0,On Time
PO001412,S022,P0357,2024-08-19,2024-09-03,2024-09-03,604,5033.11,0,On Time
PO001413,S031,P0027,2025-12-23,2026-02-14,2026-02-18,152,4331.24,4,Delayed
PO001414,S019,P0102,2025-12-21,2026-01-02,2026-01-02,940,2343.28,0,On Time
PO001415,S032,P0137,2025-08-25,2025-10-17,2025-10-17,234,16218.98,0,On Time
PO001416,S018,P0364,2024-02-17,2024-03-01,2024-03-10,637,988.39,9,Delayed
PO001417,S026,P0170,2024-02-27,2024-03-22,2024-03-22,303,12757.72,0,On Time
PO001418,S042,P0353,2024-06-03,2024-07-28,2024-07-28,332,3542.46,0,On Time
PO001419,S046,P0464,2024-08-07,2024-08-14,2024-08-14,954,2389.02,0,On Time
PO001420,S034,P0445,2024-02-27,2024-04-01,2024-04-01,681,2381.06,0,On Time
PO001421,S050,P0073,2024-03-01,2024-04-15,2024-04-15,333,2061.28,0,On Time
PO001422,S033,P0379,2024-05-29,2024-06-10,2024-06-10,788,38680.16,0,On Time
PO001423,S005,P0385,2024-07-27,2024-09-14,2024-09-25,586,3811.84,11,Delayed
PO001424,S019,P0045,2024-10-25,2024-11-06,2024-11-06,506,1432.6,0,On Time
PO001425,S045,P0017,2025-03-11,2025-03-18,2025-03-18,248,3750.95,0,On Time
PO001426,S004,P0062,2024-01-19,2024-02-27,2024-03-03,612,6218.68,5,Delayed
PO001427,S050,P0060,2025-02-01,2025-03-18,2025-03-27,355,14536.66,9,Delayed
PO001428,S004,P0350,2024-08-14,2024-09-22,2024-09-22,185,3495.37,0,On Time
PO001429,S036,P0285,2025-11-15,2025-11-27,2025-11-27,865,1896.36,0,On Time
PO001430,S034,P0228,2025-05-29,2025-07-02,2025-07-09,939,7814.37,7,Delayed
PO001431,S014,P0254,2024-02-29,2024-04-23,2024-04-23,407,12920.77,0,On Time
PO001432,S042,P0320,2024-02-12,2024-04-07,2024-04-07,454,3587.11,0,On Time
PO001433,S006,P0131,2025-10-26,2025-12-05,2025-12-05,357,9281.29,0,On Time
PO001434,S009,P0243,2025-09-22,2025-10-07,2025-10-08,739,4246.04,1,Delayed
PO001435,S035,P0325,2024-10-06,2024-11-18,2024-11-18,39,10016.9,0,On Time
PO001436,S046,P0245,2024-02-24,2024-03-02,2024-03-02,465,3001.03,0,On Time
PO001437,S024,P0455,2025-05-02,2025-05-31,2025-05-31,834,8240.31,0,On Time
PO001438,S048,P0062,2025-02-06,2025-02-22,2025-03-03,281,29542.69,9,Delayed
PO001439,S045,P0071,2025-07-22,2025-07-29,2025-07-29,732,5110.49,0,On Time
PO001440,S002,P0271,2025-01-16,2025-02-26,2025-03-09,938,3031.06,11,Delayed
PO001441,S027,P0108,2025-05-29,2025-07-27,2025-07-27,288,7266.52,0,On Time
PO001442,S001,P0477,2025-05-29,2025-07-22,2025-07-22,607,14455.49,0,On Time
PO001443,S040,P0206,2024-01-25,2024-02-16,2024-02-27,602,23358.54,11,Delayed
PO001444,S018,P0500,2025-08-13,2025-08-26,2025-08-26,641,5299.1,0,On Time
PO001445,S013,P0191,2025-01-18,2025-03-07,2025-03-07,319,3213.79,0,On Time
PO001446,S028,P0305,2025-06-28,2025-07-20,2025-07-20,780,23583.04,0,On Time
PO001447,S044,P0332,2024-08-08,2024-09-09,2024-09-09,671,5820.72,0,On Time
PO001448,S027,P0380,2024-08-10,2024-10-08,2024-10-08,47,1382.24,0,On Time
PO001449,S014,P0070,2024-11-06,2024-12-30,2024-12-30,607,13461.93,0,On Time
PO001450,S023,P0142,2025-11-30,2026-01-23,2026-01-23,966,5010.03,0,On Time
PO001451,S036,P0248,2025-01-22,2025-02-03,2025-02-14,965,30206.46,11,Delayed
PO001452,S013,P0368,2024-07-23,2024-09-09,2024-09-09,414,2456.15,0,On Time
PO001453,S024,P0491,2024-02-09,2024-03-09,2024-03-09,376,2442.97,0,On Time
PO001454,S027,P0112,2025-02-17,2025-04-17,2025-04-17,967,4327.97,0,On Time
PO001455,S030,P0066,2024-03-11,2024-04-27,2024-04-27,768,3579.44,0,On Time
PO001456,S020,P0013,2025-11-26,2026-01-06,2026-01-11,355,29051.94,5,Delayed
PO001457,S026,P0002,2024-05-23,2024-06-16,2024-06-16,511,3573.95,0,On Time
PO001458,S042,P0340,2025-02-03,2025-03-30,2025-03-30,742,2636.19,0,On Time
PO001459,S003,P0108,2024-10-21,2024-11-07,2024-11-07,389,9520.02,0,On Time
PO001460,S040,P0021,2025-03-29,2025-04-20,2025-04-20,165,4759.52,0,On Time
PO001461,S001,P0457,2025-05-01,2025-06-24,2025-06-24,706,10427.27,0,On Time
PO001462,S012,P0459,2024-11-16,2024-12-10,2024-12-10,938,11536.73,0,On Time
PO001463,S048,P0477,2024-09-20,2024-10-06,2024-10-06,850,32818.36,0,On Time
PO001464,S032,P0227,2024-05-07,2024-06-29,2024-06-29,500,7342.44,0,On Time
PO001465,S007,P0310,2024-11-06,2024-12-10,2024-12-10,391,2212.88,0,On Time
PO001466,S047,P0403,2024-04-14,2024-06-01,2024-06-01,522,39010.71,0,On Time
PO001467,S013,P0479,2024-03-12,2024-04-29,2024-04-29,871,14907.2,0,On Time
PO001468,S012,P0140,2025-05-12,2025-06-05,2025-06-05,604,14572.18,0,On Time
PO001469,S037,P0006,2025-02-25,2025-04-19,2025-04-19,947,6547.83,0,On Time
PO001470,S043,P0289,2024-07-02,2024-08-12,2024-08-27,275,17519.25,15,Delayed
PO001471,S047,P0181,2025-01-22,2025-03-11,2025-03-11,532,3884.03,0,On Time
PO001472,S035,P0179,2024-11-15,2024-12-28,2024-12-28,21,8199.79,0,On Time
PO001473,S023,P0266,2024-05-29,2024-07-22,2024-07-22,119,436.99,0,On Time
PO001474,S041,P0111,2024-09-07,2024-09-30,2024-09-30,141,2131.33,0,On Time
PO001475,S042,P0363,2025-03-22,2025-05-16,2025-05-16,660,8243.66,0,On Time
PO001476,S021,P0438,2025-04-12,2025-05-21,2025-05-21,301,9070.86,0,On Time
PO001477,S027,P0187,2024-04-21,2024-06-19,2024-06-19,428,6832.37,0,On Time
PO001478,S050,P0432,2024-08-27,2024-10-11,2024-10-11,253,33213.19,0,On Time
PO001479,S027,P0212,2025-07-03,2025-08-31,2025-08-31,791,15824.65,0,On Time
PO001480,S041,P0106,2025-12-11,2026-01-03,2026-01-03,422,925.83,0,On Time
PO001481,S013,P0402,2024-02-24,2024-04-12,2024-04-12,687,1453.05,0,On Time
PO001482,S033,P0240,2024-05-27,2024-06-08,2024-06-08,880,1883.28,0,On Time
PO001483,S006,P0315,2024-04-23,2024-06-02,2024-06-02,126,2284.09,0,On Time
PO001484,S046,P0447,2025-01-31,2025-02-07,2025-02-07,383,1955.88,0,On Time
PO001485,S024,P0134,2025-09-23,2025-10-22,2025-10-22,161,8985.25,0,On Time
PO001486,S032,P0107,2025-06-12,2025-08-04,2025-08-04,595,5228.61,0,On Time
PO001487,S006,P0072,2024-11-23,2025-01-02,2025-01-02,968,3714.5,0,On Time
PO001488,S002,P0342,2024-03-27,2024-05-07,2024-05-07,153,20492.32,0,On Time
PO001489,S010,P0198,2025-05-19,2025-06-16,2025-06-16,913,3813.37,0,On Time
PO001490,S026,P0106,2024-04-03,2024-04-27,2024-04-27,952,4917.13,0,On Time
PO001491,S048,P0154,2025-01-22,2025-02-07,2025-02-07,231,6811.9,0,On Time
PO001492,S019,P0174,2025-01-15,2025-01-27,2025-01-30,405,5103.59,3,Delayed
PO001493,S036,P0111,2025-01-30,2025-02-11,2025-02-11,586,1935.92,0,On Time
PO001494,S037,P0136,2025-11-25,2026-01-17,2026-01-17,749,28350.88,0,On Time
PO001495,S015,P0282,2024-03-12,2024-05-08,2024-05-08,431,7801.76,0,On Time
PO001496,S009,P0223,2025-08-06,2025-08-21,2025-08-22,343,4777.27,1,Delayed
PO001497,S006,P0210,2024-11-17,2024-12-27,2025-01-10,864,14900.14,14,Delayed
PO001498,S014,P0031,2024-09-22,2024-11-15,2024-11-15,78,7278.22,0,On Time
PO001499,S040,P0305,2024-12-09,2024-12-31,2024-12-31,424,7203.64,0,On Time
PO001500,S016,P0181,2025-04-13,2025-05-04,2025-05-04,536,1910.55,0,On Time
PO001501,S011,P0372,2025-08-21,2025-09-02,2025-09-02,659,4092.1,0,On Time
PO001502,S001,P0490,2025-08-10,2025-10-03,2025-10-03,208,2594.49,0,On Time
PO001503,S025,P0471,2024-10-11,2024-12-09,2024-12-09,414,4559.75,0,On Time
PO001504,S018,P0089,2025-10-06,2025-10-19,2025-10-19,981,6829.15,0,On Time
PO001505,S039,P0491,2024-08-28,2024-09-22,2024-10-05,230,8684.21,13,Delayed
PO001506,S034,P0446,2024-09-01,2024-10-05,2024-10-05,587,1502.05,0,On Time
PO001507,S024,P0318,2024-11-04,2024-12-03,2024-12-03,341,7136.77,0,On Time
PO001508,S019,P0134,2025-12-28,2026-01-09,2026-01-20,801,3191.17,11,Delayed
PO001509,S026,P0181,2025-07-05,2025-07-29,2025-07-29,692,12800.99,0,On Time
PO001510,S040,P0279,2025-02-12,2025-03-06,2025-03-06,342,8518.87,0,On Time
PO001511,S045,P0327,2024-04-12,2024-04-19,2024-04-19,474,9347.84,0,On Time
PO001512,S041,P0363,2025-08-17,2025-09-09,2025-09-09,514,9301.64,0,On Time
PO001513,S009,P0244,2025-06-29,2025-07-14,2025-07-29,423,5339.84,15,Delayed
PO001514,S047,P0492,2024-08-15,2024-10-02,2024-10-02,415,8552.97,0,On Time
PO001515,S040,P0006,2024-12-03,2024-12-25,2024-12-28,540,2481.34,3,Delayed
PO001516,S015,P0374,2025-02-26,2025-04-24,2025-04-24,15,6882.78,0,On Time
PO001517,S041,P0194,2024-01-02,2024-01-25,2024-01-25,999,14190.39,0,On Time
PO001518,S008,P0419,2025-05-14,2025-06-01,2025-06-01,149,719.99,0,On Time
PO001519,S044,P0431,2025-03-12,2025-04-13,2025-04-13,785,2105.85,0,On Time
PO001520,S031,P0355,2025-08-26,2025-10-18,2025-10-18,818,4588.42,0,On Time
PO001521,S028,P0308,2025-08-04,2025-08-26,2025-08-26,464,18442.86,0,On Time
PO001522,S019,P0156,2024-02-09,2024-02-21,2024-02-21,402,6274.47,0,On Time
PO001523,S009,P0473,2025-08-11,2025-08-26,2025-08-26,76,3327.17,0,On Time
PO001524,S046,P0209,2025-11-08,2025-11-15,2025-11-17,296,4756.46,2,Delayed
PO001525,S008,P0098,2024-12-02,2024-12-20,2024-12-20,425,2989.92,0,On Time
PO001526,S015,P0417,2025-01-09,2025-03-07,2025-03-10,942,11728.27,3,Delayed
PO001527,S007,P0226,2024-06-11,2024-07-15,2024-07-15,270,3140.73,0,On Time
PO001528,S018,P0108,2024-09-14,2024-09-27,2024-09-27,834,5621.46,0,On Time
PO001529,S041,P0493,2024-07-14,2024-08-06,2024-08-06,483,2842.85,0,On Time
PO001530,S025,P0122,2024-05-01,2024-06-29,2024-06-29,321,3951.09,0,On Time
PO001531,S037,P0215,2024-06-16,2024-08-08,2024-08-12,314,3268.66,4,Delayed
PO001532,S023,P0166,2025-04-18,2025-06-11,2025-06-11,733,22360.85,0,On Time
PO001533,S038,P0148,2025-04-10,2025-06-06,2025-06-06,516,9201.11,0,On Time
PO001534,S049,P0382,2024-11-25,2025-01-22,2025-01-22,919,14790.59,0,On Time
PO001535,S043,P0336,2024-07-12,2024-08-22,2024-08-22,171,8055.75,0,On Time
PO001536,S011,P0351,2025-10-17,2025-10-29,2025-10-29,70,7935.01,0,On Time
PO001537,S033,P0325,2025-06-29,2025-07-11,2025-07-18,883,2329.3,7,Delayed
PO001538,S035,P0243,2024-08-04,2024-09-16,2024-09-16,383,6449.92,0,On Time
PO001539,S026,P0186,2025-12-05,2025-12-29,2026-01-03,830,1255.55,5,Delayed
PO001540,S001,P0067,2024-09-28,2024-11-21,2024-11-21,354,7553.34,0,On Time
PO001541,S010,P0480,2024-12-10,2025-01-07,2025-01-07,391,388.21,0,On Time
PO001542,S018,P0439,2024-09-19,2024-10-02,2024-10-02,207,16886.69,0,On Time
PO001543,S024,P0188,2024-02-17,2024-03-17,2024-03-17,739,23716.42,0,On Time
PO001544,S037,P0160,2024-12-08,2025-01-30,2025-01-30,20,2318.68,0,On Time
PO001545,S017,P0459,2025-07-15,2025-08-21,2025-08-21,468,9370.24,0,On Time
PO001546,S005,P0484,2025-10-01,2025-11-19,2025-11-19,675,5170.38,0,On Time
PO001547,S005,P0135,2025-04-24,2025-06-12,2025-06-12,53,7424.74,0,On Time
PO001548,S021,P0301,2024-02-06,2024-03-16,2024-03-16,999,14572.55,0,On Time
PO001549,S004,P0335,2025-06-01,2025-07-10,2025-07-24,898,13655.8,14,Delayed
PO001550,S001,P0219,2024-11-27,2025-01-20,2025-01-20,162,14836.26,0,On Time
PO001551,S003,P0435,2025-08-12,2025-08-29,2025-08-29,893,3143.81,0,On Time
PO001552,S043,P0179,2024-06-18,2024-07-29,2024-07-29,753,6083.21,0,On Time
PO001553,S044,P0389,2024-01-19,2024-02-20,2024-02-29,819,6396.9,9,Delayed
PO001554,S004,P0208,2025-02-22,2025-04-02,2025-04-02,262,19035.19,0,On Time
PO001555,S032,P0346,2024-11-26,2025-01-18,2025-01-18,191,10602.28,0,On Time
PO001556,S031,P0058,2025-10-10,2025-12-02,2025-12-02,890,9353.42,0,On Time
PO001557,S013,P0468,2025-03-23,2025-05-10,2025-05-10,798,2523.56,0,On Time
PO001558,S030,P0375,2024-11-18,2025-01-04,2025-01-04,621,2783.32,0,On Time
PO001559,S005,P0239,2025-09-23,2025-11-11,2025-11-11,478,3262.2,0,On Time
PO001560,S039,P0445,2025-05-29,2025-06-23,2025-06-23,789,5037.57,0,On Time
PO001561,S011,P0180,2024-10-09,2024-10-21,2024-10-21,608,1772.08,0,On Time
PO001562,S039,P0173,2025-12-12,2026-01-06,2026-01-06,963,4781.6,0,On Time
PO001563,S004,P0011,2025-11-08,2025-12-17,2025-12-17,184,11203.6,0,On Time
PO001564,S046,P0372,2024-07-01,2024-07-08,2024-07-11,458,2020.88,3,Delayed
PO001565,S025,P0011,2025-04-19,2025-06-17,2025-06-19,474,1337.61,2,Delayed
PO001566,S011,P0305,2025-07-23,2025-08-04,2025-08-04,996,2755.35,0,On Time
PO001567,S012,P0194,2024-05-17,2024-06-10,2024-06-10,658,3887.51,0,On Time
PO001568,S001,P0483,2024-06-07,2024-07-31,2024-07-31,220,15627.5,0,On Time
PO001569,S033,P0250,2025-04-04,2025-04-16,2025-04-16,264,1027.53,0,On Time
PO001570,S035,P0339,2025-01-05,2025-02-17,2025-02-17,36,3258.44,0,On Time
PO001571,S031,P0397,2024-05-26,2024-07-18,2024-07-18,333,2067.68,0,On Time
PO001572,S040,P0383,2025-08-20,2025-09-11,2025-09-11,964,11274.3,0,On Time
PO001573,S016,P0212,2025-05-08,2025-05-29,2025-05-29,86,5034.72,0,On Time
PO001574,S024,P0447,2024-09-01,2024-09-30,2024-09-30,561,7613.19,0,On Time
PO001575,S021,P0265,2025-02-27,2025-04-07,2025-04-07,941,2761.82,0,On Time
PO001576,S041,P0360,2024-02-18,2024-03-12,2024-03-12,394,3590.98,0,On Time
PO001577,S046,P0387,2024-08-15,2024-08-22,2024-08-27,798,3800.65,5,Delayed
PO001578,S028,P0389,2025-12-25,2026-01-16,2026-01-16,762,1437.66,0,On Time
PO001579,S031,P0424,2024-06-30,2024-08-22,2024-08-22,775,965.61,0,On Time
PO001580,S044,P0270,2025-09-15,2025-10-17,2025-10-27,404,1599.49,10,Delayed
PO001581,S043,P0164,2024-12-06,2025-01-16,2025-01-16,347,5240.29,0,On Time
PO001582,S033,P0367,2024-04-25,2024-05-07,2024-05-07,771,1299.54,0,On Time
PO001583,S028,P0317,2025-11-29,2025-12-21,2025-12-21,938,1626.94,0,On Time
PO001584,S006,P0388,2025-04-26,2025-06-05,2025-06-05,100,1849.31,0,On Time
PO001585,S034,P0194,2025-10-02,2025-11-05,2025-11-05,396,20633.17,0,On Time
PO001586,S003,P0282,2024-03-05,2024-03-22,2024-03-22,107,2535.11,0,On Time
PO001587,S001,P0216,2024-09-06,2024-10-30,2024-10-30,239,2408.15,0,On Time
PO001588,S037,P0338,2025-11-27,2026-01-19,2026-01-19,592,7003.71,0,On Time
PO001589,S022,P0091,2024-06-09,2024-06-24,2024-07-04,326,989.14,10,Delayed
PO001590,S009,P0188,2024-03-19,2024-04-03,2024-04-03,46,6896.09,0,On Time
PO001591,S038,P0050,2024-07-20,2024-09-15,2024-09-15,556,7640.58,0,On Time
PO001592,S047,P0101,2024-05-29,2024-07-16,2024-07-16,316,2973.06,0,On Time
PO001593,S046,P0059,2024-03-08,2024-03-15,2024-03-15,270,27842.69,0,On Time
PO001594,S033,P0298,2025-09-16,2025-09-28,2025-09-28,189,2619.11,0,On Time
PO001595,S050,P0199,2025-03-25,2025-05-09,2025-05-09,960,6220.6,0,On Time
PO001596,S028,P0108,2025-02-28,2025-03-22,2025-03-22,992,1911.09,0,On Time
PO001597,S030,P0178,2025-01-05,2025-02-21,2025-02-21,292,1748.8,0,On Time
PO001598,S043,P0132,2024-07-12,2024-08-22,2024-08-22,532,3855.0,0,On Time
PO001599,S015,P0446,2025-09-11,2025-11-07,2025-11-07,976,5799.46,0,On Time
PO001600,S010,P0421,2024-07-19,2024-08-16,2024-08-16,149,9988.22,0,On Time
PO001601,S025,P0200,2024-06-29,2024-08-27,2024-08-27,318,6632.71,0,On Time
PO001602,S008,P0397,2024-08-14,2024-09-01,2024-09-01,821,4959.72,0,On Time
PO001603,S037,P0060,2025-02-05,2025-03-30,2025-03-30,825,13079.31,0,On Time
PO001604,S040,P0378,2025-12-06,2025-12-28,2025-12-31,804,11894.05,3,Delayed
PO001605,S034,P0468,2025-03-14,2025-04-17,2025-04-17,611,9723.96,0,On Time
PO001606,S018,P0371,2025-01-24,2025-02-06,2025-02-06,49,1842.7,0,On Time
PO001607,S043,P0368,2024-01-29,2024-03-10,2024-03-10,143,24828.41,0,On Time
PO001608,S015,P0209,2024-12-27,2025-02-22,2025-02-22,172,4823.07,0,On Time
PO001609,S036,P0096,2024-10-19,2024-10-31,2024-10-31,298,5042.67,0,On Time
PO001610,S002,P0414,2025-12-25,2026-02-04,2026-02-04,389,2893.87,0,On Time
PO001611,S001,P0150,2025-05-16,2025-07-09,2025-07-09,185,2153.44,0,On Time
PO001612,S046,P0088,2025-06-22,2025-06-29,2025-07-03,344,1450.07,4,Delayed
PO001613,S031,P0381,2025-10-11,2025-12-03,2025-12-03,836,10409.84,0,On Time
PO001614,S017,P0495,2024-07-23,2024-08-29,2024-08-29,19,4418.77,0,On Time
PO001615,S033,P0494,2024-02-24,2024-03-07,2024-03-07,936,9938.74,0,On Time
PO001616,S042,P0369,2024-06-10,2024-08-04,2024-08-12,986,11626.15,8,Delayed
PO001617,S015,P0001,2024-09-26,2024-11-22,2024-11-22,111,9183.61,0,On Time
PO001618,S043,P0343,2024-05-13,2024-06-23,2024-06-23,174,1246.01,0,On Time
PO001619,S014,P0213,2024-08-09,2024-10-02,2024-10-10,841,3233.02,8,Delayed
PO001620,S017,P0029,2025-02-02,2025-03-11,2025-03-11,927,4994.1,0,On Time
PO001621,S001,P0223,2025-09-15,2025-11-08,2025-11-08,680,8187.84,0,On Time
PO001622,S025,P0029,2025-11-26,2026-01-24,2026-02-07,645,7717.77,14,Delayed
PO001623,S029,P0445,2024-08-09,2024-09-06,2024-09-21,808,2728.38,15,Delayed
PO001624,S030,P0389,2025-08-23,2025-10-09,2025-10-09,340,3235.22,0,On Time
PO001625,S004,P0135,2025-04-23,2025-06-01,2025-06-01,790,28674.94,0,On Time
PO001626,S047,P0431,2025-02-05,2025-03-25,2025-03-25,416,23722.86,0,On Time
PO001627,S037,P0064,2025-04-05,2025-05-28,2025-06-12,238,6840.08,15,Delayed
PO001628,S040,P0419,2025-01-29,2025-02-20,2025-02-20,264,1741.36,0,On Time
PO001629,S033,P0392,2025-09-11,2025-09-23,2025-09-23,384,13809.15,0,On Time
PO001630,S013,P0076,2024-08-10,2024-09-27,2024-09-27,700,2694.08,0,On Time
PO001631,S008,P0141,2025-03-16,2025-04-03,2025-04-04,210,2408.18,1,Delayed
PO001632,S023,P0471,2024-01-09,2024-03-03,2024-03-03,949,23424.31,0,On Time
PO001633,S040,P0014,2025-03-21,2025-04-12,2025-04-12,371,2038.8,0,On Time
PO001634,S047,P0246,2025-11-08,2025-12-26,2025-12-26,117,1476.13,0,On Time
PO001635,S020,P0091,2024-06-03,2024-07-14,2024-07-14,50,5224.19,0,On Time
PO001636,S002,P0184,2025-05-09,2025-06-19,2025-06-19,227,11937.41,0,On Time
PO001637,S008,P0283,2024-07-05,2024-07-23,2024-07-23,564,5078.88,0,On Time
PO001638,S050,P0353,2024-08-30,2024-10-14,2024-10-14,660,4385.31,0,On Time
PO001639,S010,P0123,2025-01-18,2025-02-15,2025-02-15,339,2520.12,0,On Time
PO001640,S037,P0087,2025-01-30,2025-03-24,2025-04-01,500,10897.79,8,Delayed
PO001641,S005,P0420,2025-05-16,2025-07-04,2025-07-04,413,11280.54,0,On Time
PO001642,S010,P0027,2025-07-11,2025-08-08,2025-08-08,907,6044.05,0,On Time
PO001643,S041,P0371,2024-03-26,2024-04-18,2024-04-18,545,6504.44,0,On Time
PO001644,S005,P0251,2024-05-30,2024-07-18,2024-07-18,620,31999.04,0,On Time
PO001645,S010,P0357,2025-12-25,2026-01-22,2026-01-22,360,10666.74,0,On Time
PO001646,S009,P0447,2024-11-16,2024-12-01,2024-12-07,39,3337.13,6,Delayed
PO001647,S033,P0456,2025-01-14,2025-01-26,2025-01-26,277,2332.8,0,On Time
PO001648,S005,P0248,2025-12-20,2026-02-07,2026-02-07,854,7185.45,0,On Time
PO001649,S027,P0046,2024-05-29,2024-07-27,2024-07-27,751,4478.83,0,On Time
PO001650,S016,P0181,2025-07-26,2025-08-16,2025-08-16,865,1164.44,0,On Time
PO001651,S041,P0229,2024-07-29,2024-08-21,2024-08-21,944,3888.75,0,On Time
PO001652,S007,P0087,2025-06-06,2025-07-10,2025-07-14,60,7488.56,4,Delayed
PO001653,S028,P0039,2025-08-13,2025-09-04,2025-09-04,139,25054.52,0,On Time
PO001654,S024,P0125,2024-10-27,2024-11-25,2024-11-25,664,4068.53,0,On Time
PO001655,S022,P0153,2024-03-25,2024-04-09,2024-04-10,194,10603.8,1,Delayed
PO001656,S028,P0067,2025-01-27,2025-02-18,2025-02-18,319,11643.13,0,On Time
PO001657,S036,P0196,2024-04-26,2024-05-08,2024-05-08,847,4168.77,0,On Time
PO001658,S039,P0384,2025-08-02,2025-08-27,2025-08-30,102,2064.27,3,Delayed
PO001659,S030,P0480,2024-09-06,2024-10-23,2024-10-23,787,23360.5,0,On Time
PO001660,S035,P0452,2024-01-15,2024-02-27,2024-02-27,71,2735.25,0,On Time
PO001661,S004,P0460,2025-10-29,2025-12-07,2025-12-19,658,11498.79,12,Delayed
PO001662,S005,P0367,2024-12-21,2025-02-08,2025-02-08,670,14262.15,0,On Time
PO001663,S009,P0366,2024-08-20,2024-09-04,2024-09-04,987,3231.19,0,On Time
PO001664,S036,P0390,2025-03-07,2025-03-19,2025-03-19,603,2327.87,0,On Time
PO001665,S037,P0482,2024-10-27,2024-12-19,2024-12-19,181,3846.36,0,On Time
PO001666,S011,P0313,2025-01-16,2025-01-28,2025-01-31,385,4313.12,3,Delayed
PO001667,S038,P0468,2024-09-05,2024-11-01,2024-11-01,594,6665.97,0,On Time
PO001668,S013,P0453,2025-11-06,2025-12-24,2025-12-24,681,3240.13,0,On Time
PO001669,S024,P0252,2025-08-03,2025-09-01,2025-09-01,287,4482.37,0,On Time
PO001670,S032,P0084,2024-08-08,2024-09-30,2024-09-30,485,3408.84,0,On Time
PO001671,S015,P0445,2024-03-04,2024-04-30,2024-05-15,290,6703.7,15,Delayed
PO001672,S050,P0428,2025-10-26,2025-12-10,2025-12-16,863,5617.64,6,Delayed
PO001673,S013,P0325,2025-11-23,2026-01-10,2026-01-10,212,2199.63,0,On Time
PO001674,S010,P0217,2025-11-14,2025-12-12,2025-12-12,47,6640.86,0,On Time
PO001675,S016,P0397,2025-07-09,2025-07-30,2025-07-30,807,1279.87,0,On Time
PO001676,S028,P0282,2024-12-18,2025-01-09,2025-01-09,403,2131.98,0,On Time
PO001677,S050,P0461,2025-11-13,2025-12-28,2026-01-04,395,3397.64,7,Delayed
PO001678,S011,P0359,2025-04-27,2025-05-09,2025-05-09,173,6921.2,0,On Time
PO001679,S044,P0004,2025-01-01,2025-02-02,2025-02-02,634,12405.85,0,On Time
PO001680,S039,P0469,2025-04-24,2025-05-19,2025-05-19,422,3072.45,0,On Time
PO001681,S031,P0438,2024-06-06,2024-07-29,2024-07-29,949,4294.75,0,On Time
PO001682,S027,P0441,2024-09-01,2024-10-30,2024-10-30,893,198.55,0,On Time
PO001683,S030,P0101,2024-09-16,2024-11-02,2024-11-02,141,3447.3,0,On Time
PO001684,S009,P0066,2024-11-26,2024-12-11,2024-12-11,51,3130.59,0,On Time
PO001685,S011,P0311,2024-02-02,2024-02-14,2024-02-14,745,1790.36,0,On Time
PO001686,S006,P0238,2025-02-28,2025-04-09,2025-04-09,352,3585.67,0,On Time
PO001687,S022,P0393,2025-04-26,2025-05-11,2025-05-11,343,5331.99,0,On Time
PO001688,S014,P0239,2024-06-22,2024-08-15,2024-08-15,489,994.19,0,On Time
PO001689,S007,P0403,2024-08-23,2024-09-26,2024-09-26,285,4758.21,0,On Time
PO001690,S007,P0192,2024-11-14,2024-12-18,2024-12-18,62,1125.21,0,On Time
PO001691,S009,P0478,2025-10-25,2025-11-09,2025-11-09,988,2904.78,0,On Time
PO001692,S038,P0355,2024-09-11,2024-11-07,2024-11-07,586,2289.18,0,On Time
PO001693,S004,P0434,2024-07-19,2024-08-27,2024-08-27,986,17279.7,0,On Time
PO001694,S008,P0254,2024-06-05,2024-06-23,2024-06-23,151,1687.69,0,On Time
PO001695,S022,P0139,2024-02-05,2024-02-20,2024-02-20,763,17747.14,0,On Time
PO001696,S031,P0493,2024-01-31,2024-03-24,2024-03-24,587,12121.06,0,On Time
PO001697,S044,P0447,2024-01-25,2024-02-26,2024-03-09,831,761.66,12,Delayed
PO001698,S039,P0498,2025-08-31,2025-09-25,2025-09-25,891,2678.14,0,On Time
PO001699,S049,P0066,2025-02-23,2025-04-22,2025-04-25,637,13913.76,3,Delayed
PO001700,S009,P0221,2024-08-07,2024-08-22,2024-08-22,497,14166.07,0,On Time
PO001701,S016,P0330,2025-08-16,2025-09-06,2025-09-06,899,3792.44,0,On Time
PO001702,S029,P0251,2025-05-15,2025-06-12,2025-06-12,599,2590.45,0,On Time
PO001703,S016,P0326,2024-05-30,2024-06-20,2024-06-20,793,7075.0,0,On Time
PO001704,S003,P0241,2024-11-06,2024-11-23,2024-11-23,703,4368.8,0,On Time
PO001705,S044,P0137,2025-06-22,2025-07-24,2025-07-24,300,17758.49,0,On Time
PO001706,S029,P0028,2024-12-14,2025-01-11,2025-01-11,960,7552.16,0,On Time
PO001707,S028,P0357,2025-03-26,2025-04-17,2025-04-17,467,5240.22,0,On Time
PO001708,S043,P0234,2024-04-11,2024-05-22,2024-05-22,671,3355.01,0,On Time
PO001709,S038,P0088,2025-02-28,2025-04-26,2025-04-26,18,17245.47,0,On Time
PO001710,S029,P0008,2024-01-12,2024-02-09,2024-02-09,240,5210.1,0,On Time
PO001711,S016,P0403,2025-02-17,2025-03-10,2025-03-10,348,2640.26,0,On Time
PO001712,S033,P0253,2025-01-30,2025-02-11,2025-02-11,554,6724.58,0,On Time
PO001713,S014,P0154,2024-09-10,2024-11-03,2024-11-03,505,15923.93,0,On Time
PO001714,S030,P0047,2025-01-08,2025-02-24,2025-02-24,574,3206.43,0,On Time
PO001715,S011,P0223,2025-08-26,2025-09-07,2025-09-07,314,8757.25,0,On Time
PO001716,S018,P0166,2025-04-25,2025-05-08,2025-05-20,817,1740.65,12,Delayed
PO001717,S002,P0372,2024-08-21,2024-10-01,2024-10-01,658,3957.05,0,On Time
PO001718,S039,P0268,2025-12-18,2026-01-12,2026-01-19,131,11336.83,7,Delayed
PO001719,S049,P0300,2024-04-03,2024-05-31,2024-06-06,620,4055.96,6,Delayed
PO001720,S021,P0465,2024-01-21,2024-02-29,2024-02-29,122,5372.6,0,On Time
PO001721,S044,P0053,2024-07-14,2024-08-15,2024-08-15,915,16967.86,0,On Time
PO001722,S023,P0189,2024-06-16,2024-08-09,2024-08-09,840,4038.74,0,On Time
PO001723,S039,P0294,2024-05-01,2024-05-26,2024-05-26,697,3789.31,0,On Time
PO001724,S048,P0376,2024-06-09,2024-06-25,2024-06-25,455,1889.1,0,On Time
PO001725,S039,P0221,2024-02-29,2024-03-25,2024-04-07,262,3144.78,13,Delayed
PO001726,S029,P0469,2024-06-22,2024-07-20,2024-07-20,666,5645.83,0,On Time
PO001727,S038,P0189,2024-11-03,2024-12-30,2024-12-30,511,8515.32,0,On Time
PO001728,S002,P0177,2024-07-28,2024-09-07,2024-09-07,659,3219.34,0,On Time
PO001729,S023,P0136,2025-09-19,2025-11-12,2025-11-12,805,6210.76,0,On Time
PO001730,S021,P0380,2024-01-28,2024-03-07,2024-03-07,230,2776.08,0,On Time
PO001731,S012,P0039,2025-03-31,2025-04-24,2025-04-24,789,1458.37,0,On Time
PO001732,S043,P0234,2025-09-18,2025-10-29,2025-10-29,585,6595.32,0,On Time
PO001733,S040,P0317,2025-04-16,2025-05-08,2025-05-08,920,5781.74,0,On Time
PO001734,S033,P0011,2025-02-03,2025-02-15,2025-03-01,795,2080.55,14,Delayed
PO001735,S036,P0380,2025-12-19,2025-12-31,2025-12-31,565,4257.04,0,On Time
PO001736,S031,P0131,2024-06-18,2024-08-10,2024-08-10,797,816.61,0,On Time
PO001737,S014,P0425,2025-11-14,2026-01-07,2026-01-17,868,10758.33,10,Delayed
PO001738,S029,P0110,2025-10-30,2025-11-27,2025-12-01,594,6335.76,4,Delayed
PO001739,S044,P0277,2024-08-08,2024-09-09,2024-09-09,841,10923.03,0,On Time
PO001740,S044,P0079,2024-05-08,2024-06-09,2024-06-09,912,8581.64,0,On Time
PO001741,S036,P0384,2024-01-28,2024-02-09,2024-02-09,673,19121.37,0,On Time
PO001742,S050,P0479,2024-09-20,2024-11-04,2024-11-04,843,1635.3,0,On Time
PO001743,S020,P0496,2025-07-01,2025-08-11,2025-08-11,246,7153.5,0,On Time
PO001744,S018,P0083,2025-09-17,2025-09-30,2025-09-30,596,3867.47,0,On Time
PO001745,S017,P0123,2025-09-03,2025-10-10,2025-10-10,748,4422.76,0,On Time
PO001746,S021,P0331,2024-09-09,2024-10-18,2024-10-18,24,13624.29,0,On Time
PO001747,S032,P0018,2024-07-28,2024-09-19,2024-09-19,874,6348.21,0,On Time
PO001748,S017,P0022,2025-12-23,2026-01-29,2026-02-11,727,10239.94,13,Delayed
PO001749,S002,P0301,2025-03-07,2025-04-17,2025-04-25,503,9175.07,8,Delayed
PO001750,S035,P0078,2025-08-24,2025-10-06,2025-10-06,431,5203.12,0,On Time
PO001751,S030,P0284,2024-11-02,2024-12-19,2024-12-19,372,4918.85,0,On Time
PO001752,S041,P0058,2025-12-23,2026-01-15,2026-01-15,658,4950.45,0,On Time
PO001753,S041,P0256,2024-06-02,2024-06-25,2024-06-25,378,1139.37,0,On Time
PO001754,S046,P0224,2025-08-21,2025-08-28,2025-08-28,525,4845.61,0,On Time
PO001755,S045,P0142,2025-11-30,2025-12-07,2025-12-07,808,4877.81,0,On Time
PO001756,S015,P0360,2024-07-05,2024-08-31,2024-08-31,148,775.85,0,On Time
PO001757,S042,P0350,2024-03-20,2024-05-14,2024-05-14,757,3608.23,0,On Time
PO001758,S048,P0211,2024-01-13,2024-01-29,2024-02-08,954,636.26,10,Delayed
PO001759,S018,P0123,2025-07-12,2025-07-25,2025-07-25,569,1625.63,0,On Time
PO001760,S002,P0149,2025-05-03,2025-06-13,2025-06-14,282,1162.88,1,Delayed
PO001761,S034,P0232,2025-11-04,2025-12-08,2025-12-08,604,1515.06,0,On Time
PO001762,S001,P0386,2025-04-01,2025-05-25,2025-05-25,414,2337.86,0,On Time
PO001763,S021,P0228,2025-11-03,2025-12-12,2025-12-12,972,4094.73,0,On Time
PO001764,S019,P0103,2025-07-03,2025-07-15,2025-07-15,647,5373.12,0,On Time
PO001765,S011,P0243,2025-11-09,2025-11-21,2025-11-21,908,1780.85,0,On Time
PO001766,S037,P0194,2024-05-12,2024-07-04,2024-07-04,707,11403.17,0,On Time
PO001767,S043,P0491,2025-02-26,2025-04-08,2025-04-15,70,1869.5,7,Delayed
PO001768,S039,P0098,2024-01-31,2024-02-25,2024-02-25,910,4997.71,0,On Time
PO001769,S032,P0192,2024-10-11,2024-12-03,2024-12-03,12,7038.79,0,On Time
PO001770,S021,P0257,2024-01-20,2024-02-28,2024-02-28,105,13164.29,0,On Time
PO001771,S030,P0490,2025-03-05,2025-04-21,2025-04-21,715,3352.42,0,On Time
PO001772,S006,P0194,2024-05-31,2024-07-10,2024-07-12,440,1162.07,2,Delayed
PO001773,S043,P0060,2025-05-06,2025-06-16,2025-06-16,873,1756.83,0,On Time
PO001774,S049,P0256,2024-06-06,2024-08-03,2024-08-03,97,13737.35,0,On Time
PO001775,S014,P0088,2025-09-27,2025-11-20,2025-11-20,228,8775.38,0,On Time
PO001776,S025,P0225,2024-12-27,2025-02-24,2025-02-24,743,2582.47,0,On Time
PO001777,S017,P0173,2024-08-17,2024-09-23,2024-09-23,589,3737.61,0,On Time
PO001778,S040,P0408,2024-05-20,2024-06-11,2024-06-11,339,13385.07,0,On Time
PO001779,S049,P0017,2025-05-20,2025-07-17,2025-07-17,456,761.31,0,On Time
PO001780,S042,P0188,2025-07-26,2025-09-19,2025-09-19,518,8674.34,0,On Time
PO001781,S013,P0324,2025-01-27,2025-03-16,2025-03-16,278,6713.22,0,On Time
PO001782,S011,P0487,2025-10-29,2025-11-10,2025-11-10,535,2570.14,0,On Time
PO001783,S049,P0151,2025-06-19,2025-08-16,2025-08-16,877,12924.28,0,On Time
PO001784,S014,P0234,2024-04-11,2024-06-04,2024-06-04,522,5769.07,0,On Time
PO001785,S037,P0063,2025-03-29,2025-05-21,2025-05-21,958,4558.94,0,On Time
PO001786,S049,P0292,2025-09-23,2025-11-20,2025-11-20,962,7125.16,0,On Time
PO001787,S029,P0082,2024-06-29,2024-07-27,2024-08-05,429,4155.68,9,Delayed
PO001788,S050,P0121,2024-06-11,2024-07-26,2024-07-26,68,3395.43,0,On Time
PO001789,S040,P0283,2024-11-01,2024-11-23,2024-11-23,198,9021.96,0,On Time
PO001790,S028,P0306,2024-11-05,2024-11-27,2024-11-27,960,32115.67,0,On Time
PO001791,S042,P0218,2025-06-13,2025-08-07,2025-08-07,592,2708.12,0,On Time
PO001792,S011,P0436,2025-01-09,2025-01-21,2025-01-21,292,16969.36,0,On Time
PO001793,S028,P0014,2025-08-28,2025-09-19,2025-09-19,152,5294.62,0,On Time
PO001794,S006,P0114,2024-10-12,2024-11-21,2024-11-27,197,3117.78,6,Delayed
PO001795,S039,P0171,2024-06-11,2024-07-06,2024-07-06,860,3947.58,0,On Time
PO001796,S004,P0236,2024-04-07,2024-05-16,2024-05-16,866,8179.26,0,On Time
PO001797,S029,P0055,2025-11-10,2025-12-08,2025-12-08,178,19162.49,0,On Time
PO001798,S036,P0439,2025-07-08,2025-07-20,2025-07-20,755,3541.26,0,On Time
PO001799,S024,P0278,2024-03-16,2024-04-14,2024-04-14,832,5776.82,0,On Time
PO001800,S012,P0193,2025-07-13,2025-08-06,2025-08-06,651,3486.39,0,On Time
PO001801,S017,P0034,2025-09-14,2025-10-21,2025-10-21,594,5529.66,0,On Time
PO001802,S022,P0454,2025-10-12,2025-10-27,2025-10-27,540,1554.39,0,On Time
PO001803,S048,P0256,2025-09-11,2025-09-27,2025-09-27,851,5201.52,0,On Time
PO001804,S038,P0308,2025-03-27,2025-05-23,2025-05-23,737,3213.56,0,On Time
PO001805,S039,P0175,2024-04-25,2024-05-20,2024-05-20,565,1024.02,0,On Time
PO001806,S046,P0029,2025-03-22,2025-03-29,2025-03-29,653,4000.9,0,On Time
PO001807,S044,P0019,2024-09-07,2024-10-09,2024-10-09,43,902.02,0,On Time
PO001808,S039,P0380,2025-06-22,2025-07-17,2025-07-17,408,4266.32,0,On Time
PO001809,S042,P0356,2024-06-13,2024-08-07,2024-08-07,929,3561.53,0,On Time
PO001810,S028,P0324,2025-09-14,2025-10-06,2025-10-06,821,1335.39,0,On Time
PO001811,S034,P0063,2025-09-03,2025-10-07,2025-10-07,841,31836.64,0,On Time
PO001812,S001,P0114,2024-01-26,2024-03-20,2024-03-20,938,3327.18,0,On Time
PO001813,S025,P0132,2024-11-11,2025-01-09,2025-01-10,314,14116.54,1,Delayed
PO001814,S001,P0093,2024-07-31,2024-09-23,2024-09-23,857,31155.11,0,On Time
PO001815,S009,P0192,2024-04-08,2024-04-23,2024-04-23,608,3370.85,0,On Time
PO001816,S041,P0272,2025-07-25,2025-08-17,2025-08-17,966,7447.94,0,On Time
PO001817,S008,P0353,2025-02-21,2025-03-11,2025-03-12,297,3428.48,1,Delayed
PO001818,S039,P0267,2025-08-20,2025-09-14,2025-09-14,72,8386.81,0,On Time
PO001819,S046,P0124,2025-05-07,2025-05-14,2025-05-29,264,5148.89,15,Delayed
PO001820,S025,P0157,2025-05-04,2025-07-02,2025-07-02,68,43398.18,0,On Time
PO001821,S010,P0243,2024-08-28,2024-09-25,2024-09-25,122,5391.26,0,On Time
PO001822,S032,P0405,2024-02-24,2024-04-17,2024-04-17,730,4055.3,0,On Time
PO001823,S003,P0415,2024-04-01,2024-04-18,2024-04-18,398,7006.54,0,On Time
PO001824,S028,P0256,2025-08-04,2025-08-26,2025-08-26,561,2574.45,0,On Time
PO001825,S034,P0371,2025-10-20,2025-11-23,2025-11-28,666,1430.06,5,Delayed
PO001826,S003,P0445,2024-07-04,2024-07-21,2024-07-21,831,3356.08,0,On Time
PO001827,S024,P0321,2024-10-27,2024-11-25,2024-11-25,181,9757.02,0,On Time
PO001828,S044,P0119,2025-10-05,2025-11-06,2025-11-06,731,4261.85,0,On Time
PO001829,S019,P0113,2024-03-26,2024-04-07,2024-04-07,981,4432.84,0,On Time
PO001830,S008,P0391,2025-04-07,2025-04-25,2025-04-25,997,37699.69,0,On Time
PO001831,S010,P0017,2024-03-22,2024-04-19,2024-04-19,210,1142.75,0,On Time
PO001832,S044,P0279,2024-09-25,2024-10-27,2024-10-27,310,2565.97,0,On Time
PO001833,S003,P0146,2024-08-26,2024-09-12,2024-09-12,203,8695.65,0,On Time
PO001834,S032,P0416,2024-11-24,2025-01-16,2025-01-20,748,3427.5,4,Delayed
PO001835,S037,P0426,2025-01-12,2025-03-06,2025-03-06,693,13062.82,0,On Time
PO001836,S031,P0141,2024-03-27,2024-05-19,2024-05-19,97,5620.64,0,On Time
PO001837,S017,P0112,2025-07-13,2025-08-19,2025-08-19,74,4799.05,0,On Time
PO001838,S049,P0064,2025-11-30,2026-01-27,2026-01-27,889,11799.28,0,On Time
PO001839,S046,P0276,2025-06-02,2025-06-09,2025-06-09,586,1989.73,0,On Time
PO001840,S050,P0079,2024-04-01,2024-05-16,2024-05-16,604,3427.58,0,On Time
PO001841,S016,P0250,2024-06-10,2024-07-01,2024-07-01,548,5740.19,0,On Time
PO001842,S028,P0049,2025-02-27,2025-03-21,2025-03-21,16,5060.59,0,On Time
PO001843,S020,P0002,2024-11-01,2024-12-12,2024-12-12,370,1525.65,0,On Time
PO001844,S047,P0016,2024-10-01,2024-11-18,2024-11-18,516,1836.0,0,On Time
PO001845,S046,P0372,2025-05-17,2025-05-24,2025-05-24,313,25364.56,0,On Time
PO001846,S004,P0163,2025-12-23,2026-01-31,2026-02-12,145,642.01,12,Delayed
PO001847,S013,P0344,2025-08-10,2025-09-27,2025-10-10,147,2600.69,13,Delayed
PO001848,S016,P0376,2025-10-01,2025-10-22,2025-10-22,177,3548.24,0,On Time
PO001849,S038,P0115,2024-02-07,2024-04-04,2024-04-04,114,4816.89,0,On Time
PO001850,S044,P0063,2025-05-02,2025-06-03,2025-06-03,677,3322.22,0,On Time
PO001851,S017,P0039,2024-05-10,2024-06-16,2024-06-16,649,842.69,0,On Time
PO001852,S028,P0252,2024-06-15,2024-07-07,2024-07-07,602,1237.32,0,On Time
PO001853,S005,P0017,2025-05-06,2025-06-24,2025-07-07,506,2639.73,13,Delayed
PO001854,S027,P0004,2024-08-22,2024-10-20,2024-10-20,355,2639.25,0,On Time
PO001855,S003,P0443,2024-12-28,2025-01-14,2025-01-14,437,8083.39,0,On Time
PO001856,S017,P0393,2025-07-14,2025-08-20,2025-08-20,407,4478.91,0,On Time
PO001857,S040,P0200,2024-08-27,2024-09-18,2024-09-18,102,4919.91,0,On Time
PO001858,S020,P0341,2025-01-12,2025-02-22,2025-02-22,694,12959.69,0,On Time
PO001859,S042,P0371,2025-10-26,2025-12-20,2025-12-20,410,2023.8,0,On Time
PO001860,S032,P0041,2024-11-13,2025-01-05,2025-01-05,352,2627.73,0,On Time
PO001861,S040,P0219,2024-03-15,2024-04-06,2024-04-06,537,32770.02,0,On Time
PO001862,S019,P0325,2025-10-03,2025-10-15,2025-10-15,235,16163.64,0,On Time
PO001863,S040,P0434,2025-06-24,2025-07-16,2025-07-16,883,13940.8,0,On Time
PO001864,S012,P0138,2024-09-24,2024-10-18,2024-10-18,617,2557.27,0,On Time
PO001865,S002,P0380,2025-06-09,2025-07-20,2025-07-20,715,6052.5,0,On Time
PO001866,S028,P0112,2025-11-16,2025-12-08,2025-12-08,382,1356.39,0,On Time
PO001867,S040,P0462,2024-08-08,2024-08-30,2024-08-30,369,4753.21,0,On Time
PO001868,S046,P0480,2024-07-09,2024-07-16,2024-07-16,127,10123.31,0,On Time
PO001869,S004,P0031,2024-06-13,2024-07-22,2024-08-01,407,7203.41,10,Delayed
PO001870,S039,P0197,2024-02-14,2024-03-10,2024-03-14,112,9767.16,4,Delayed
PO001871,S045,P0338,2024-02-22,2024-02-29,2024-02-29,116,3144.62,0,On Time
PO001872,S017,P0110,2025-05-27,2025-07-03,2025-07-03,630,2916.26,0,On Time
PO001873,S027,P0139,2025-09-03,2025-11-01,2025-11-01,445,9764.07,0,On Time
PO001874,S036,P0350,2025-10-10,2025-10-22,2025-10-31,304,5133.85,9,Delayed
PO001875,S033,P0339,2024-04-23,2024-05-05,2024-05-05,470,3488.1,0,On Time
PO001876,S030,P0176,2024-03-22,2024-05-08,2024-05-08,356,7929.23,0,On Time
PO001877,S008,P0235,2025-12-21,2026-01-08,2026-01-08,272,4431.23,0,On Time
PO001878,S016,P0439,2025-06-01,2025-06-22,2025-07-02,449,4972.03,10,Delayed
PO001879,S019,P0386,2024-07-24,2024-08-05,2024-08-05,961,13427.13,0,On Time
PO001880,S038,P0224,2025-09-04,2025-10-31,2025-11-07,227,1682.9,7,Delayed
PO001881,S047,P0151,2025-05-24,2025-07-11,2025-07-11,160,1371.14,0,On Time
PO001882,S029,P0119,2024-06-30,2024-07-28,2024-07-28,665,8825.89,0,On Time
PO001883,S010,P0085,2024-06-18,2024-07-16,2024-07-16,784,3512.81,0,On Time
PO001884,S021,P0136,2024-01-09,2024-02-17,2024-02-17,858,4638.89,0,On Time
PO001885,S031,P0287,2024-08-05,2024-09-27,2024-10-07,24,6119.97,10,Delayed
PO001886,S031,P0305,2024-06-21,2024-08-13,2024-08-13,390,786.27,0,On Time
PO001887,S016,P0296,2025-06-21,2025-07-12,2025-07-12,488,6707.08,0,On Time
PO001888,S032,P0140,2024-03-19,2024-05-11,2024-05-11,201,2377.7,0,On Time
PO001889,S006,P0118,2025-07-10,2025-08-19,2025-08-19,637,21583.68,0,On Time
PO001890,S004,P0314,2024-07-04,2024-08-12,2024-08-12,999,3702.86,0,On Time
PO001891,S026,P0303,2025-03-01,2025-03-25,2025-03-25,408,2533.84,0,On Time
PO001892,S037,P0482,2025-04-15,2025-06-07,2025-06-07,430,6152.98,0,On Time
PO001893,S050,P0197,2024-10-15,2024-11-29,2024-11-29,573,4738.42,0,On Time
PO001894,S026,P0096,2025-04-28,2025-05-22,2025-05-22,669,3260.25,0,On Time
PO001895,S043,P0008,2025-06-19,2025-07-30,2025-07-30,494,5066.27,0,On Time
PO001896,S002,P0089,2024-07-23,2024-09-02,2024-09-02,348,9900.56,0,On Time
PO001897,S031,P0431,2024-08-04,2024-09-26,2024-09-26,686,6842.04,0,On Time
PO001898,S031,P0422,2024-04-21,2024-06-13,2024-06-23,251,8402.34,10,Delayed
PO001899,S043,P0047,2024-05-07,2024-06-17,2024-06-17,700,1934.96,0,On Time
PO001900,S042,P0306,2024-02-26,2024-04-21,2024-04-21,163,5064.13,0,On Time
PO001901,S022,P0059,2025-08-04,2025-08-19,2025-08-19,396,1966.37,0,On Time
PO001902,S008,P0016,2024-08-13,2024-08-31,2024-08-31,544,775.63,0,On Time
PO001903,S014,P0341,2024-10-17,2024-12-10,2024-12-10,283,5724.55,0,On Time
PO001904,S049,P0172,2024-01-21,2024-03-19,2024-03-19,200,2663.71,0,On Time
PO001905,S031,P0391,2025-02-22,2025-04-16,2025-04-21,246,9415.72,5,Delayed
PO001906,S018,P0176,2025-09-16,2025-09-29,2025-09-29,364,7808.33,0,On Time
PO001907,S037,P0219,2025-05-13,2025-07-05,2025-07-05,427,10232.28,0,On Time
PO001908,S034,P0368,2025-09-14,2025-10-18,2025-11-01,566,19144.5,14,Delayed
PO001909,S010,P0381,2025-09-15,2025-10-13,2025-10-13,564,2531.88,0,On Time
PO001910,S032,P0241,2025-12-10,2026-02-01,2026-02-08,155,3999.99,7,Delayed
PO001911,S032,P0365,2024-07-12,2024-09-03,2024-09-03,479,1092.87,0,On Time
PO001912,S010,P0068,2025-04-23,2025-05-21,2025-05-21,540,7410.46,0,On Time
PO001913,S040,P0397,2024-01-12,2024-02-03,2024-02-03,242,11221.34,0,On Time
PO001914,S039,P0471,2024-07-26,2024-08-20,2024-08-20,362,28942.59,0,On Time
PO001915,S023,P0419,2025-02-12,2025-04-07,2025-04-07,934,21091.3,0,On Time
PO001916,S037,P0411,2025-06-24,2025-08-16,2025-08-16,711,2302.61,0,On Time
PO001917,S012,P0206,2024-06-18,2024-07-12,2024-07-12,526,3780.49,0,On Time
PO001918,S047,P0152,2025-03-10,2025-04-27,2025-05-09,432,4666.74,12,Delayed
PO001919,S025,P0166,2024-11-18,2025-01-16,2025-01-16,207,2701.14,0,On Time
PO001920,S049,P0366,2025-06-08,2025-08-05,2025-08-05,748,3403.15,0,On Time
PO001921,S030,P0145,2024-01-25,2024-03-12,2024-03-12,679,1146.07,0,On Time
PO001922,S003,P0455,2025-11-27,2025-12-14,2025-12-14,536,18964.81,0,On Time
PO001923,S015,P0148,2024-02-28,2024-04-25,2024-04-25,357,2699.17,0,On Time
PO001924,S034,P0454,2024-05-25,2024-06-28,2024-06-28,543,3286.72,0,On Time
PO001925,S018,P0306,2024-12-30,2025-01-12,2025-01-14,718,7243.05,2,Delayed
PO001926,S008,P0058,2024-07-08,2024-07-26,2024-07-26,366,6411.09,0,On Time
PO001927,S023,P0243,2025-11-26,2026-01-19,2026-01-19,352,13011.52,0,On Time
PO001928,S008,P0029,2024-11-19,2024-12-07,2024-12-18,599,2323.84,11,Delayed
PO001929,S050,P0245,2025-02-05,2025-03-22,2025-03-22,936,3766.2,0,On Time
PO001930,S050,P0227,2024-03-28,2024-05-12,2024-05-12,386,10381.54,0,On Time
PO001931,S021,P0004,2025-10-03,2025-11-11,2025-11-11,139,3335.94,0,On Time
PO001932,S017,P0474,2024-06-02,2024-07-09,2024-07-09,946,1471.71,0,On Time
PO001933,S024,P0119,2025-05-23,2025-06-21,2025-06-21,483,65216.84,0,On Time
PO001934,S009,P0059,2024-11-19,2024-12-04,2024-12-09,10,5413.44,5,Delayed
PO001935,S027,P0023,2024-11-11,2025-01-09,2025-01-09,470,17586.77,0,On Time
PO001936,S048,P0421,2024-03-15,2024-03-31,2024-03-31,265,13348.04,0,On Time
PO001937,S006,P0440,2025-12-20,2026-01-29,2026-01-29,125,1452.74,0,On Time
PO001938,S014,P0370,2025-10-26,2025-12-19,2025-12-19,627,2394.31,0,On Time
PO001939,S004,P0336,2025-12-09,2026-01-17,2026-01-17,296,3888.56,0,On Time
PO001940,S039,P0447,2024-06-07,2024-07-02,2024-07-02,47,1588.38,0,On Time
PO001941,S022,P0250,2024-03-22,2024-04-06,2024-04-06,769,13807.07,0,On Time
PO001942,S021,P0166,2024-10-25,2024-12-03,2024-12-07,632,2551.87,4,Delayed
PO001943,S019,P0082,2025-03-09,2025-03-21,2025-03-21,618,4908.58,0,On Time
PO001944,S042,P0079,2025-10-13,2025-12-07,2025-12-07,458,10565.27,0,On Time
PO001945,S002,P0354,2025-08-28,2025-10-08,2025-10-23,711,6645.72,15,Delayed
PO001946,S029,P0449,2025-04-15,2025-05-13,2025-05-28,29,1277.49,15,Delayed
PO001947,S028,P0135,2025-09-20,2025-10-12,2025-10-18,953,3100.72,6,Delayed
PO001948,S010,P0320,2024-04-25,2024-05-23,2024-05-23,293,5490.25,0,On Time
PO001949,S003,P0103,2024-02-18,2024-03-06,2024-03-06,162,14875.69,0,On Time
PO001950,S030,P0483,2025-12-13,2026-01-29,2026-01-29,638,18379.63,0,On Time
PO001951,S042,P0117,2025-12-09,2026-02-02,2026-02-02,431,1969.46,0,On Time
PO001952,S007,P0106,2024-02-12,2024-03-17,2024-03-17,647,5728.5,0,On Time
PO001953,S017,P0270,2024-07-15,2024-08-21,2024-08-21,871,9834.14,0,On Time
PO001954,S018,P0097,2024-06-26,2024-07-09,2024-07-09,981,43697.57,0,On Time
PO001955,S024,P0365,2025-11-12,2025-12-11,2025-12-11,975,1586.17,0,On Time
PO001956,S045,P0251,2025-03-19,2025-03-26,2025-03-26,66,4821.74,0,On Time
PO001957,S049,P0484,2025-12-28,2026-02-24,2026-02-24,871,28469.81,0,On Time
PO001958,S032,P0233,2025-10-27,2025-12-19,2025-12-30,701,6070.72,11,Delayed
PO001959,S016,P0403,2024-08-13,2024-09-03,2024-09-03,979,2480.41,0,On Time
PO001960,S021,P0454,2025-01-02,2025-02-10,2025-02-10,729,3588.67,0,On Time
PO001961,S006,P0480,2025-07-20,2025-08-29,2025-08-29,960,2599.92,0,On Time
PO001962,S040,P0416,2024-03-04,2024-03-26,2024-03-26,428,5027.89,0,On Time
PO001963,S038,P0218,2025-10-14,2025-12-10,2025-12-10,84,1894.85,0,On Time
PO001964,S048,P0029,2024-05-08,2024-05-24,2024-05-24,609,1093.09,0,On Time
PO001965,S026,P0294,2025-12-06,2025-12-30,2025-12-30,327,14413.81,0,On Time
PO001966,S027,P0131,2025-03-07,2025-05-05,2025-05-05,624,11479.05,0,On Time
PO001967,S028,P0253,2025-04-12,2025-05-04,2025-05-04,792,10589.32,0,On Time
PO001968,S009,P0433,2024-02-25,2024-03-11,2024-03-18,586,4486.54,7,Delayed
PO001969,S004,P0065,2024-09-15,2024-10-24,2024-10-24,615,1077.43,0,On Time
PO001970,S024,P0479,2024-06-16,2024-07-15,2024-07-15,778,7777.0,0,On Time
PO001971,S045,P0183,2025-07-17,2025-07-24,2025-07-24,898,2453.98,0,On Time
PO001972,S017,P0173,2024-03-31,2024-05-07,2024-05-07,75,2851.28,0,On Time
PO001973,S001,P0306,2024-12-27,2025-02-19,2025-02-26,997,9307.86,7,Delayed
PO001974,S030,P0136,2024-04-29,2024-06-15,2024-06-15,623,8108.04,0,On Time
PO001975,S048,P0112,2024-01-30,2024-02-15,2024-02-15,762,4755.06,0,On Time
PO001976,S049,P0237,2025-06-15,2025-08-12,2025-08-12,843,8187.78,0,On Time
PO001977,S021,P0357,2025-03-20,2025-04-28,2025-04-28,737,1044.61,0,On Time
PO001978,S015,P0174,2025-10-01,2025-11-27,2025-12-11,256,13851.26,14,Delayed
PO001979,S013,P0348,2025-07-29,2025-09-15,2025-09-15,635,7424.03,0,On Time
PO001980,S042,P0327,2025-04-15,2025-06-09,2025-06-09,193,7620.74,0,On Time
PO001981,S020,P0074,2025-10-09,2025-11-19,2025-11-25,36,5670.1,6,Delayed
PO001982,S041,P0173,2025-06-27,2025-07-20,2025-07-20,49,2508.65,0,On Time
PO001983,S002,P0189,2025-02-05,2025-03-18,2025-03-18,854,4024.53,0,On Time
PO001984,S035,P0319,2025-11-15,2025-12-28,2025-12-28,441,8001.03,0,On Time
PO001985,S050,P0133,2025-04-18,2025-06-02,2025-06-02,756,1652.8,0,On Time
PO001986,S022,P0080,2025-01-20,2025-02-04,2025-02-07,868,6470.74,3,Delayed
PO001987,S013,P0324,2024-11-01,2024-12-19,2024-12-19,325,1991.79,0,On Time
PO001988,S006,P0437,2025-10-10,2025-11-19,2025-11-19,272,3355.36,0,On Time
PO001989,S038,P0061,2024-04-03,2024-05-30,2024-05-30,900,4982.91,0,On Time
PO001990,S045,P0220,2024-11-05,2024-11-12,2024-11-12,37,1369.5,0,On Time
PO001991,S045,P0135,2025-08-13,2025-08-20,2025-08-20,69,2077.56,0,On Time
PO001992,S011,P0348,2025-06-16,2025-06-28,2025-06-28,492,6237.27,0,On Time
PO001993,S026,P0438,2025-11-20,2025-12-14,2025-12-28,40,4088.6,14,Delayed
PO001994,S004,P0414,2025-04-06,2025-05-15,2025-05-15,893,4196.74,0,On Time
PO001995,S045,P0136,2025-08-11,2025-08-18,2025-08-18,791,13731.72,0,On Time
PO001996,S011,P0291,2025-07-09,2025-07-21,2025-08-04,999,11985.42,14,Delayed
PO001997,S012,P0380,2025-01-21,2025-02-14,2025-02-14,854,2450.68,0,On Time
PO001998,S006,P0371,2024-10-22,2024-12-01,2024-12-01,906,6616.44,0,On Time
PO001999,S033,P0166,2025-02-21,2025-03-05,2025-03-05,937,12329.93,0,On Time
PO002000,S047,P0367,2025-01-29,2025-03-18,2025-03-18,201,5801.05,0,On Time
PO002001,S021,P0241,2024-07-04,2024-08-12,2024-08-12,46,1698.66,0,On Time
PO002002,S026,P0384,2025-10-24,2025-11-17,2025-11-17,451,10134.27,0,On Time
PO002003,S022,P0192,2025-06-28,2025-07-13,2025-07-13,573,3129.08,0,On Time
PO002004,S013,P0142,2025-06-12,2025-07-30,2025-07-30,873,2248.23,0,On Time
PO002005,S040,P0301,2024-11-21,2024-12-13,2024-12-13,989,4799.48,0,On Time
PO002006,S026,P0045,2025-06-12,2025-07-06,2025-07-06,372,15618.78,0,On Time
PO002007,S029,P0086,2025-02-07,2025-03-07,2025-03-07,316,1108.5,0,On Time
PO002008,S046,P0257,2024-11-25,2024-12-02,2024-12-02,158,2711.41,0,On Time
PO002009,S032,P0363,2025-07-21,2025-09-12,2025-09-12,29,1738.37,0,On Time
PO002010,S002,P0368,2025-10-24,2025-12-04,2025-12-04,563,9578.77,0,On Time
PO002011,S023,P0006,2025-09-08,2025-11-01,2025-11-01,263,2774.79,0,On Time
PO002012,S017,P0431,2025-09-08,2025-10-15,2025-10-15,565,13102.02,0,On Time
PO002013,S026,P0129,2025-07-13,2025-08-06,2025-08-06,857,450.71,0,On Time
PO002014,S028,P0040,2025-02-09,2025-03-03,2025-03-03,96,8371.16,0,On Time
PO002015,S015,P0321,2024-04-13,2024-06-09,2024-06-09,675,2189.75,0,On Time
PO002016,S050,P0125,2024-12-01,2025-01-15,2025-01-17,365,5448.33,2,Delayed
PO002017,S010,P0228,2024-12-27,2025-01-24,2025-01-24,745,1530.41,0,On Time
PO002018,S025,P0074,2024-04-29,2024-06-27,2024-06-27,967,11332.06,0,On Time
PO002019,S001,P0192,2025-06-12,2025-08-05,2025-08-20,640,4621.18,15,Delayed
PO002020,S018,P0301,2025-03-05,2025-03-18,2025-03-18,928,4290.91,0,On Time
PO002021,S049,P0422,2024-10-26,2024-12-23,2024-12-23,427,6815.37,0,On Time
PO002022,S013,P0138,2025-01-16,2025-03-05,2025-03-05,14,11845.75,0,On Time
PO002023,S046,P0100,2025-02-01,2025-02-08,2025-02-08,729,20511.62,0,On Time
PO002024,S014,P0055,2025-05-14,2025-07-07,2025-07-07,705,3012.36,0,On Time
PO002025,S008,P0053,2025-10-13,2025-10-31,2025-11-03,906,14243.79,3,Delayed
PO002026,S040,P0243,2024-01-17,2024-02-08,2024-02-20,352,8173.2,12,Delayed
PO002027,S005,P0305,2025-11-16,2026-01-04,2026-01-04,496,11538.29,0,On Time
PO002028,S044,P0315,2024-08-14,2024-09-15,2024-09-15,444,3600.43,0,On Time
PO002029,S031,P0155,2025-05-30,2025-07-22,2025-07-22,247,4428.17,0,On Time
PO002030,S038,P0046,2024-10-13,2024-12-09,2024-12-09,333,9637.72,0,On Time
PO002031,S039,P0123,2025-11-19,2025-12-14,2025-12-18,955,21434.19,4,Delayed
PO002032,S040,P0006,2024-12-26,2025-01-17,2025-01-17,462,4416.27,0,On Time
PO002033,S008,P0430,2025-02-23,2025-03-13,2025-03-13,559,5277.83,0,On Time
PO002034,S019,P0174,2025-09-13,2025-09-25,2025-09-25,65,23811.47,0,On Time
PO002035,S041,P0233,2025-01-25,2025-02-17,2025-02-17,573,1496.68,0,On Time
PO002036,S009,P0303,2025-02-19,2025-03-06,2025-03-06,688,5326.52,0,On Time
PO002037,S014,P0445,2024-01-29,2024-03-23,2024-03-23,985,20185.0,0,On Time
PO002038,S029,P0234,2024-07-04,2024-08-01,2024-08-05,476,13221.62,4,Delayed
PO002039,S041,P0478,2024-11-24,2024-12-17,2024-12-17,178,4804.55,0,On Time
PO002040,S026,P0301,2025-03-04,2025-03-28,2025-03-28,546,1907.6,0,On Time
PO002041,S032,P0481,2024-12-31,2025-02-22,2025-02-22,41,7149.29,0,On Time
PO002042,S036,P0500,2025-05-08,2025-05-20,2025-05-20,965,44719.79,0,On Time
PO002043,S018,P0258,2024-11-21,2024-12-04,2024-12-13,545,6979.7,9,Delayed
PO002044,S040,P0285,2024-07-09,2024-07-31,2024-07-31,280,27047.04,0,On Time
PO002045,S044,P0500,2024-06-10,2024-07-12,2024-07-12,144,2378.08,0,On Time
PO002046,S014,P0412,2025-03-26,2025-05-19,2025-05-19,793,7103.67,0,On Time
PO002047,S019,P0383,2025-03-20,2025-04-01,2025-04-01,85,15761.59,0,On Time
PO002048,S030,P0051,2025-09-22,2025-11-08,2025-11-08,83,9501.85,0,On Time
PO002049,S047,P0180,2024-10-09,2024-11-26,2024-11-26,414,5184.64,0,On Time
PO002050,S044,P0002,2025-07-07,2025-08-08,2025-08-08,374,22913.24,0,On Time
PO002051,S014,P0101,2024-12-14,2025-02-06,2025-02-06,705,21073.61,0,On Time
PO002052,S003,P0206,2024-08-06,2024-08-23,2024-08-23,935,6314.78,0,On Time
PO002053,S022,P0282,2024-11-12,2024-11-27,2024-11-27,480,9010.43,0,On Time
PO002054,S036,P0479,2025-04-27,2025-05-09,2025-05-09,919,3979.5,0,On Time
PO002055,S030,P0481,2025-12-17,2026-02-02,2026-02-02,87,10038.87,0,On Time
PO002056,S044,P0139,2025-07-08,2025-08-09,2025-08-22,755,7070.76,13,Delayed
PO002057,S037,P0192,2024-10-19,2024-12-11,2024-12-11,215,7674.0,0,On Time
PO002058,S040,P0221,2024-10-30,2024-11-21,2024-11-21,38,2454.7,0,On Time
PO002059,S003,P0012,2025-10-11,2025-10-28,2025-10-28,835,1122.81,0,On Time
PO002060,S026,P0060,2024-03-08,2024-04-01,2024-04-01,521,6054.18,0,On Time
PO002061,S037,P0027,2025-05-25,2025-07-17,2025-07-17,442,554.21,0,On Time
PO002062,S045,P0373,2024-03-28,2024-04-04,2024-04-04,769,36607.18,0,On Time
PO002063,S007,P0314,2024-12-16,2025-01-19,2025-01-27,279,14902.84,8,Delayed
PO002064,S011,P0286,2024-04-09,2024-04-21,2024-04-21,673,2763.42,0,On Time
PO002065,S037,P0485,2024-09-04,2024-10-27,2024-10-27,904,2517.76,0,On Time
PO002066,S047,P0321,2024-03-02,2024-04-19,2024-04-19,27,2405.13,0,On Time
PO002067,S009,P0055,2025-10-24,2025-11-08,2025-11-21,810,1984.04,13,Delayed
PO002068,S043,P0160,2025-06-05,2025-07-16,2025-07-16,339,20699.12,0,On Time
PO002069,S041,P0126,2024-07-03,2024-07-26,2024-07-26,271,10155.23,0,On Time
PO002070,S042,P0346,2025-04-02,2025-05-27,2025-05-27,976,11455.12,0,On Time
PO002071,S040,P0131,2025-10-04,2025-10-26,2025-10-26,422,5717.94,0,On Time
PO002072,S049,P0466,2024-10-29,2024-12-26,2024-12-26,913,11263.28,0,On Time
PO002073,S041,P0288,2025-08-01,2025-08-24,2025-08-24,716,1968.46,0,On Time
PO002074,S041,P0288,2024-11-29,2024-12-22,2024-12-22,118,1388.32,0,On Time
PO002075,S023,P0043,2025-11-18,2026-01-11,2026-01-11,483,5793.07,0,On Time
PO002076,S035,P0395,2024-11-17,2024-12-30,2024-12-30,551,3489.08,0,On Time
PO002077,S039,P0351,2024-03-17,2024-04-11,2024-04-11,453,7422.88,0,On Time
PO002078,S031,P0107,2025-09-10,2025-11-02,2025-11-02,820,2137.99,0,On Time
PO002079,S024,P0361,2024-04-15,2024-05-14,2024-05-14,76,16545.48,0,On Time
PO002080,S018,P0186,2025-01-24,2025-02-06,2025-02-06,741,3086.83,0,On Time
PO002081,S011,P0228,2024-07-30,2024-08-11,2024-08-11,501,619.08,0,On Time
PO002082,S026,P0499,2025-09-06,2025-09-30,2025-09-30,519,9184.35,0,On Time
PO002083,S046,P0433,2025-04-28,2025-05-05,2025-05-11,97,9071.69,6,Delayed
PO002084,S005,P0007,2025-12-15,2026-02-02,2026-02-02,115,5450.43,0,On Time
PO002085,S009,P0133,2024-05-27,2024-06-11,2024-06-11,761,13218.44,0,On Time
PO002086,S021,P0058,2024-11-25,2025-01-03,2025-01-03,448,21189.46,0,On Time
PO002087,S013,P0461,2025-07-06,2025-08-23,2025-08-26,186,4770.27,3,Delayed
PO002088,S005,P0444,2025-01-29,2025-03-19,2025-03-19,757,3103.09,0,On Time
PO002089,S012,P0163,2024-02-23,2024-03-18,2024-03-18,988,4444.45,0,On Time
PO002090,S040,P0063,2025-11-06,2025-11-28,2025-12-09,296,1279.43,11,Delayed
PO002091,S032,P0305,2025-04-09,2025-06-01,2025-06-01,335,11161.94,0,On Time
PO002092,S045,P0477,2025-02-21,2025-02-28,2025-02-28,950,6792.09,0,On Time
PO002093,S045,P0287,2025-04-27,2025-05-04,2025-05-04,12,4327.29,0,On Time
PO002094,S050,P0460,2025-09-23,2025-11-07,2025-11-07,55,4937.09,0,On Time
PO002095,S019,P0313,2024-03-16,2024-03-28,2024-03-28,759,3864.2,0,On Time
PO002096,S009,P0266,2025-10-13,2025-10-28,2025-10-28,291,1812.25,0,On Time
PO002097,S050,P0033,2025-10-14,2025-11-28,2025-11-28,687,11781.47,0,On Time
PO002098,S031,P0485,2025-05-22,2025-07-14,2025-07-14,820,13442.7,0,On Time
PO002099,S028,P0330,2025-02-28,2025-03-22,2025-03-22,411,2923.71,0,On Time
PO002100,S019,P0242,2024-01-21,2024-02-02,2024-02-02,197,6906.59,0,On Time
PO002101,S046,P0314,2024-09-04,2024-09-11,2024-09-11,926,8005.29,0,On Time
PO002102,S042,P0427,2025-06-20,2025-08-14,2025-08-14,255,867.81,0,On Time
PO002103,S002,P0362,2025-08-13,2025-09-23,2025-10-03,978,36037.81,10,Delayed
PO002104,S045,P0287,2024-12-30,2025-01-06,2025-01-13,537,3338.83,7,Delayed
PO002105,S038,P0066,2024-06-03,2024-07-30,2024-07-30,415,1112.5,0,On Time
PO002106,S046,P0143,2025-09-21,2025-09-28,2025-10-05,370,10450.96,7,Delayed
PO002107,S008,P0089,2024-06-08,2024-06-26,2024-06-26,986,9651.03,0,On Time
PO002108,S027,P0167,2024-05-26,2024-07-24,2024-07-24,454,2418.83,0,On Time
PO002109,S046,P0005,2025-06-15,2025-06-22,2025-06-22,701,15612.71,0,On Time
PO002110,S009,P0353,2025-06-06,2025-06-21,2025-06-21,942,3373.1,0,On Time
PO002111,S030,P0001,2024-01-09,2024-02-25,2024-02-25,860,53934.65,0,On Time
PO002112,S020,P0134,2025-04-27,2025-06-07,2025-06-07,957,2188.68,0,On Time
PO002113,S010,P0029,2024-08-16,2024-09-13,2024-09-13,169,1760.81,0,On Time
PO002114,S024,P0007,2024-07-22,2024-08-20,2024-08-20,673,9285.29,0,On Time
PO002115,S023,P0228,2025-08-17,2025-10-10,2025-10-21,351,5732.93,11,Delayed
PO002116,S045,P0051,2025-06-06,2025-06-13,2025-06-13,417,1170.03,0,On Time
PO002117,S019,P0482,2025-02-16,2025-02-28,2025-03-05,769,2366.69,5,Delayed
PO002118,S014,P0131,2025-07-26,2025-09-18,2025-09-18,355,16341.33,0,On Time
PO002119,S019,P0485,2024-01-24,2024-02-05,2024-02-16,739,372.96,11,Delayed
PO002120,S008,P0282,2025-04-30,2025-05-18,2025-05-18,734,3896.62,0,On Time
PO002121,S003,P0253,2025-10-15,2025-11-01,2025-11-01,376,1574.89,0,On Time
PO002122,S009,P0303,2024-03-05,2024-03-20,2024-03-20,786,22792.17,0,On Time
PO002123,S029,P0265,2024-04-26,2024-05-24,2024-05-24,746,25536.4,0,On Time
PO002124,S001,P0233,2025-09-27,2025-11-20,2025-11-20,162,5415.82,0,On Time
PO002125,S037,P0303,2025-04-18,2025-06-10,2025-06-10,651,9414.58,0,On Time
PO002126,S010,P0452,2024-02-03,2024-03-02,2024-03-02,459,1888.93,0,On Time
PO002127,S009,P0449,2025-02-21,2025-03-08,2025-03-08,400,7592.33,0,On Time
PO002128,S045,P0481,2024-12-04,2024-12-11,2024-12-11,199,5186.33,0,On Time
PO002129,S010,P0419,2024-10-13,2024-11-10,2024-11-10,450,3120.54,0,On Time
PO002130,S015,P0288,2024-10-01,2024-11-27,2024-12-09,780,7426.99,12,Delayed
PO002131,S039,P0200,2024-11-10,2024-12-05,2024-12-05,305,14692.93,0,On Time
PO002132,S020,P0268,2025-02-24,2025-04-06,2025-04-06,76,8281.52,0,On Time
PO002133,S035,P0118,2025-08-04,2025-09-16,2025-09-16,577,7618.67,0,On Time
PO002134,S018,P0120,2024-02-20,2024-03-04,2024-03-04,401,2041.5,0,On Time
PO002135,S009,P0387,2025-10-11,2025-10-26,2025-11-09,80,6580.41,14,Delayed
PO002136,S011,P0150,2024-08-30,2024-09-11,2024-09-11,329,20465.3,0,On Time
PO002137,S033,P0058,2024-12-26,2025-01-07,2025-01-07,31,2032.91,0,On Time
PO002138,S019,P0340,2025-01-17,2025-01-29,2025-01-29,823,6187.09,0,On Time
PO002139,S040,P0181,2024-01-26,2024-02-17,2024-02-17,692,16583.35,0,On Time
PO002140,S048,P0182,2025-01-26,2025-02-11,2025-02-11,41,2369.19,0,On Time
PO002141,S022,P0474,2024-02-21,2024-03-07,2024-03-07,69,16169.57,0,On Time
PO002142,S047,P0174,2025-10-29,2025-12-16,2025-12-16,858,13932.17,0,On Time
PO002143,S047,P0460,2025-05-16,2025-07-03,2025-07-03,889,8600.46,0,On Time
PO002144,S035,P0441,2024-03-29,2024-05-11,2024-05-11,415,22046.69,0,On Time
PO002145,S020,P0232,2025-01-05,2025-02-15,2025-02-22,795,14369.01,7,Delayed
PO002146,S016,P0024,2024-10-24,2024-11-14,2024-11-14,565,9622.53,0,On Time
PO002147,S008,P0180,2025-02-22,2025-03-12,2025-03-12,441,915.09,0,On Time
PO002148,S004,P0443,2025-02-15,2025-03-26,2025-03-26,187,2441.11,0,On Time
PO002149,S017,P0334,2025-09-18,2025-10-25,2025-10-25,752,6644.68,0,On Time
PO002150,S034,P0272,2025-03-14,2025-04-17,2025-04-17,568,1332.99,0,On Time
PO002151,S018,P0448,2024-05-29,2024-06-11,2024-06-15,162,7936.6,4,Delayed
PO002152,S026,P0386,2024-03-20,2024-04-13,2024-04-19,995,10835.88,6,Delayed
PO002153,S041,P0443,2024-07-14,2024-08-06,2024-08-06,952,5407.89,0,On Time
PO002154,S032,P0466,2025-11-13,2026-01-05,2026-01-05,186,3691.82,0,On Time
PO002155,S025,P0255,2024-10-10,2024-12-08,2024-12-08,681,759.86,0,On Time
PO002156,S040,P0162,2025-12-04,2025-12-26,2025-12-26,373,3085.08,0,On Time
PO002157,S041,P0390,2024-05-22,2024-06-14,2024-06-14,260,1011.18,0,On Time
PO002158,S047,P0334,2024-02-18,2024-04-06,2024-04-06,932,4002.99,0,On Time
PO002159,S008,P0097,2024-11-21,2024-12-09,2024-12-09,826,1808.83,0,On Time
PO002160,S043,P0306,2024-11-25,2025-01-05,2025-01-05,36,7494.24,0,On Time
PO002161,S006,P0273,2024-05-04,2024-06-13,2024-06-13,363,4000.33,0,On Time
PO002162,S044,P0485,2024-03-30,2024-05-01,2024-05-01,320,4437.32,0,On Time
PO002163,S018,P0412,2025-10-15,2025-10-28,2025-10-28,143,10607.84,0,On Time
PO002164,S011,P0295,2025-11-24,2025-12-06,2025-12-06,403,2569.63,0,On Time
PO002165,S041,P0099,2025-05-10,2025-06-02,2025-06-02,104,1212.23,0,On Time
PO002166,S034,P0210,2025-04-07,2025-05-11,2025-05-11,90,939.67,0,On Time
PO002167,S014,P0045,2024-04-28,2024-06-21,2024-06-21,282,6212.18,0,On Time
PO002168,S032,P0007,2025-09-26,2025-11-18,2025-11-18,777,1618.39,0,On Time
PO002169,S050,P0387,2024-06-12,2024-07-27,2024-08-01,101,23408.58,5,Delayed
PO002170,S002,P0289,2024-01-13,2024-02-23,2024-02-26,273,3001.04,3,Delayed
PO002171,S001,P0289,2025-10-22,2025-12-15,2025-12-15,744,2818.45,0,On Time
PO002172,S048,P0188,2024-04-24,2024-05-10,2024-05-10,382,890.13,0,On Time
PO002173,S047,P0479,2025-09-28,2025-11-15,2025-11-22,786,4449.2,7,Delayed
PO002174,S011,P0195,2025-09-06,2025-09-18,2025-09-18,846,5552.78,0,On Time
PO002175,S046,P0320,2024-04-09,2024-04-16,2024-04-16,656,3135.87,0,On Time
PO002176,S033,P0334,2025-10-18,2025-10-30,2025-10-30,196,12046.6,0,On Time
PO002177,S025,P0398,2024-07-11,2024-09-08,2024-09-08,88,13234.66,0,On Time
PO002178,S044,P0409,2025-11-11,2025-12-13,2025-12-13,910,8439.41,0,On Time
PO002179,S035,P0066,2025-11-28,2026-01-10,2026-01-10,167,9593.68,0,On Time
PO002180,S009,P0434,2024-09-11,2024-09-26,2024-09-27,152,1496.43,1,Delayed
PO002181,S001,P0092,2025-11-07,2025-12-31,2025-12-31,930,1533.22,0,On Time
PO002182,S008,P0166,2025-07-26,2025-08-13,2025-08-23,390,2507.49,10,Delayed
PO002183,S018,P0153,2024-03-04,2024-03-17,2024-03-21,663,14681.44,4,Delayed
PO002184,S014,P0428,2025-02-05,2025-03-31,2025-03-31,802,4449.65,0,On Time
PO002185,S034,P0409,2024-09-07,2024-10-11,2024-10-11,130,7369.16,0,On Time
PO002186,S042,P0200,2024-04-11,2024-06-05,2024-06-05,446,1556.38,0,On Time
PO002187,S036,P0388,2025-03-23,2025-04-04,2025-04-04,499,4822.34,0,On Time
PO002188,S004,P0251,2024-10-10,2024-11-18,2024-11-26,760,3604.7,8,Delayed
PO002189,S045,P0086,2025-12-12,2025-12-19,2026-01-01,308,16862.48,13,Delayed
PO002190,S047,P0031,2024-03-16,2024-05-03,2024-05-03,707,8992.77,0,On Time
PO002191,S020,P0293,2025-11-11,2025-12-22,2025-12-22,709,7649.12,0,On Time
PO002192,S030,P0494,2024-01-01,2024-02-17,2024-02-17,388,7730.11,0,On Time
PO002193,S010,P0286,2024-05-15,2024-06-12,2024-06-12,865,1203.6,0,On Time
PO002194,S038,P0477,2025-03-25,2025-05-21,2025-05-21,161,12567.64,0,On Time
PO002195,S006,P0159,2024-11-07,2024-12-17,2024-12-17,313,1717.77,0,On Time
PO002196,S003,P0472,2024-12-01,2024-12-18,2024-12-18,849,8012.24,0,On Time
PO002197,S026,P0047,2024-03-23,2024-04-16,2024-04-16,342,20981.77,0,On Time
PO002198,S038,P0134,2025-02-27,2025-04-25,2025-04-25,778,2629.53,0,On Time
PO002199,S014,P0446,2024-12-20,2025-02-12,2025-02-12,961,7185.64,0,On Time
PO002200,S019,P0110,2024-07-09,2024-07-21,2024-07-21,698,2186.62,0,On Time
PO002201,S038,P0157,2025-02-03,2025-04-01,2025-04-01,46,2106.71,0,On Time
PO002202,S033,P0103,2025-01-07,2025-01-19,2025-01-19,912,2655.96,0,On Time
PO002203,S018,P0332,2025-06-25,2025-07-08,2025-07-08,556,9035.29,0,On Time
PO002204,S020,P0386,2024-09-18,2024-10-29,2024-10-29,268,4678.45,0,On Time
PO002205,S029,P0314,2025-09-17,2025-10-15,2025-10-15,555,10418.25,0,On Time
PO002206,S041,P0009,2024-02-13,2024-03-07,2024-03-07,28,3289.76,0,On Time
PO002207,S027,P0267,2025-10-08,2025-12-06,2025-12-06,536,3272.96,0,On Time
PO002208,S003,P0038,2025-05-01,2025-05-18,2025-05-18,991,4499.17,0,On Time
PO002209,S012,P0139,2024-03-01,2024-03-25,2024-03-25,881,10197.49,0,On Time
PO002210,S004,P0008,2025-04-29,2025-06-07,2025-06-07,700,3822.58,0,On Time
PO002211,S036,P0142,2025-06-09,2025-06-21,2025-06-21,896,3982.01,0,On Time
PO002212,S013,P0448,2024-08-19,2024-10-06,2024-10-06,746,1971.06,0,On Time
PO002213,S007,P0179,2025-05-23,2025-06-26,2025-06-26,71,968.35,0,On Time
PO002214,S042,P0039,2025-08-24,2025-10-18,2025-10-18,122,7364.29,0,On Time
PO002215,S018,P0083,2024-12-24,2025-01-06,2025-01-20,82,1359.74,14,Delayed
PO002216,S040,P0299,2024-02-17,2024-03-10,2024-03-10,458,16842.6,0,On Time
PO002217,S038,P0110,2024-06-18,2024-08-14,2024-08-23,298,3912.94,9,Delayed
PO002218,S049,P0200,2025-05-27,2025-07-24,2025-07-24,575,4032.41,0,On Time
PO002219,S002,P0445,2025-12-13,2026-01-23,2026-01-23,365,13653.49,0,On Time
PO002220,S033,P0112,2024-03-14,2024-03-26,2024-03-26,379,895.75,0,On Time
PO002221,S003,P0112,2024-09-09,2024-09-26,2024-09-26,354,2064.86,0,On Time
PO002222,S027,P0198,2025-03-17,2025-05-15,2025-05-15,201,33686.27,0,On Time
PO002223,S004,P0290,2024-04-19,2024-05-28,2024-05-28,897,13987.1,0,On Time
PO002224,S019,P0449,2025-05-14,2025-05-26,2025-05-26,925,12983.73,0,On Time
PO002225,S008,P0214,2024-03-12,2024-03-30,2024-04-11,94,9297.1,12,Delayed
PO002226,S037,P0087,2024-10-25,2024-12-17,2024-12-17,190,7287.82,0,On Time
PO002227,S031,P0139,2025-04-30,2025-06-22,2025-07-02,437,5554.03,10,Delayed
PO002228,S046,P0065,2024-09-23,2024-09-30,2024-09-30,566,2243.91,0,On Time
PO002229,S030,P0487,2024-05-12,2024-06-28,2024-07-03,543,7508.68,5,Delayed
PO002230,S049,P0082,2025-07-26,2025-09-22,2025-09-22,158,3158.93,0,On Time
PO002231,S014,P0255,2025-09-16,2025-11-09,2025-11-09,809,322.66,0,On Time
PO002232,S010,P0290,2024-11-14,2024-12-12,2024-12-14,987,4003.79,2,Delayed
PO002233,S001,P0406,2024-12-17,2025-02-09,2025-02-09,536,1729.27,0,On Time
PO002234,S004,P0255,2024-02-11,2024-03-21,2024-04-04,454,17213.19,14,Delayed
PO002235,S021,P0004,2025-10-02,2025-11-10,2025-11-10,928,14181.87,0,On Time
PO002236,S001,P0468,2025-04-22,2025-06-15,2025-06-15,356,8938.34,0,On Time
PO002237,S020,P0304,2025-10-10,2025-11-20,2025-11-20,784,9205.21,0,On Time
PO002238,S025,P0402,2025-05-16,2025-07-14,2025-07-14,518,12689.15,0,On Time
PO002239,S041,P0500,2024-10-20,2024-11-12,2024-11-12,651,6495.2,0,On Time
PO002240,S021,P0225,2024-06-14,2024-07-23,2024-07-29,717,9088.86,6,Delayed
PO002241,S031,P0491,2024-11-08,2024-12-31,2024-12-31,455,12179.49,0,On Time
PO002242,S004,P0052,2024-01-14,2024-02-22,2024-02-27,691,1988.52,5,Delayed
PO002243,S028,P0093,2025-02-07,2025-03-01,2025-03-05,302,8321.15,4,Delayed
PO002244,S011,P0015,2024-01-24,2024-02-05,2024-02-05,366,15552.72,0,On Time
PO002245,S019,P0202,2024-11-06,2024-11-18,2024-11-18,925,4329.45,0,On Time
PO002246,S023,P0375,2024-04-06,2024-05-30,2024-06-02,993,1622.9,3,Delayed
PO002247,S026,P0008,2024-02-21,2024-03-16,2024-03-16,798,1626.51,0,On Time
PO002248,S014,P0182,2025-07-03,2025-08-26,2025-08-26,74,11213.62,0,On Time
PO002249,S037,P0308,2024-05-04,2024-06-26,2024-06-26,991,11001.01,0,On Time
PO002250,S050,P0471,2025-05-31,2025-07-15,2025-07-16,287,4322.05,1,Delayed
PO002251,S042,P0391,2025-11-28,2026-01-22,2026-01-22,386,4618.05,0,On Time
PO002252,S018,P0399,2024-11-13,2024-11-26,2024-11-30,282,1162.35,4,Delayed
PO002253,S025,P0351,2025-12-19,2026-02-16,2026-02-27,76,7516.51,11,Delayed
PO002254,S027,P0005,2024-04-21,2024-06-19,2024-06-19,900,1512.36,0,On Time
PO002255,S004,P0035,2024-08-22,2024-09-30,2024-10-05,876,6589.52,5,Delayed
PO002256,S023,P0296,2025-01-01,2025-02-24,2025-02-24,303,9936.19,0,On Time
PO002257,S013,P0193,2025-03-03,2025-04-20,2025-04-20,895,4411.94,0,On Time
PO002258,S030,P0270,2025-01-13,2025-03-01,2025-03-01,180,26066.41,0,On Time
PO002259,S003,P0244,2024-08-17,2024-09-03,2024-09-03,283,2891.48,0,On Time
PO002260,S027,P0097,2024-08-31,2024-10-29,2024-10-29,463,3054.54,0,On Time
PO002261,S041,P0299,2024-04-16,2024-05-09,2024-05-09,435,7922.31,0,On Time
PO002262,S020,P0154,2025-02-08,2025-03-21,2025-03-21,528,3455.6,0,On Time
PO002263,S031,P0092,2025-09-11,2025-11-03,2025-11-03,27,5954.42,0,On Time
PO002264,S018,P0314,2025-06-19,2025-07-02,2025-07-02,772,26283.28,0,On Time
PO002265,S009,P0328,2024-07-11,2024-07-26,2024-07-26,892,13042.5,0,On Time
PO002266,S018,P0207,2024-07-29,2024-08-11,2024-08-26,960,19900.35,15,Delayed
PO002267,S049,P0048,2024-10-27,2024-12-24,2024-12-24,154,6983.94,0,On Time
PO002268,S045,P0291,2024-02-23,2024-03-01,2024-03-01,674,3744.42,0,On Time
PO002269,S009,P0062,2024-11-06,2024-11-21,2024-12-04,389,1872.42,13,Delayed
PO002270,S028,P0352,2025-04-20,2025-05-12,2025-05-12,571,2240.33,0,On Time
PO002271,S019,P0109,2024-02-13,2024-02-25,2024-02-25,702,2162.63,0,On Time
PO002272,S005,P0250,2025-07-19,2025-09-06,2025-09-06,813,4411.3,0,On Time
PO002273,S003,P0461,2024-07-10,2024-07-27,2024-07-27,746,783.46,0,On Time
PO002274,S005,P0240,2024-08-07,2024-09-25,2024-09-25,777,10580.46,0,On Time
PO002275,S020,P0207,2025-01-30,2025-03-12,2025-03-12,307,11480.88,0,On Time
PO002276,S002,P0248,2024-05-12,2024-06-22,2024-06-22,427,3679.65,0,On Time
PO002277,S017,P0432,2025-05-13,2025-06-19,2025-06-19,696,932.96,0,On Time
PO002278,S014,P0168,2025-04-21,2025-06-14,2025-06-29,515,7193.58,15,Delayed
PO002279,S026,P0403,2024-09-30,2024-10-24,2024-10-24,793,3321.92,0,On Time
PO002280,S046,P0414,2025-02-22,2025-03-01,2025-03-01,311,8447.1,0,On Time
PO002281,S007,P0174,2025-01-26,2025-03-01,2025-03-06,409,6674.5,5,Delayed
PO002282,S020,P0057,2024-06-28,2024-08-08,2024-08-08,45,4095.68,0,On Time
PO002283,S001,P0043,2024-10-17,2024-12-10,2024-12-10,883,6310.62,0,On Time
PO002284,S005,P0097,2025-02-13,2025-04-03,2025-04-03,258,12882.72,0,On Time
PO002285,S003,P0201,2025-12-18,2026-01-04,2026-01-04,629,605.22,0,On Time
PO002286,S019,P0252,2024-09-21,2024-10-03,2024-10-03,231,4961.5,0,On Time
PO002287,S006,P0439,2025-11-28,2026-01-07,2026-01-07,866,28934.82,0,On Time
PO002288,S029,P0187,2024-07-12,2024-08-09,2024-08-09,52,12386.16,0,On Time
PO002289,S040,P0370,2025-04-25,2025-05-17,2025-05-17,765,5737.81,0,On Time
PO002290,S041,P0227,2024-11-21,2024-12-14,2024-12-14,311,10623.44,0,On Time
PO002291,S039,P0360,2025-02-18,2025-03-15,2025-03-15,611,11731.88,0,On Time
PO002292,S031,P0481,2024-07-18,2024-09-09,2024-09-09,696,2511.21,0,On Time
PO002293,S033,P0350,2025-10-31,2025-11-12,2025-11-12,12,5768.1,0,On Time
PO002294,S026,P0297,2025-08-28,2025-09-21,2025-09-21,785,32928.33,0,On Time
PO002295,S046,P0212,2025-12-10,2025-12-17,2025-12-17,962,1876.41,0,On Time
PO002296,S042,P0443,2024-01-21,2024-03-16,2024-03-16,64,788.76,0,On Time
PO002297,S013,P0209,2024-09-11,2024-10-29,2024-10-29,402,20534.13,0,On Time
PO002298,S016,P0195,2024-02-05,2024-02-26,2024-02-26,442,4611.04,0,On Time
PO002299,S015,P0045,2024-06-30,2024-08-26,2024-08-26,497,882.23,0,On Time
PO002300,S048,P0420,2025-07-25,2025-08-10,2025-08-10,291,12550.87,0,On Time
PO002301,S015,P0072,2024-06-15,2024-08-11,2024-08-11,457,692.46,0,On Time
PO002302,S039,P0041,2025-04-21,2025-05-16,2025-05-16,660,17711.62,0,On Time
PO002303,S010,P0436,2025-06-08,2025-07-06,2025-07-06,180,3496.24,0,On Time
PO002304,S023,P0320,2024-07-24,2024-09-16,2024-09-28,453,10994.06,12,Delayed
PO002305,S019,P0363,2025-02-19,2025-03-03,2025-03-03,45,8054.24,0,On Time
PO002306,S046,P0311,2024-03-06,2024-03-13,2024-03-13,256,8188.66,0,On Time
PO002307,S006,P0155,2024-08-23,2024-10-02,2024-10-17,729,6441.25,15,Delayed
PO002308,S018,P0119,2024-06-01,2024-06-14,2024-06-14,434,3164.1,0,On Time
PO002309,S032,P0284,2025-06-26,2025-08-18,2025-08-18,526,1372.06,0,On Time
PO002310,S025,P0328,2025-08-18,2025-10-16,2025-10-16,678,13068.69,0,On Time
PO002311,S029,P0325,2025-02-23,2025-03-23,2025-03-23,275,2404.39,0,On Time
PO002312,S009,P0262,2025-04-02,2025-04-17,2025-04-24,352,763.09,7,Delayed
PO002313,S023,P0153,2025-05-12,2025-07-05,2025-07-05,809,1456.49,0,On Time
PO002314,S031,P0149,2025-02-03,2025-03-28,2025-03-28,137,18725.65,0,On Time
PO002315,S040,P0088,2024-03-16,2024-04-07,2024-04-07,267,1459.13,0,On Time
PO002316,S037,P0247,2024-04-29,2024-06-21,2024-06-21,242,2336.26,0,On Time
PO002317,S026,P0320,2025-01-11,2025-02-04,2025-02-04,215,8228.99,0,On Time
PO002318,S004,P0030,2025-11-02,2025-12-11,2025-12-11,758,6004.77,0,On Time
PO002319,S048,P0222,2025-04-07,2025-04-23,2025-04-23,287,3285.11,0,On Time
PO002320,S006,P0297,2025-12-19,2026-01-28,2026-01-28,628,1498.05,0,On Time
PO002321,S038,P0439,2025-06-11,2025-08-07,2025-08-20,21,18673.73,13,Delayed
PO002322,S030,P0457,2024-04-27,2024-06-13,2024-06-13,60,8744.86,0,On Time
PO002323,S008,P0400,2025-06-17,2025-07-05,2025-07-05,663,8759.84,0,On Time
PO002324,S008,P0233,2025-03-11,2025-03-29,2025-03-29,390,4126.99,0,On Time
PO002325,S036,P0475,2025-03-15,2025-03-27,2025-03-29,50,2053.04,2,Delayed
PO002326,S030,P0269,2024-08-26,2024-10-12,2024-10-12,871,2645.49,0,On Time
PO002327,S014,P0486,2024-12-05,2025-01-28,2025-01-28,65,15643.6,0,On Time
PO002328,S007,P0218,2025-05-03,2025-06-06,2025-06-06,606,2094.11,0,On Time
PO002329,S041,P0496,2025-12-16,2026-01-08,2026-01-08,106,7280.0,0,On Time
PO002330,S028,P0330,2025-05-05,2025-05-27,2025-05-27,564,1581.77,0,On Time
PO002331,S041,P0091,2024-05-03,2024-05-26,2024-05-26,579,4976.69,0,On Time
PO002332,S035,P0228,2024-04-08,2024-05-21,2024-05-21,741,2256.83,0,On Time
PO002333,S032,P0299,2025-01-21,2025-03-15,2025-03-15,88,63640.51,0,On Time
PO002334,S005,P0031,2025-03-07,2025-04-25,2025-04-25,869,8666.47,0,On Time
PO002335,S012,P0389,2025-01-05,2025-01-29,2025-01-29,14,7029.7,0,On Time
PO002336,S008,P0014,2024-12-27,2025-01-14,2025-01-14,918,3836.6,0,On Time
PO002337,S048,P0344,2025-12-10,2025-12-26,2025-12-26,455,7892.18,0,On Time
PO002338,S005,P0460,2025-12-29,2026-02-16,2026-02-16,725,4712.71,0,On Time
PO002339,S018,P0079,2024-06-09,2024-06-22,2024-06-22,966,3943.89,0,On Time
PO002340,S031,P0134,2025-12-30,2026-02-21,2026-02-21,593,3872.95,0,On Time
PO002341,S048,P0130,2025-11-28,2025-12-14,2025-12-14,654,6227.2,0,On Time
PO002342,S014,P0023,2025-08-13,2025-10-06,2025-10-06,421,1357.19,0,On Time
PO002343,S016,P0132,2025-09-30,2025-10-21,2025-10-21,143,5378.13,0,On Time
PO002344,S029,P0068,2024-12-12,2025-01-09,2025-01-09,217,4568.42,0,On Time
PO002345,S050,P0306,2025-02-21,2025-04-07,2025-04-07,34,11262.42,0,On Time
PO002346,S035,P0423,2024-11-12,2024-12-25,2024-12-25,990,4157.58,0,On Time
PO002347,S036,P0128,2024-11-25,2024-12-07,2024-12-07,324,4017.23,0,On Time
PO002348,S013,P0459,2024-09-02,2024-10-20,2024-10-20,493,5321.82,0,On Time
PO002349,S021,P0454,2024-01-14,2024-02-22,2024-02-22,45,991.37,0,On Time
PO002350,S004,P0276,2025-01-04,2025-02-12,2025-02-12,765,23604.63,0,On Time
PO002351,S034,P0256,2025-02-20,2025-03-26,2025-03-26,886,5957.49,0,On Time
PO002352,S023,P0377,2024-11-09,2025-01-02,2025-01-02,311,6127.71,0,On Time
PO002353,S035,P0348,2024-12-26,2025-02-07,2025-02-07,944,15077.19,0,On Time
PO002354,S032,P0078,2024-07-15,2024-09-06,2024-09-06,942,2030.67,0,On Time
PO002355,S007,P0020,2024-02-14,2024-03-19,2024-03-19,434,8849.89,0,On Time
PO002356,S035,P0185,2024-03-27,2024-05-09,2024-05-09,285,4392.56,0,On Time
PO002357,S028,P0259,2024-06-03,2024-06-25,2024-06-25,542,1414.29,0,On Time
PO002358,S045,P0069,2025-06-02,2025-06-09,2025-06-09,498,3424.5,0,On Time
PO002359,S029,P0279,2025-09-22,2025-10-20,2025-10-20,364,25895.02,0,On Time
PO002360,S016,P0482,2024-04-14,2024-05-05,2024-05-05,672,50405.7,0,On Time
PO002361,S033,P0217,2025-07-21,2025-08-02,2025-08-02,675,10411.7,0,On Time
PO002362,S016,P0470,2024-12-11,2025-01-01,2025-01-01,617,3125.81,0,On Time
PO002363,S050,P0082,2024-08-04,2024-09-18,2024-09-18,112,8074.08,0,On Time
PO002364,S022,P0346,2024-03-26,2024-04-10,2024-04-10,117,3490.6,0,On Time
PO002365,S031,P0090,2025-08-26,2025-10-18,2025-10-18,514,3097.74,0,On Time
PO002366,S037,P0308,2025-08-27,2025-10-19,2025-10-19,189,4016.25,0,On Time
PO002367,S042,P0348,2024-04-08,2024-06-02,2024-06-02,198,11690.33,0,On Time
PO002368,S022,P0100,2024-07-09,2024-07-24,2024-08-02,691,4528.67,9,Delayed
PO002369,S049,P0284,2025-08-10,2025-10-07,2025-10-07,266,1484.01,0,On Time
PO002370,S020,P0257,2025-01-31,2025-03-13,2025-03-13,890,807.47,0,On Time
PO002371,S045,P0116,2024-05-18,2024-05-25,2024-05-25,156,1189.58,0,On Time
PO002372,S021,P0119,2025-03-11,2025-04-19,2025-04-19,382,4231.05,0,On Time
PO002373,S040,P0452,2024-02-12,2024-03-05,2024-03-11,906,1896.42,6,Delayed
PO002374,S001,P0352,2024-06-26,2024-08-19,2024-08-19,107,18026.17,0,On Time
PO002375,S005,P0360,2025-04-13,2025-06-01,2025-06-01,184,18666.19,0,On Time
PO002376,S043,P0183,2024-04-04,2024-05-15,2024-05-15,810,27329.85,0,On Time
PO002377,S047,P0078,2025-05-31,2025-07-18,2025-07-18,77,19145.15,0,On Time
PO002378,S018,P0077,2024-10-13,2024-10-26,2024-10-26,937,2403.97,0,On Time
PO002379,S049,P0132,2025-01-22,2025-03-21,2025-03-27,710,13044.88,6,Delayed
PO002380,S007,P0345,2024-08-06,2024-09-09,2024-09-13,67,480.11,4,Delayed
PO002381,S027,P0196,2024-11-12,2025-01-10,2025-01-10,840,9162.18,0,On Time
PO002382,S046,P0016,2024-12-04,2024-12-11,2024-12-21,892,12867.02,10,Delayed
PO002383,S005,P0101,2025-08-07,2025-09-25,2025-09-25,844,5962.12,0,On Time
PO002384,S050,P0420,2025-04-19,2025-06-03,2025-06-03,688,24697.16,0,On Time
PO002385,S005,P0063,2024-01-19,2024-03-08,2024-03-08,918,10127.86,0,On Time
PO002386,S045,P0385,2024-02-05,2024-02-12,2024-02-12,171,11554.56,0,On Time
PO002387,S038,P0043,2024-01-01,2024-02-27,2024-02-29,26,21313.46,2,Delayed
PO002388,S021,P0210,2025-07-03,2025-08-11,2025-08-11,579,5599.88,0,On Time
PO002389,S004,P0082,2025-01-08,2025-02-16,2025-02-16,625,3726.26,0,On Time
PO002390,S021,P0348,2024-05-30,2024-07-08,2024-07-08,11,6658.79,0,On Time
PO002391,S019,P0266,2025-10-01,2025-10-13,2025-10-13,152,3688.4,0,On Time
PO002392,S010,P0220,2025-04-11,2025-05-09,2025-05-09,158,10912.58,0,On Time
PO002393,S027,P0406,2025-02-28,2025-04-28,2025-04-28,509,25402.25,0,On Time
PO002394,S040,P0108,2024-07-13,2024-08-04,2024-08-04,116,1470.47,0,On Time
PO002395,S005,P0037,2025-01-29,2025-03-19,2025-03-19,164,2960.09,0,On Time
PO002396,S022,P0137,2025-01-18,2025-02-02,2025-02-02,802,2727.83,0,On Time
PO002397,S025,P0285,2024-11-23,2025-01-21,2025-01-21,915,2427.69,0,On Time
PO002398,S034,P0455,2024-09-08,2024-10-12,2024-10-12,500,4540.93,0,On Time
PO002399,S014,P0234,2024-10-31,2024-12-24,2024-12-24,927,4858.93,0,On Time
PO002400,S024,P0115,2024-06-29,2024-07-28,2024-07-28,467,8276.92,0,On Time
PO002401,S010,P0140,2024-04-11,2024-05-09,2024-05-09,228,8757.27,0,On Time
PO002402,S001,P0013,2024-12-19,2025-02-11,2025-02-11,315,15243.95,0,On Time
PO002403,S030,P0020,2025-04-17,2025-06-03,2025-06-03,736,576.04,0,On Time
PO002404,S039,P0213,2024-06-27,2024-07-22,2024-07-22,924,21063.1,0,On Time
PO002405,S023,P0122,2024-07-04,2024-08-27,2024-08-27,217,8033.75,0,On Time
PO002406,S025,P0431,2024-06-08,2024-08-06,2024-08-06,317,15268.51,0,On Time
PO002407,S007,P0407,2025-11-02,2025-12-06,2025-12-06,50,68398.93,0,On Time
PO002408,S040,P0498,2025-08-25,2025-09-16,2025-09-16,637,2013.73,0,On Time
PO002409,S027,P0103,2024-09-11,2024-11-09,2024-11-09,761,11285.39,0,On Time
PO002410,S034,P0364,2024-03-09,2024-04-12,2024-04-12,884,11055.29,0,On Time
PO002411,S047,P0049,2025-12-09,2026-01-26,2026-01-26,201,17550.67,0,On Time
PO002412,S045,P0294,2024-04-14,2024-04-21,2024-04-21,714,2747.0,0,On Time
PO002413,S008,P0176,2024-03-14,2024-04-01,2024-04-01,580,8288.87,0,On Time
PO002414,S047,P0424,2024-04-24,2024-06-11,2024-06-11,935,3008.3,0,On Time
PO002415,S022,P0033,2024-04-18,2024-05-03,2024-05-10,747,6527.99,7,Delayed
PO002416,S005,P0066,2025-02-01,2025-03-22,2025-03-22,161,9128.33,0,On Time
PO002417,S007,P0456,2024-02-25,2024-03-30,2024-03-30,209,3049.09,0,On Time
PO002418,S034,P0389,2024-02-20,2024-03-25,2024-03-25,483,3993.29,0,On Time
PO002419,S025,P0399,2025-12-28,2026-02-25,2026-02-25,574,4696.59,0,On Time
PO002420,S037,P0280,2024-07-26,2024-09-17,2024-09-17,466,36485.7,0,On Time
PO002421,S013,P0166,2024-12-29,2025-02-15,2025-02-15,22,22457.71,0,On Time
PO002422,S034,P0042,2024-12-12,2025-01-15,2025-01-15,950,4270.49,0,On Time
PO002423,S034,P0226,2025-07-23,2025-08-26,2025-08-26,958,619.4,0,On Time
PO002424,S036,P0420,2025-10-16,2025-10-28,2025-11-02,972,6634.72,5,Delayed
PO002425,S013,P0229,2024-06-18,2024-08-05,2024-08-05,163,4154.85,0,On Time
PO002426,S022,P0159,2024-02-27,2024-03-13,2024-03-23,565,755.19,10,Delayed
PO002427,S022,P0019,2025-05-10,2025-05-25,2025-06-02,798,1999.76,8,Delayed
PO002428,S040,P0444,2024-06-30,2024-07-22,2024-07-22,371,6433.58,0,On Time
PO002429,S020,P0354,2024-06-24,2024-08-04,2024-08-04,845,13835.99,0,On Time
PO002430,S022,P0298,2024-06-20,2024-07-05,2024-07-05,597,3686.84,0,On Time
PO002431,S042,P0214,2024-07-26,2024-09-19,2024-09-19,911,3531.52,0,On Time
PO002432,S026,P0059,2025-12-12,2026-01-05,2026-01-05,202,3702.98,0,On Time
PO002433,S035,P0182,2024-07-20,2024-09-01,2024-09-01,662,9028.78,0,On Time
PO002434,S040,P0400,2025-02-27,2025-03-21,2025-03-21,732,8124.01,0,On Time
PO002435,S021,P0233,2024-10-20,2024-11-28,2024-12-02,77,3492.01,4,Delayed
PO002436,S049,P0101,2024-06-24,2024-08-21,2024-08-21,697,4002.13,0,On Time
PO002437,S016,P0441,2024-12-29,2025-01-19,2025-01-19,148,5293.57,0,On Time
PO002438,S006,P0139,2025-03-07,2025-04-16,2025-04-16,790,3058.78,0,On Time
PO002439,S015,P0441,2024-01-06,2024-03-03,2024-03-03,575,2090.21,0,On Time
PO002440,S050,P0190,2025-10-09,2025-11-23,2025-11-27,308,22063.09,4,Delayed
PO002441,S045,P0167,2024-06-24,2024-07-01,2024-07-14,185,6318.61,13,Delayed
PO002442,S020,P0022,2024-07-28,2024-09-07,2024-09-07,399,3253.5,0,On Time
PO002443,S033,P0266,2025-02-16,2025-02-28,2025-03-12,358,4112.61,12,Delayed
PO002444,S018,P0456,2025-09-21,2025-10-04,2025-10-14,912,9660.07,10,Delayed
PO002445,S032,P0046,2024-01-23,2024-03-16,2024-03-16,840,35629.54,0,On Time
PO002446,S045,P0074,2025-08-09,2025-08-16,2025-08-16,368,4645.2,0,On Time
PO002447,S026,P0173,2025-03-11,2025-04-04,2025-04-06,650,5388.03,2,Delayed
PO002448,S031,P0196,2024-02-02,2024-03-26,2024-03-31,869,5796.29,5,Delayed
PO002449,S037,P0336,2024-01-21,2024-03-14,2024-03-20,956,5308.98,6,Delayed
PO002450,S022,P0195,2024-03-06,2024-03-21,2024-03-21,249,32114.6,0,On Time
PO002451,S030,P0001,2025-10-30,2025-12-16,2025-12-16,257,12089.97,0,On Time
PO002452,S020,P0117,2024-10-21,2024-12-01,2024-12-01,672,2736.73,0,On Time
PO002453,S017,P0433,2024-03-13,2024-04-19,2024-04-19,108,4783.78,0,On Time
PO002454,S034,P0180,2024-08-30,2024-10-03,2024-10-03,605,30091.11,0,On Time
PO002455,S036,P0145,2024-06-18,2024-06-30,2024-07-08,310,8453.49,8,Delayed
PO002456,S048,P0330,2024-02-11,2024-02-27,2024-02-27,347,538.61,0,On Time
PO002457,S017,P0155,2024-05-03,2024-06-09,2024-06-09,344,16071.21,0,On Time
PO002458,S003,P0372,2025-03-18,2025-04-04,2025-04-04,576,3058.52,0,On Time
PO002459,S047,P0199,2024-10-12,2024-11-29,2024-11-29,623,9739.71,0,On Time
PO002460,S026,P0297,2025-01-22,2025-02-15,2025-02-19,597,14434.96,4,Delayed
PO002461,S001,P0069,2024-11-27,2025-01-20,2025-01-20,806,2828.0,0,On Time
PO002462,S012,P0425,2025-06-18,2025-07-12,2025-07-12,813,1607.31,0,On Time
PO002463,S046,P0143,2025-07-21,2025-07-28,2025-07-28,560,4578.55,0,On Time
PO002464,S040,P0029,2024-03-08,2024-03-30,2024-03-30,797,2942.79,0,On Time
PO002465,S036,P0010,2024-11-25,2024-12-07,2024-12-07,573,3548.24,0,On Time
PO002466,S035,P0306,2024-05-29,2024-07-11,2024-07-11,86,280.21,0,On Time
PO002467,S047,P0036,2025-05-27,2025-07-14,2025-07-14,824,12598.55,0,On Time
PO002468,S004,P0439,2025-02-01,2025-03-12,2025-03-13,473,3316.49,1,Delayed
PO002469,S012,P0312,2025-02-25,2025-03-21,2025-03-21,128,6723.82,0,On Time
PO002470,S014,P0028,2024-12-29,2025-02-21,2025-02-21,75,5673.87,0,On Time
PO002471,S016,P0298,2025-12-29,2026-01-19,2026-01-19,196,3329.0,0,On Time
PO002472,S006,P0327,2025-04-06,2025-05-16,2025-05-16,918,9364.48,0,On Time
PO002473,S002,P0217,2024-05-25,2024-07-05,2024-07-05,313,3061.75,0,On Time
PO002474,S009,P0023,2025-12-12,2025-12-27,2025-12-27,988,15431.38,0,On Time
PO002475,S028,P0432,2025-12-26,2026-01-17,2026-01-17,553,3544.52,0,On Time
PO002476,S005,P0350,2024-06-04,2024-07-23,2024-07-23,929,29371.63,0,On Time
PO002477,S027,P0148,2025-12-08,2026-02-05,2026-02-05,621,5591.2,0,On Time
PO002478,S002,P0494,2025-02-14,2025-03-27,2025-03-27,793,4313.46,0,On Time
PO002479,S028,P0438,2025-04-20,2025-05-12,2025-05-12,987,13136.58,0,On Time
PO002480,S045,P0256,2024-01-23,2024-01-30,2024-01-30,52,5277.99,0,On Time
PO002481,S012,P0092,2025-02-10,2025-03-06,2025-03-06,453,6864.36,0,On Time
PO002482,S044,P0392,2024-04-06,2024-05-08,2024-05-08,397,3534.92,0,On Time
PO002483,S041,P0025,2025-12-19,2026-01-11,2026-01-11,888,3052.88,0,On Time
PO002484,S015,P0272,2025-02-21,2025-04-19,2025-04-27,349,2629.36,8,Delayed
PO002485,S023,P0346,2024-07-13,2024-09-05,2024-09-05,935,4782.94,0,On Time
PO002486,S039,P0457,2025-01-05,2025-01-30,2025-01-30,195,2220.22,0,On Time
PO002487,S010,P0388,2025-07-14,2025-08-11,2025-08-11,865,4563.06,0,On Time
PO002488,S023,P0370,2024-09-06,2024-10-30,2024-11-14,776,7493.13,15,Delayed
PO002489,S017,P0251,2024-04-30,2024-06-06,2024-06-06,222,6492.61,0,On Time
PO002490,S007,P0300,2025-09-20,2025-10-24,2025-10-24,440,14208.22,0,On Time
PO002491,S004,P0020,2025-01-26,2025-03-06,2025-03-11,529,22291.37,5,Delayed
PO002492,S038,P0104,2025-10-27,2025-12-23,2025-12-23,347,5015.48,0,On Time
PO002493,S009,P0369,2025-12-30,2026-01-14,2026-01-14,786,3050.06,0,On Time
PO002494,S027,P0075,2025-02-25,2025-04-25,2025-05-01,260,4788.9,6,Delayed
PO002495,S012,P0096,2025-02-03,2025-02-27,2025-02-27,674,1187.59,0,On Time
PO002496,S015,P0249,2025-03-13,2025-05-09,2025-05-23,487,3908.34,14,Delayed
PO002497,S016,P0301,2024-09-25,2024-10-16,2024-10-16,152,12721.95,0,On Time
PO002498,S026,P0218,2025-10-02,2025-10-26,2025-10-27,397,14608.33,1,Delayed
PO002499,S006,P0106,2024-06-01,2024-07-11,2024-07-11,362,2032.59,0,On Time
PO002500,S009,P0085,2025-04-21,2025-05-06,2025-05-21,828,4733.69,15,Delayed
PO002501,S032,P0320,2024-05-17,2024-07-09,2024-07-09,506,7117.54,0,On Time
PO002502,S036,P0214,2025-06-27,2025-07-09,2025-07-11,879,6906.27,2,Delayed
PO002503,S019,P0451,2024-11-04,2024-11-16,2024-11-16,540,883.14,0,On Time
PO002504,S017,P0214,2024-04-02,2024-05-09,2024-05-09,336,12394.68,0,On Time
PO002505,S016,P0012,2025-06-21,2025-07-12,2025-07-12,428,1926.18,0,On Time
PO002506,S014,P0199,2024-07-07,2024-08-30,2024-08-30,215,11090.31,0,On Time
PO002507,S031,P0032,2024-04-16,2024-06-08,2024-06-21,340,9268.27,13,Delayed
PO002508,S006,P0311,2025-09-29,2025-11-08,2025-11-08,67,624.38,0,On Time
PO002509,S022,P0321,2025-03-15,2025-03-30,2025-04-01,702,7253.09,2,Delayed
PO002510,S020,P0182,2025-05-13,2025-06-23,2025-06-23,830,1808.96,0,On Time
PO002511,S007,P0236,2025-07-18,2025-08-21,2025-08-22,762,4106.7,1,Delayed
PO002512,S028,P0444,2025-02-23,2025-03-17,2025-03-17,800,3456.76,0,On Time
PO002513,S027,P0274,2025-02-07,2025-04-07,2025-04-22,48,5614.57,15,Delayed
PO002514,S023,P0499,2025-07-22,2025-09-14,2025-09-14,15,9316.32,0,On Time
PO002515,S002,P0257,2025-06-03,2025-07-14,2025-07-14,753,9829.12,0,On Time
PO002516,S045,P0097,2024-05-09,2024-05-16,2024-05-16,611,1538.31,0,On Time
PO002517,S048,P0422,2024-05-11,2024-05-27,2024-05-27,456,13236.74,0,On Time
PO002518,S015,P0222,2024-02-01,2024-03-29,2024-03-29,865,1121.16,0,On Time
PO002519,S014,P0361,2025-12-14,2026-02-06,2026-02-06,384,2635.55,0,On Time
PO002520,S023,P0240,2024-03-29,2024-05-22,2024-05-22,418,1517.25,0,On Time
PO002521,S009,P0448,2025-12-07,2025-12-22,2025-12-30,786,15456.96,8,Delayed
PO002522,S029,P0444,2025-02-07,2025-03-07,2025-03-07,842,26711.05,0,On Time
PO002523,S027,P0292,2025-09-20,2025-11-18,2025-11-18,922,6237.96,0,On Time
PO002524,S007,P0421,2024-12-25,2025-01-28,2025-02-12,60,15770.35,15,Delayed
PO002525,S004,P0341,2025-03-07,2025-04-15,2025-04-15,339,4008.21,0,On Time
PO002526,S045,P0324,2024-08-14,2024-08-21,2024-08-21,663,1537.0,0,On Time
PO002527,S013,P0389,2025-09-21,2025-11-08,2025-11-08,653,14441.5,0,On Time
PO002528,S018,P0134,2025-01-09,2025-01-22,2025-01-22,256,4102.58,0,On Time
PO002529,S049,P0234,2024-02-23,2024-04-21,2024-04-21,170,1590.79,0,On Time
PO002530,S032,P0061,2024-06-05,2024-07-28,2024-07-28,374,1736.25,0,On Time
PO002531,S012,P0122,2025-09-29,2025-10-23,2025-10-23,952,35526.3,0,On Time
PO002532,S019,P0085,2025-10-16,2025-10-28,2025-10-30,391,1500.26,2,Delayed
PO002533,S044,P0312,2024-10-03,2024-11-04,2024-11-04,483,3566.92,0,On Time
PO002534,S005,P0368,2025-05-15,2025-07-03,2025-07-03,947,6768.81,0,On Time
PO002535,S048,P0041,2025-11-14,2025-11-30,2025-11-30,560,4192.2,0,On Time
PO002536,S040,P0401,2024-07-24,2024-08-15,2024-08-15,646,2377.09,0,On Time
PO002537,S011,P0054,2025-05-21,2025-06-02,2025-06-02,992,4672.52,0,On Time
PO002538,S036,P0265,2025-03-18,2025-03-30,2025-03-30,683,2080.64,0,On Time
PO002539,S037,P0377,2024-03-29,2024-05-21,2024-05-21,394,6851.71,0,On Time
PO002540,S005,P0255,2024-03-12,2024-04-30,2024-04-30,326,5748.68,0,On Time
PO002541,S045,P0119,2025-04-02,2025-04-09,2025-04-09,596,1031.99,0,On Time
PO002542,S023,P0119,2024-08-15,2024-10-08,2024-10-08,68,5257.06,0,On Time
PO002543,S016,P0265,2024-01-10,2024-01-31,2024-01-31,558,4129.83,0,On Time
PO002544,S005,P0270,2025-04-02,2025-05-21,2025-05-21,774,2222.3,0,On Time
PO002545,S024,P0175,2025-12-16,2026-01-14,2026-01-14,994,6200.41,0,On Time
PO002546,S024,P0357,2025-08-10,2025-09-08,2025-09-08,604,4636.47,0,On Time
PO002547,S042,P0169,2024-01-27,2024-03-22,2024-03-22,354,1649.73,0,On Time
PO002548,S032,P0242,2024-10-24,2024-12-16,2024-12-16,41,4332.01,0,On Time
PO002549,S001,P0130,2025-08-15,2025-10-08,2025-10-08,942,1184.09,0,On Time
PO002550,S002,P0126,2024-09-27,2024-11-07,2024-11-07,167,6679.59,0,On Time
PO002551,S035,P0062,2024-04-10,2024-05-23,2024-05-23,255,3386.95,0,On Time
PO002552,S019,P0184,2025-09-10,2025-09-22,2025-09-22,379,1095.62,0,On Time
PO002553,S021,P0145,2025-10-15,2025-11-23,2025-11-23,964,958.55,0,On Time
PO002554,S045,P0374,2025-01-09,2025-01-16,2025-01-16,557,14517.35,0,On Time
PO002555,S023,P0059,2024-12-17,2025-02-09,2025-02-09,919,19220.4,0,On Time
PO002556,S037,P0107,2025-04-04,2025-05-27,2025-05-27,689,2516.18,0,On Time
PO002557,S004,P0350,2024-09-11,2024-10-20,2024-10-20,338,7496.47,0,On Time
PO002558,S041,P0294,2025-12-05,2025-12-28,2025-12-28,566,8724.04,0,On Time
PO002559,S033,P0443,2024-01-03,2024-01-15,2024-01-22,424,2864.02,7,Delayed
PO002560,S005,P0355,2024-04-19,2024-06-07,2024-06-07,896,2385.8,0,On Time
PO002561,S032,P0425,2024-04-07,2024-05-30,2024-05-30,271,13205.66,0,On Time
PO002562,S029,P0133,2025-12-19,2026-01-16,2026-01-31,699,3000.98,15,Delayed
PO002563,S041,P0462,2024-07-02,2024-07-25,2024-07-25,739,13601.08,0,On Time
PO002564,S009,P0392,2024-09-04,2024-09-19,2024-09-19,704,4878.87,0,On Time
PO002565,S009,P0277,2024-03-19,2024-04-03,2024-04-03,991,13398.6,0,On Time
PO002566,S037,P0311,2025-10-05,2025-11-27,2025-11-27,11,1938.48,0,On Time
PO002567,S006,P0374,2025-05-27,2025-07-06,2025-07-06,763,8336.47,0,On Time
PO002568,S044,P0369,2024-11-07,2024-12-09,2024-12-09,290,2155.82,0,On Time
PO002569,S016,P0119,2024-04-14,2024-05-05,2024-05-05,830,4695.06,0,On Time
PO002570,S019,P0226,2024-02-26,2024-03-09,2024-03-09,40,6909.61,0,On Time
PO002571,S036,P0127,2025-01-07,2025-01-19,2025-01-19,884,14325.02,0,On Time
PO002572,S038,P0463,2025-02-18,2025-04-16,2025-04-16,141,3226.64,0,On Time
PO002573,S038,P0109,2024-12-05,2025-01-31,2025-01-31,245,1825.4,0,On Time
PO002574,S021,P0275,2024-03-14,2024-04-22,2024-04-22,479,14058.76,0,On Time
PO002575,S049,P0345,2024-05-18,2024-07-15,2024-07-15,955,885.84,0,On Time
PO002576,S008,P0482,2025-12-29,2026-01-16,2026-01-16,933,1042.01,0,On Time
PO002577,S019,P0038,2025-05-27,2025-06-08,2025-06-08,841,766.31,0,On Time
PO002578,S037,P0334,2024-11-19,2025-01-11,2025-01-20,801,1911.98,9,Delayed
PO002579,S023,P0266,2024-02-04,2024-03-29,2024-03-31,215,4518.64,2,Delayed
PO002580,S037,P0497,2024-08-10,2024-10-02,2024-10-09,538,11323.87,7,Delayed
PO002581,S038,P0125,2025-06-20,2025-08-16,2025-08-16,270,5989.2,0,On Time
PO002582,S007,P0069,2025-01-04,2025-02-07,2025-02-07,866,11188.15,0,On Time
PO002583,S036,P0356,2024-05-21,2024-06-02,2024-06-09,143,3735.07,7,Delayed
PO002584,S044,P0477,2024-12-17,2025-01-18,2025-01-18,669,2290.15,0,On Time
PO002585,S011,P0475,2024-08-31,2024-09-12,2024-09-12,427,9194.93,0,On Time
PO002586,S046,P0390,2024-10-20,2024-10-27,2024-10-27,323,3036.84,0,On Time
PO002587,S022,P0433,2024-04-14,2024-04-29,2024-04-29,412,20151.43,0,On Time
PO002588,S050,P0216,2025-04-18,2025-06-02,2025-06-15,199,1185.49,13,Delayed
PO002589,S050,P0418,2025-11-07,2025-12-22,2025-12-22,871,18066.67,0,On Time
PO002590,S021,P0386,2025-05-26,2025-07-04,2025-07-19,729,9516.82,15,Delayed
PO002591,S032,P0475,2025-08-09,2025-10-01,2025-10-10,35,1128.86,9,Delayed
PO002592,S047,P0336,2025-12-24,2026-02-10,2026-02-10,602,1571.34,0,On Time
PO002593,S024,P0325,2025-11-07,2025-12-06,2025-12-06,720,9557.21,0,On Time
PO002594,S005,P0202,2024-04-20,2024-06-08,2024-06-08,659,18003.85,0,On Time
PO002595,S024,P0285,2024-02-16,2024-03-16,2024-03-30,850,20022.02,14,Delayed
PO002596,S006,P0338,2025-04-04,2025-05-14,2025-05-27,543,1324.06,13,Delayed
PO002597,S038,P0319,2024-12-24,2025-02-19,2025-02-23,908,14987.11,4,Delayed
PO002598,S035,P0147,2025-01-08,2025-02-20,2025-02-20,605,2441.75,0,On Time
PO002599,S035,P0235,2024-09-29,2024-11-11,2024-11-11,664,6258.46,0,On Time
PO002600,S047,P0264,2024-02-05,2024-03-24,2024-03-24,991,3017.51,0,On Time
PO002601,S009,P0311,2024-11-23,2024-12-08,2024-12-18,411,5272.04,10,Delayed
PO002602,S025,P0426,2025-10-28,2025-12-26,2026-01-03,184,16622.12,8,Delayed
PO002603,S038,P0181,2024-11-18,2025-01-14,2025-01-14,643,2409.94,0,On Time
PO002604,S049,P0295,2025-12-29,2026-02-25,2026-02-25,57,1633.43,0,On Time
PO002605,S048,P0400,2025-07-10,2025-07-26,2025-07-26,393,13981.97,0,On Time
PO002606,S004,P0160,2025-03-24,2025-05-02,2025-05-02,808,12334.96,0,On Time
PO002607,S026,P0304,2024-02-24,2024-03-19,2024-03-19,829,12738.82,0,On Time
PO002608,S003,P0132,2025-07-19,2025-08-05,2025-08-05,137,4553.1,0,On Time
PO002609,S024,P0221,2024-05-09,2024-06-07,2024-06-07,820,3730.93,0,On Time
PO002610,S042,P0068,2025-05-04,2025-06-28,2025-06-28,541,1718.16,0,On Time
PO002611,S040,P0227,2024-04-20,2024-05-12,2024-05-16,345,3179.68,4,Delayed
PO002612,S005,P0492,2025-03-09,2025-04-27,2025-04-27,217,12429.86,0,On Time
PO002613,S024,P0081,2024-02-04,2024-03-04,2024-03-15,498,10029.69,11,Delayed
PO002614,S024,P0201,2025-09-29,2025-10-28,2025-10-28,138,4316.67,0,On Time
PO002615,S025,P0040,2024-12-02,2025-01-30,2025-01-30,598,11204.93,0,On Time
PO002616,S038,P0264,2024-08-26,2024-10-22,2024-10-22,366,3058.52,0,On Time
PO002617,S005,P0454,2025-12-01,2026-01-19,2026-01-19,154,11569.14,0,On Time
PO002618,S005,P0128,2024-03-04,2024-04-22,2024-04-22,360,2791.56,0,On Time
PO002619,S043,P0326,2024-06-07,2024-07-18,2024-07-19,174,7071.05,1,Delayed
PO002620,S046,P0263,2024-04-23,2024-04-30,2024-05-12,73,9946.24,12,Delayed
PO002621,S001,P0397,2024-02-01,2024-03-26,2024-03-26,901,3247.12,0,On Time
PO002622,S028,P0425,2024-05-22,2024-06-13,2024-06-13,177,5266.23,0,On Time
PO002623,S034,P0204,2024-09-23,2024-10-27,2024-10-27,258,2685.81,0,On Time
PO002624,S008,P0122,2025-12-11,2025-12-29,2026-01-04,789,7411.67,6,Delayed
PO002625,S033,P0050,2025-06-30,2025-07-12,2025-07-17,529,3003.79,5,Delayed
PO002626,S046,P0165,2024-07-19,2024-07-26,2024-08-04,80,7166.26,9,Delayed
PO002627,S041,P0135,2024-01-18,2024-02-10,2024-02-10,585,8654.41,0,On Time
PO002628,S004,P0061,2025-11-15,2025-12-24,2025-12-24,10,2907.81,0,On Time
PO002629,S039,P0281,2024-03-15,2024-04-09,2024-04-14,476,10140.43,5,Delayed
PO002630,S018,P0011,2025-12-19,2026-01-01,2026-01-01,300,6558.08,0,On Time
PO002631,S041,P0333,2024-05-11,2024-06-03,2024-06-03,516,2126.01,0,On Time
PO002632,S017,P0099,2024-05-02,2024-06-08,2024-06-08,62,1851.31,0,On Time
PO002633,S023,P0199,2024-04-17,2024-06-10,2024-06-17,40,2688.62,7,Delayed
PO002634,S020,P0373,2024-06-10,2024-07-21,2024-07-21,161,4107.35,0,On Time
PO002635,S040,P0411,2024-10-13,2024-11-04,2024-11-04,351,17852.66,0,On Time
PO002636,S007,P0067,2025-07-04,2025-08-07,2025-08-07,423,17303.96,0,On Time
PO002637,S032,P0274,2024-03-12,2024-05-04,2024-05-04,195,3334.46,0,On Time
PO002638,S044,P0480,2024-05-29,2024-06-30,2024-07-01,394,4192.15,1,Delayed
PO002639,S028,P0353,2025-04-21,2025-05-13,2025-05-13,14,11835.19,0,On Time
PO002640,S047,P0097,2025-02-24,2025-04-13,2025-04-13,448,34916.12,0,On Time
PO002641,S041,P0285,2025-10-21,2025-11-13,2025-11-13,791,1125.0,0,On Time
PO002642,S005,P0354,2024-07-31,2024-09-18,2024-09-18,368,468.36,0,On Time
PO002643,S029,P0032,2025-03-11,2025-04-08,2025-04-08,925,781.92,0,On Time
PO002644,S001,P0122,2025-09-19,2025-11-12,2025-11-12,815,12270.9,0,On Time
PO002645,S018,P0174,2024-05-23,2024-06-05,2024-06-05,233,4312.59,0,On Time
PO002646,S026,P0410,2025-04-11,2025-05-05,2025-05-05,835,12617.87,0,On Time
PO002647,S034,P0254,2024-01-06,2024-02-09,2024-02-09,301,13261.64,0,On Time
PO002648,S012,P0432,2024-06-15,2024-07-09,2024-07-09,860,22410.9,0,On Time
PO002649,S047,P0102,2025-08-02,2025-09-19,2025-09-19,220,4714.25,0,On Time
PO002650,S022,P0091,2025-10-18,2025-11-02,2025-11-02,438,4034.78,0,On Time
PO002651,S012,P0277,2024-07-09,2024-08-02,2024-08-02,671,3752.34,0,On Time
PO002652,S005,P0093,2025-12-16,2026-02-03,2026-02-03,518,852.5,0,On Time
PO002653,S021,P0320,2025-11-02,2025-12-11,2025-12-23,476,1702.2,12,Delayed
PO002654,S018,P0069,2025-10-30,2025-11-12,2025-11-12,234,1358.99,0,On Time
PO002655,S034,P0304,2024-11-16,2024-12-20,2024-12-20,730,1608.12,0,On Time
PO002656,S014,P0316,2025-03-05,2025-04-28,2025-04-28,276,2550.61,0,On Time
PO002657,S034,P0431,2024-01-27,2024-03-01,2024-03-03,795,13790.06,2,Delayed
PO002658,S019,P0100,2024-07-06,2024-07-18,2024-07-18,940,7853.71,0,On Time
PO002659,S034,P0030,2025-04-29,2025-06-02,2025-06-02,857,7379.74,0,On Time
PO002660,S018,P0014,2025-02-24,2025-03-09,2025-03-17,640,2681.65,8,Delayed
PO002661,S024,P0402,2025-09-22,2025-10-21,2025-10-21,360,1236.13,0,On Time
PO002662,S016,P0458,2024-10-14,2024-11-04,2024-11-16,982,16822.7,12,Delayed
PO002663,S002,P0021,2024-10-20,2024-11-30,2024-11-30,724,1777.57,0,On Time
PO002664,S032,P0375,2024-01-08,2024-03-01,2024-03-01,133,1569.7,0,On Time
PO002665,S035,P0433,2025-11-17,2025-12-30,2025-12-30,511,1809.97,0,On Time
PO002666,S033,P0121,2024-04-12,2024-04-24,2024-04-28,783,9685.78,4,Delayed
PO002667,S033,P0425,2024-04-10,2024-04-22,2024-04-22,440,3056.27,0,On Time
PO002668,S042,P0040,2024-12-03,2025-01-27,2025-01-27,286,10333.34,0,On Time
PO002669,S016,P0283,2024-04-30,2024-05-21,2024-05-21,735,3086.23,0,On Time
PO002670,S012,P0403,2025-09-02,2025-09-26,2025-09-26,150,24096.91,0,On Time
PO002671,S034,P0411,2025-05-27,2025-06-30,2025-06-30,814,6050.67,0,On Time
PO002672,S021,P0262,2024-12-29,2025-02-06,2025-02-06,594,4601.82,0,On Time
PO002673,S009,P0431,2025-08-27,2025-09-11,2025-09-11,269,7114.22,0,On Time
PO002674,S005,P0364,2024-01-23,2024-03-12,2024-03-23,622,4528.99,11,Delayed
PO002675,S004,P0024,2024-02-21,2024-03-31,2024-03-31,30,4952.76,0,On Time
PO002676,S041,P0194,2024-07-30,2024-08-22,2024-08-22,500,4975.77,0,On Time
PO002677,S014,P0046,2024-08-19,2024-10-12,2024-10-12,120,74714.28,0,On Time
PO002678,S014,P0275,2024-09-15,2024-11-08,2024-11-08,319,9673.54,0,On Time
PO002679,S002,P0476,2024-10-31,2024-12-11,2024-12-19,457,4982.54,8,Delayed
PO002680,S033,P0039,2024-08-06,2024-08-18,2024-08-18,986,2207.19,0,On Time
PO002681,S022,P0160,2024-12-17,2025-01-01,2025-01-01,849,11991.24,0,On Time
PO002682,S050,P0277,2025-10-20,2025-12-04,2025-12-04,440,9086.94,0,On Time
PO002683,S026,P0306,2024-11-17,2024-12-11,2024-12-22,37,388.57,11,Delayed
PO002684,S041,P0308,2025-12-06,2025-12-29,2025-12-29,513,3460.66,0,On Time
PO002685,S007,P0455,2024-07-02,2024-08-05,2024-08-05,547,2932.02,0,On Time
PO002686,S018,P0104,2024-11-01,2024-11-14,2024-11-14,106,4148.77,0,On Time
PO002687,S040,P0183,2024-05-06,2024-05-28,2024-06-11,517,11159.15,14,Delayed
PO002688,S048,P0229,2025-09-17,2025-10-03,2025-10-03,869,17234.35,0,On Time
PO002689,S035,P0337,2024-01-23,2024-03-06,2024-03-06,286,2620.98,0,On Time
PO002690,S042,P0365,2024-05-26,2024-07-20,2024-07-20,849,3986.82,0,On Time
PO002691,S001,P0189,2025-07-20,2025-09-12,2025-09-14,508,6997.82,2,Delayed
PO002692,S031,P0217,2025-10-21,2025-12-13,2025-12-13,754,6727.81,0,On Time
PO002693,S049,P0173,2025-06-06,2025-08-03,2025-08-03,728,1292.32,0,On Time
PO002694,S010,P0057,2025-05-15,2025-06-12,2025-06-12,856,7013.68,0,On Time
PO002695,S017,P0393,2024-05-08,2024-06-14,2024-06-14,436,3254.3,0,On Time
PO002696,S036,P0208,2025-08-15,2025-08-27,2025-09-06,381,4998.87,10,Delayed
PO002697,S030,P0446,2025-11-13,2025-12-30,2025-12-30,278,24036.58,0,On Time
PO002698,S041,P0155,2024-10-17,2024-11-09,2024-11-09,100,1412.68,0,On Time
PO002699,S049,P0191,2025-12-14,2026-02-10,2026-02-10,742,13834.98,0,On Time
PO002700,S021,P0490,2025-01-12,2025-02-20,2025-02-20,430,910.39,0,On Time
PO002701,S048,P0288,2025-10-05,2025-10-21,2025-10-21,180,5799.86,0,On Time
PO002702,S026,P0400,2024-07-27,2024-08-20,2024-08-20,864,1983.34,0,On Time
PO002703,S034,P0268,2025-09-20,2025-10-24,2025-10-24,231,4020.19,0,On Time
PO002704,S043,P0253,2024-06-07,2024-07-18,2024-07-18,577,7467.39,0,On Time
PO002705,S021,P0499,2024-06-23,2024-08-01,2024-08-05,882,7113.56,4,Delayed
PO002706,S011,P0168,2025-07-18,2025-07-30,2025-07-30,568,1028.37,0,On Time
PO002707,S009,P0484,2025-05-05,2025-05-20,2025-05-30,750,46180.43,10,Delayed
PO002708,S042,P0265,2025-07-27,2025-09-20,2025-09-20,428,5807.58,0,On Time
PO002709,S022,P0326,2024-07-17,2024-08-01,2024-08-13,524,8973.8,12,Delayed
PO002710,S030,P0431,2025-12-11,2026-01-27,2026-01-27,884,8162.2,0,On Time
PO002711,S045,P0069,2025-01-23,2025-01-30,2025-01-30,953,2180.76,0,On Time
PO002712,S032,P0476,2025-08-13,2025-10-05,2025-10-05,450,5358.29,0,On Time
PO002713,S003,P0279,2024-04-02,2024-04-19,2024-05-04,51,10821.77,15,Delayed
PO002714,S037,P0208,2024-07-23,2024-09-14,2024-09-14,175,2398.19,0,On Time
PO002715,S035,P0267,2025-08-23,2025-10-05,2025-10-05,715,24882.42,0,On Time
PO002716,S030,P0013,2025-03-31,2025-05-17,2025-05-25,529,6158.32,8,Delayed
PO002717,S032,P0080,2025-11-21,2026-01-13,2026-01-27,907,1295.41,14,Delayed
PO002718,S007,P0058,2025-05-19,2025-06-22,2025-06-22,944,2896.14,0,On Time
PO002719,S049,P0260,2025-02-18,2025-04-17,2025-04-17,555,3178.53,0,On Time
PO002720,S013,P0486,2024-10-15,2024-12-02,2024-12-02,123,377.89,0,On Time
PO002721,S003,P0399,2024-06-02,2024-06-19,2024-06-19,711,6662.8,0,On Time
PO002722,S008,P0072,2024-10-02,2024-10-20,2024-10-20,240,39858.63,0,On Time
PO002723,S033,P0316,2024-07-10,2024-07-22,2024-07-23,807,2412.36,1,Delayed
PO002724,S046,P0281,2024-05-15,2024-05-22,2024-06-05,795,4515.49,14,Delayed
PO002725,S036,P0073,2025-05-19,2025-05-31,2025-05-31,188,4162.06,0,On Time
PO002726,S003,P0189,2024-05-06,2024-05-23,2024-05-23,393,12532.26,0,On Time
PO002727,S029,P0329,2024-09-06,2024-10-04,2024-10-04,662,14685.35,0,On Time
PO002728,S038,P0480,2025-11-13,2026-01-09,2026-01-09,175,3553.23,0,On Time
PO002729,S020,P0003,2024-07-04,2024-08-14,2024-08-14,627,5314.76,0,On Time
PO002730,S009,P0407,2024-12-25,2025-01-09,2025-01-09,235,4974.69,0,On Time
PO002731,S021,P0286,2025-10-12,2025-11-20,2025-11-20,317,2481.54,0,On Time
PO002732,S017,P0011,2024-03-16,2024-04-22,2024-04-22,81,8720.23,0,On Time
PO002733,S038,P0046,2025-11-15,2026-01-11,2026-01-11,532,17583.59,0,On Time
PO002734,S002,P0328,2025-07-01,2025-08-11,2025-08-11,820,8475.15,0,On Time
PO002735,S005,P0084,2025-06-23,2025-08-11,2025-08-11,698,2695.93,0,On Time
PO002736,S027,P0317,2025-12-02,2026-01-30,2026-01-30,157,2904.82,0,On Time
PO002737,S039,P0205,2024-02-15,2024-03-11,2024-03-11,92,9773.57,0,On Time
PO002738,S039,P0046,2024-06-18,2024-07-13,2024-07-13,513,4291.5,0,On Time
PO002739,S024,P0330,2024-03-24,2024-04-22,2024-04-22,966,9807.81,0,On Time
PO002740,S044,P0249,2024-02-02,2024-03-05,2024-03-12,319,5434.19,7,Delayed
PO002741,S022,P0274,2025-10-12,2025-10-27,2025-10-31,460,5405.21,4,Delayed
PO002742,S007,P0299,2025-08-20,2025-09-23,2025-09-23,958,7315.01,0,On Time
PO002743,S008,P0246,2024-01-05,2024-01-23,2024-01-23,955,12546.56,0,On Time
PO002744,S020,P0007,2025-08-14,2025-09-24,2025-09-29,935,3859.74,5,Delayed
PO002745,S044,P0261,2024-05-08,2024-06-09,2024-06-09,734,7469.73,0,On Time
PO002746,S044,P0458,2025-04-14,2025-05-16,2025-05-16,540,4924.91,0,On Time
PO002747,S014,P0223,2025-10-28,2025-12-21,2025-12-21,367,4602.3,0,On Time
PO002748,S025,P0415,2025-05-14,2025-07-12,2025-07-12,698,18103.96,0,On Time
PO002749,S018,P0051,2025-02-06,2025-02-19,2025-02-19,750,1073.12,0,On Time
PO002750,S030,P0230,2024-05-09,2024-06-25,2024-06-25,450,11249.52,0,On Time
PO002751,S011,P0172,2025-08-03,2025-08-15,2025-08-15,160,1192.01,0,On Time
PO002752,S040,P0233,2025-07-08,2025-07-30,2025-08-09,213,9845.07,10,Delayed
PO002753,S018,P0444,2024-11-26,2024-12-09,2024-12-09,67,19880.64,0,On Time
PO002754,S032,P0426,2025-05-30,2025-07-22,2025-07-22,704,9587.84,0,On Time
PO002755,S003,P0359,2024-04-09,2024-04-26,2024-04-26,18,2856.12,0,On Time
PO002756,S043,P0010,2025-11-07,2025-12-18,2025-12-18,855,2830.57,0,On Time
PO002757,S022,P0254,2025-08-17,2025-09-01,2025-09-01,989,3970.99,0,On Time
PO002758,S001,P0363,2025-06-11,2025-08-04,2025-08-04,599,4298.93,0,On Time
PO002759,S023,P0021,2025-09-14,2025-11-07,2025-11-07,137,3609.25,0,On Time
PO002760,S002,P0184,2025-03-21,2025-05-01,2025-05-01,604,4689.02,0,On Time
PO002761,S001,P0040,2025-12-12,2026-02-04,2026-02-04,636,2076.0,0,On Time
PO002762,S044,P0289,2025-02-26,2025-03-30,2025-03-30,823,2663.56,0,On Time
PO002763,S037,P0072,2025-06-22,2025-08-14,2025-08-14,207,7799.04,0,On Time
PO002764,S048,P0002,2024-08-08,2024-08-24,2024-08-24,565,1855.87,0,On Time
PO002765,S010,P0278,2025-01-11,2025-02-08,2025-02-08,571,16117.35,0,On Time
PO002766,S046,P0490,2025-03-22,2025-03-29,2025-03-29,603,7075.97,0,On Time
PO002767,S004,P0428,2024-06-09,2024-07-18,2024-07-18,588,5831.35,0,On Time
PO002768,S032,P0092,2025-02-23,2025-04-17,2025-04-17,762,2046.79,0,On Time
PO002769,S006,P0328,2024-12-26,2025-02-04,2025-02-04,85,9079.59,0,On Time
PO002770,S042,P0182,2024-03-26,2024-05-20,2024-05-20,492,27323.96,0,On Time
PO002771,S044,P0334,2025-11-19,2025-12-21,2025-12-25,704,1417.63,4,Delayed
PO002772,S037,P0452,2024-03-24,2024-05-16,2024-05-16,764,2106.3,0,On Time
PO002773,S049,P0391,2025-09-11,2025-11-08,2025-11-11,783,1408.18,3,Delayed
PO002774,S009,P0036,2025-10-18,2025-11-02,2025-11-02,659,3628.2,0,On Time
PO002775,S027,P0324,2024-01-31,2024-03-30,2024-03-30,147,3394.8,0,On Time
PO002776,S023,P0474,2025-05-28,2025-07-21,2025-07-21,546,9868.59,0,On Time
PO002777,S035,P0451,2024-05-18,2024-06-30,2024-06-30,11,1646.1,0,On Time
PO002778,S017,P0296,2025-11-17,2025-12-24,2025-12-24,286,8284.92,0,On Time
PO002779,S008,P0267,2025-01-07,2025-01-25,2025-01-25,679,21393.96,0,On Time
PO002780,S050,P0036,2025-08-09,2025-09-23,2025-09-23,226,2094.58,0,On Time
PO002781,S014,P0064,2024-05-01,2024-06-24,2024-06-24,125,56788.84,0,On Time
PO002782,S029,P0407,2024-08-06,2024-09-03,2024-09-03,614,2171.16,0,On Time
PO002783,S001,P0111,2024-03-20,2024-05-13,2024-05-13,916,14596.49,0,On Time
PO002784,S044,P0112,2025-03-12,2025-04-13,2025-04-13,940,4832.0,0,On Time
PO002785,S026,P0224,2024-10-11,2024-11-04,2024-11-12,97,2314.21,8,Delayed
PO002786,S001,P0318,2024-10-24,2024-12-17,2024-12-17,570,7630.01,0,On Time
PO002787,S046,P0254,2024-05-15,2024-05-22,2024-05-22,506,8395.72,0,On Time
PO002788,S012,P0035,2025-04-28,2025-05-22,2025-05-22,316,3444.97,0,On Time
PO002789,S005,P0448,2024-11-04,2024-12-23,2024-12-23,255,12909.7,0,On Time
PO002790,S049,P0425,2024-04-17,2024-06-14,2024-06-14,814,2102.14,0,On Time
PO002791,S045,P0290,2025-08-26,2025-09-02,2025-09-02,315,4809.54,0,On Time
PO002792,S047,P0481,2025-08-27,2025-10-14,2025-10-14,96,6633.03,0,On Time
PO002793,S042,P0461,2025-10-27,2025-12-21,2025-12-21,913,4825.05,0,On Time
PO002794,S035,P0467,2025-03-25,2025-05-07,2025-05-07,349,7645.92,0,On Time
PO002795,S038,P0161,2025-03-29,2025-05-25,2025-06-02,448,1632.94,8,Delayed
PO002796,S042,P0416,2025-11-15,2026-01-09,2026-01-09,169,7095.81,0,On Time
PO002797,S022,P0242,2025-01-08,2025-01-23,2025-01-23,517,1435.91,0,On Time
PO002798,S005,P0421,2025-07-20,2025-09-07,2025-09-07,176,1593.11,0,On Time
PO002799,S047,P0317,2024-08-23,2024-10-10,2024-10-10,335,1106.84,0,On Time
PO002800,S023,P0399,2025-08-12,2025-10-05,2025-10-05,444,1297.39,0,On Time
PO002801,S024,P0407,2025-07-16,2025-08-14,2025-08-14,481,5670.51,0,On Time
PO002802,S020,P0488,2025-05-06,2025-06-16,2025-06-16,289,2423.51,0,On Time
PO002803,S012,P0156,2024-01-26,2024-02-19,2024-02-19,871,3097.29,0,On Time
PO002804,S005,P0375,2025-11-06,2025-12-25,2025-12-25,14,7989.26,0,On Time
PO002805,S013,P0457,2024-06-30,2024-08-17,2024-08-17,821,17653.63,0,On Time
PO002806,S030,P0445,2024-12-13,2025-01-29,2025-01-29,772,10749.35,0,On Time
PO002807,S035,P0336,2025-09-29,2025-11-11,2025-11-11,78,5191.44,0,On Time
PO002808,S015,P0029,2025-07-11,2025-09-06,2025-09-08,433,4090.19,2,Delayed
PO002809,S044,P0088,2025-08-19,2025-09-20,2025-09-20,285,8372.24,0,On Time
PO002810,S036,P0178,2024-05-25,2024-06-06,2024-06-06,839,4710.88,0,On Time
PO002811,S038,P0115,2025-10-22,2025-12-18,2025-12-30,218,8831.87,12,Delayed
PO002812,S015,P0391,2025-11-10,2026-01-06,2026-01-06,955,1733.1,0,On Time
PO002813,S028,P0231,2025-07-14,2025-08-05,2025-08-05,901,2830.31,0,On Time
PO002814,S049,P0494,2025-01-11,2025-03-10,2025-03-10,490,1194.03,0,On Time
PO002815,S017,P0247,2024-01-07,2024-02-13,2024-02-13,935,2109.65,0,On Time
PO002816,S022,P0380,2025-08-07,2025-08-22,2025-08-22,853,23295.44,0,On Time
PO002817,S026,P0299,2024-01-16,2024-02-09,2024-02-09,324,913.45,0,On Time
PO002818,S042,P0018,2024-02-06,2024-04-01,2024-04-01,563,1716.11,0,On Time
PO002819,S041,P0489,2024-08-21,2024-09-13,2024-09-26,612,8791.21,13,Delayed
PO002820,S012,P0100,2024-02-19,2024-03-14,2024-03-14,545,645.27,0,On Time
PO002821,S029,P0077,2025-01-01,2025-01-29,2025-02-09,410,8886.22,11,Delayed
PO002822,S026,P0290,2025-12-14,2026-01-07,2026-01-07,98,4147.85,0,On Time
PO002823,S002,P0472,2024-10-16,2024-11-26,2024-11-26,674,6521.97,0,On Time
PO002824,S016,P0036,2024-09-14,2024-10-05,2024-10-05,810,7569.97,0,On Time
PO002825,S031,P0465,2024-09-19,2024-11-11,2024-11-21,799,10424.87,10,Delayed
PO002826,S020,P0163,2024-06-08,2024-07-19,2024-07-19,55,663.0,0,On Time
PO002827,S005,P0487,2025-06-22,2025-08-10,2025-08-10,849,5674.29,0,On Time
PO002828,S016,P0398,2025-01-11,2025-02-01,2025-02-01,758,3700.33,0,On Time
PO002829,S046,P0067,2025-03-25,2025-04-01,2025-04-01,558,3262.36,0,On Time
PO002830,S043,P0446,2025-01-20,2025-03-02,2025-03-02,805,7982.35,0,On Time
PO002831,S047,P0415,2025-03-15,2025-05-02,2025-05-02,471,1707.09,0,On Time
PO002832,S002,P0411,2024-05-04,2024-06-14,2024-06-14,309,3921.16,0,On Time
PO002833,S013,P0160,2025-12-02,2026-01-19,2026-01-19,368,9552.09,0,On Time
PO002834,S025,P0416,2025-06-01,2025-07-30,2025-07-30,362,4088.69,0,On Time
PO002835,S040,P0346,2025-05-11,2025-06-02,2025-06-05,665,962.75,3,Delayed
PO002836,S013,P0327,2024-11-18,2025-01-05,2025-01-05,49,7557.75,0,On Time
PO002837,S015,P0063,2024-05-31,2024-07-27,2024-07-27,985,5431.64,0,On Time
PO002838,S003,P0369,2025-09-23,2025-10-10,2025-10-10,641,1308.98,0,On Time
PO002839,S019,P0348,2025-02-24,2025-03-08,2025-03-15,330,6513.54,7,Delayed
PO002840,S049,P0442,2024-01-23,2024-03-21,2024-03-31,682,2511.2,10,Delayed
PO002841,S036,P0117,2025-05-15,2025-05-27,2025-05-27,689,3139.7,0,On Time
PO002842,S018,P0361,2025-06-18,2025-07-01,2025-07-01,846,1990.35,0,On Time
PO002843,S025,P0414,2025-03-17,2025-05-15,2025-05-15,736,5698.25,0,On Time
PO002844,S015,P0420,2025-12-06,2026-02-01,2026-02-01,421,6368.35,0,On Time
PO002845,S020,P0036,2025-12-15,2026-01-25,2026-01-25,541,6872.8,0,On Time
PO002846,S004,P0081,2025-03-21,2025-04-29,2025-05-14,315,2528.11,15,Delayed
PO002847,S008,P0011,2024-11-25,2024-12-13,2024-12-13,166,1686.3,0,On Time
PO002848,S043,P0306,2025-03-13,2025-04-23,2025-05-01,383,9422.5,8,Delayed
PO002849,S014,P0049,2024-03-02,2024-04-25,2024-04-25,681,6621.04,0,On Time
PO002850,S048,P0160,2024-09-04,2024-09-20,2024-09-20,118,3073.0,0,On Time
PO002851,S036,P0376,2024-02-22,2024-03-05,2024-03-05,672,2568.57,0,On Time
PO002852,S023,P0350,2024-12-12,2025-02-04,2025-02-04,575,5663.29,0,On Time
PO002853,S010,P0086,2025-07-05,2025-08-02,2025-08-02,276,3847.66,0,On Time
PO002854,S004,P0494,2024-02-26,2024-04-05,2024-04-07,145,2589.91,2,Delayed
PO002855,S043,P0181,2025-06-06,2025-07-17,2025-07-23,638,8314.79,6,Delayed
PO002856,S028,P0232,2025-02-03,2025-02-25,2025-02-25,269,3129.78,0,On Time
PO002857,S019,P0314,2025-04-15,2025-04-27,2025-04-27,820,2046.05,0,On Time
PO002858,S050,P0381,2024-03-05,2024-04-19,2024-04-19,231,2631.34,0,On Time
PO002859,S003,P0278,2024-01-14,2024-01-31,2024-01-31,94,6153.51,0,On Time
PO002860,S050,P0069,2025-04-10,2025-05-25,2025-05-25,127,2263.24,0,On Time
PO002861,S005,P0496,2024-02-12,2024-04-01,2024-04-01,202,2291.3,0,On Time
PO002862,S037,P0042,2025-02-13,2025-04-07,2025-04-07,322,2150.0,0,On Time
PO002863,S042,P0377,2024-05-30,2024-07-24,2024-07-24,830,2213.5,0,On Time
PO002864,S029,P0104,2024-11-07,2024-12-05,2024-12-05,917,4292.16,0,On Time
PO002865,S001,P0087,2024-10-02,2024-11-25,2024-11-25,378,4303.38,0,On Time
PO002866,S034,P0259,2025-04-21,2025-05-25,2025-05-25,123,2470.31,0,On Time
PO002867,S028,P0105,2024-04-20,2024-05-12,2024-05-14,738,21836.06,2,Delayed
PO002868,S023,P0309,2025-12-26,2026-02-18,2026-02-18,840,7251.89,0,On Time
PO002869,S015,P0098,2024-04-13,2024-06-09,2024-06-09,923,17509.02,0,On Time
PO002870,S030,P0441,2025-08-25,2025-10-11,2025-10-11,895,21850.65,0,On Time
PO002871,S003,P0323,2025-09-04,2025-09-21,2025-09-21,44,10218.3,0,On Time
PO002872,S016,P0130,2024-01-06,2024-01-27,2024-01-27,53,4749.43,0,On Time
PO002873,S045,P0332,2025-06-14,2025-06-21,2025-06-21,140,14592.43,0,On Time
PO002874,S042,P0441,2025-05-25,2025-07-19,2025-07-19,907,790.0,0,On Time
PO002875,S016,P0294,2025-03-02,2025-03-23,2025-04-02,399,2421.99,10,Delayed
PO002876,S043,P0049,2025-05-06,2025-06-16,2025-06-16,592,12898.48,0,On Time
PO002877,S014,P0334,2025-05-01,2025-06-24,2025-06-24,796,11803.78,0,On Time
PO002878,S025,P0380,2024-06-26,2024-08-24,2024-08-24,861,7300.82,0,On Time
PO002879,S025,P0361,2025-10-03,2025-12-01,2025-12-11,807,2042.84,10,Delayed
PO002880,S010,P0079,2025-01-19,2025-02-16,2025-02-16,580,2058.48,0,On Time
PO002881,S006,P0135,2025-01-20,2025-03-01,2025-03-01,725,4475.84,0,On Time
PO002882,S001,P0435,2024-10-30,2024-12-23,2024-12-23,838,7449.4,0,On Time
PO002883,S018,P0142,2024-04-09,2024-04-22,2024-04-25,662,1923.41,3,Delayed
PO002884,S029,P0013,2024-06-28,2024-07-26,2024-07-26,405,16688.69,0,On Time
PO002885,S001,P0475,2024-09-17,2024-11-10,2024-11-10,773,8218.55,0,On Time
PO002886,S024,P0440,2025-09-17,2025-10-16,2025-10-16,596,976.0,0,On Time
PO002887,S026,P0398,2025-08-06,2025-08-30,2025-08-30,138,2172.75,0,On Time
PO002888,S043,P0236,2024-04-23,2024-06-03,2024-06-09,399,5858.9,6,Delayed
PO002889,S030,P0473,2024-12-24,2025-02-09,2025-02-16,467,2050.04,7,Delayed
PO002890,S047,P0230,2024-12-22,2025-02-08,2025-02-13,260,5786.93,5,Delayed
PO002891,S017,P0101,2025-05-21,2025-06-27,2025-06-27,334,13852.37,0,On Time
PO002892,S015,P0348,2024-11-10,2025-01-06,2025-01-06,911,6144.67,0,On Time
PO002893,S011,P0459,2024-04-14,2024-04-26,2024-04-26,12,12174.05,0,On Time
PO002894,S008,P0075,2024-09-03,2024-09-21,2024-09-25,542,18944.8,4,Delayed
PO002895,S017,P0158,2024-04-19,2024-05-26,2024-05-26,846,989.76,0,On Time
PO002896,S024,P0043,2025-12-21,2026-01-19,2026-01-19,649,2845.82,0,On Time
PO002897,S033,P0406,2025-03-24,2025-04-05,2025-04-05,596,3909.26,0,On Time
PO002898,S037,P0178,2024-11-24,2025-01-16,2025-01-16,740,3889.08,0,On Time
PO002899,S031,P0439,2025-11-15,2026-01-07,2026-01-07,196,1440.43,0,On Time
PO002900,S026,P0043,2024-09-14,2024-10-08,2024-10-08,975,3209.91,0,On Time
PO002901,S049,P0126,2024-07-10,2024-09-06,2024-09-06,433,2430.35,0,On Time
PO002902,S044,P0313,2025-11-03,2025-12-05,2025-12-05,752,5015.12,0,On Time
PO002903,S003,P0327,2024-02-25,2024-03-13,2024-03-13,245,2932.29,0,On Time
PO002904,S017,P0224,2024-08-04,2024-09-10,2024-09-10,858,2860.44,0,On Time
PO002905,S041,P0135,2024-08-07,2024-08-30,2024-08-30,612,8991.74,0,On Time
PO002906,S040,P0223,2024-12-22,2025-01-13,2025-01-28,712,1551.01,15,Delayed
PO002907,S050,P0386,2024-08-15,2024-09-29,2024-09-29,599,4458.92,0,On Time
PO002908,S048,P0367,2025-01-17,2025-02-02,2025-02-02,810,9818.64,0,On Time
PO002909,S011,P0463,2024-02-28,2024-03-11,2024-03-11,609,2103.06,0,On Time
PO002910,S009,P0365,2024-11-09,2024-11-24,2024-11-29,685,3822.62,5,Delayed
PO002911,S018,P0172,2025-10-25,2025-11-07,2025-11-07,987,32373.58,0,On Time
PO002912,S006,P0036,2024-09-11,2024-10-21,2024-10-21,275,11107.7,0,On Time
PO002913,S047,P0500,2024-02-03,2024-03-22,2024-03-22,843,4049.97,0,On Time
PO002914,S048,P0186,2025-05-16,2025-06-01,2025-06-01,853,2614.43,0,On Time
PO002915,S034,P0102,2024-04-15,2024-05-19,2024-06-01,599,4070.3,13,Delayed
PO002916,S005,P0180,2025-03-27,2025-05-15,2025-05-15,454,63430.23,0,On Time
PO002917,S020,P0372,2025-10-24,2025-12-04,2025-12-04,977,13517.9,0,On Time
PO002918,S019,P0498,2024-09-18,2024-09-30,2024-09-30,170,9025.56,0,On Time
PO002919,S038,P0175,2025-04-17,2025-06-13,2025-06-13,377,4737.89,0,On Time
PO002920,S014,P0308,2024-08-16,2024-10-09,2024-10-09,501,4646.67,0,On Time
PO002921,S018,P0143,2025-03-30,2025-04-12,2025-04-25,938,35411.22,13,Delayed
PO002922,S029,P0277,2025-02-14,2025-03-14,2025-03-23,846,19124.48,9,Delayed
PO002923,S047,P0228,2025-12-16,2026-02-02,2026-02-02,690,2242.32,0,On Time
PO002924,S020,P0019,2025-06-09,2025-07-20,2025-08-02,351,10444.32,13,Delayed
PO002925,S049,P0414,2024-05-16,2024-07-13,2024-07-13,784,3509.82,0,On Time
PO002926,S047,P0210,2025-06-10,2025-07-28,2025-07-28,338,1728.28,0,On Time
PO002927,S003,P0299,2025-02-20,2025-03-09,2025-03-09,701,5541.02,0,On Time
PO002928,S020,P0246,2024-01-31,2024-03-12,2024-03-12,477,13862.32,0,On Time
PO002929,S020,P0396,2025-10-03,2025-11-13,2025-11-13,188,37544.25,0,On Time
PO002930,S038,P0105,2024-05-07,2024-07-03,2024-07-03,548,5160.31,0,On Time
PO002931,S038,P0459,2024-02-11,2024-04-08,2024-04-14,355,4310.23,6,Delayed
PO002932,S005,P0404,2025-11-19,2026-01-07,2026-01-07,176,2951.86,0,On Time
PO002933,S048,P0156,2025-05-07,2025-05-23,2025-05-23,727,1308.16,0,On Time
PO002934,S012,P0313,2024-08-30,2024-09-23,2024-09-23,740,3920.68,0,On Time
PO002935,S015,P0250,2024-06-02,2024-07-29,2024-07-29,990,1346.49,0,On Time
PO002936,S019,P0392,2024-12-30,2025-01-11,2025-01-11,153,3787.03,0,On Time
PO002937,S008,P0308,2024-12-29,2025-01-16,2025-01-16,658,11529.39,0,On Time
PO002938,S005,P0419,2025-02-15,2025-04-05,2025-04-05,398,3017.53,0,On Time
PO002939,S004,P0232,2024-03-06,2024-04-14,2024-04-14,385,3161.18,0,On Time
PO002940,S038,P0415,2024-03-12,2024-05-08,2024-05-08,349,8494.23,0,On Time
PO002941,S047,P0448,2024-07-19,2024-09-05,2024-09-13,948,10420.49,8,Delayed
PO002942,S032,P0433,2024-05-30,2024-07-22,2024-07-22,627,8781.1,0,On Time
PO002943,S050,P0419,2024-07-26,2024-09-09,2024-09-09,134,3297.09,0,On Time
PO002944,S049,P0132,2024-05-14,2024-07-11,2024-07-11,788,943.64,0,On Time
PO002945,S049,P0352,2024-09-02,2024-10-30,2024-10-30,863,3925.66,0,On Time
PO002946,S047,P0121,2025-12-23,2026-02-09,2026-02-09,761,6468.45,0,On Time
PO002947,S024,P0393,2024-09-16,2024-10-15,2024-10-15,131,3654.03,0,On Time
PO002948,S034,P0046,2024-10-18,2024-11-21,2024-11-21,949,1677.41,0,On Time
PO002949,S023,P0018,2025-08-25,2025-10-18,2025-10-31,570,1922.46,13,Delayed
PO002950,S045,P0466,2025-07-23,2025-07-30,2025-07-30,265,3562.96,0,On Time
PO002951,S046,P0077,2025-10-02,2025-10-09,2025-10-09,528,2129.38,0,On Time
PO002952,S047,P0312,2025-06-01,2025-07-19,2025-07-19,409,15329.42,0,On Time
PO002953,S036,P0053,2024-01-06,2024-01-18,2024-01-26,449,5336.47,8,Delayed
PO002954,S044,P0359,2024-11-19,2024-12-21,2024-12-21,833,4012.4,0,On Time
PO002955,S014,P0072,2025-01-19,2025-03-14,2025-03-14,16,4087.42,0,On Time
PO002956,S022,P0399,2024-09-19,2024-10-04,2024-10-04,985,2526.29,0,On Time
PO002957,S039,P0424,2024-11-11,2024-12-06,2024-12-06,792,3774.01,0,On Time
PO002958,S040,P0304,2024-01-19,2024-02-10,2024-02-10,26,382.98,0,On Time
PO002959,S007,P0449,2024-10-16,2024-11-19,2024-11-26,445,4742.07,7,Delayed
PO002960,S040,P0320,2024-12-16,2025-01-07,2025-01-07,22,15132.89,0,On Time
PO002961,S006,P0419,2024-04-22,2024-06-01,2024-06-01,828,5893.68,0,On Time
PO002962,S001,P0051,2025-01-24,2025-03-19,2025-03-19,328,4920.4,0,On Time
PO002963,S004,P0116,2025-03-11,2025-04-19,2025-04-19,883,3320.84,0,On Time
PO002964,S008,P0459,2024-07-12,2024-07-30,2024-08-11,270,2697.73,12,Delayed
PO002965,S022,P0108,2024-03-18,2024-04-02,2024-04-02,967,34284.0,0,On Time
PO002966,S002,P0041,2024-08-13,2024-09-23,2024-09-23,677,2425.68,0,On Time
PO002967,S004,P0328,2025-11-02,2025-12-11,2025-12-22,817,45490.03,11,Delayed
PO002968,S035,P0288,2025-12-10,2026-01-22,2026-01-22,744,2281.13,0,On Time
PO002969,S045,P0325,2025-05-11,2025-05-18,2025-05-18,659,3557.42,0,On Time
PO002970,S026,P0473,2025-11-01,2025-11-25,2025-11-25,150,2080.23,0,On Time
PO002971,S021,P0346,2024-12-29,2025-02-06,2025-02-06,296,4936.75,0,On Time
PO002972,S018,P0354,2025-12-22,2026-01-04,2026-01-04,321,3458.87,0,On Time
PO002973,S039,P0303,2024-08-01,2024-08-26,2024-09-08,952,14568.51,13,Delayed
PO002974,S005,P0232,2025-09-20,2025-11-08,2025-11-08,245,1300.74,0,On Time
PO002975,S007,P0487,2025-06-01,2025-07-05,2025-07-17,650,8385.71,12,Delayed
PO002976,S032,P0284,2025-08-16,2025-10-08,2025-10-08,244,3340.99,0,On Time
PO002977,S007,P0175,2025-05-07,2025-06-10,2025-06-18,694,6064.21,8,Delayed
PO002978,S017,P0487,2024-04-18,2024-05-25,2024-05-25,461,2491.56,0,On Time
PO002979,S005,P0400,2024-07-05,2024-08-23,2024-08-23,970,11333.01,0,On Time
PO002980,S009,P0414,2024-05-28,2024-06-12,2024-06-19,928,2145.21,7,Delayed
PO002981,S037,P0051,2024-08-23,2024-10-15,2024-10-26,647,12535.07,11,Delayed
PO002982,S035,P0332,2024-03-19,2024-05-01,2024-05-01,200,3283.75,0,On Time
PO002983,S027,P0377,2024-11-02,2024-12-31,2024-12-31,44,6608.8,0,On Time
PO002984,S024,P0092,2025-04-12,2025-05-11,2025-05-11,607,3472.21,0,On Time
PO002985,S021,P0153,2024-01-09,2024-02-17,2024-02-17,478,3002.67,0,On Time
PO002986,S043,P0115,2024-07-17,2024-08-27,2024-09-01,187,11007.47,5,Delayed
PO002987,S002,P0115,2024-12-05,2025-01-15,2025-01-15,14,6653.69,0,On Time
PO002988,S046,P0399,2024-07-01,2024-07-08,2024-07-08,927,6936.5,0,On Time
PO002989,S044,P0217,2025-12-23,2026-01-24,2026-01-24,181,4607.51,0,On Time
PO002990,S037,P0200,2024-06-28,2024-08-20,2024-08-20,197,2094.15,0,On Time
PO002991,S049,P0243,2025-03-21,2025-05-18,2025-05-18,798,4244.3,0,On Time
PO002992,S050,P0249,2025-01-09,2025-02-23,2025-02-23,912,13786.99,0,On Time
PO002993,S011,P0354,2024-01-13,2024-01-25,2024-01-25,782,16115.98,0,On Time
PO002994,S018,P0146,2024-02-21,2024-03-05,2024-03-05,826,2719.6,0,On Time
PO002995,S006,P0353,2025-08-18,2025-09-27,2025-09-27,752,3762.42,0,On Time
PO002996,S005,P0406,2024-06-19,2024-08-07,2024-08-07,413,2823.92,0,On Time
PO002997,S038,P0437,2025-07-19,2025-09-14,2025-09-14,892,7139.35,0,On Time
PO002998,S007,P0266,2024-01-06,2024-02-09,2024-02-10,156,4021.23,1,Delayed
PO002999,S049,P0445,2024-03-14,2024-05-11,2024-05-11,864,1458.98,0,On Time
PO003000,S013,P0472,2025-01-05,2025-02-22,2025-02-22,673,27886.72,0,On Time
PO003001,S022,P0192,2025-05-13,2025-05-28,2025-05-29,723,395.2,1,Delayed
PO003002,S031,P0170,2024-10-21,2024-12-13,2024-12-13,901,13843.86,0,On Time
PO003003,S007,P0227,2024-09-18,2024-10-22,2024-10-22,435,3860.15,0,On Time
PO003004,S008,P0201,2025-07-09,2025-07-27,2025-07-27,957,36823.29,0,On Time
PO003005,S019,P0494,2025-02-16,2025-02-28,2025-02-28,972,3907.78,0,On Time
PO003006,S011,P0145,2025-10-01,2025-10-13,2025-10-13,438,1144.9,0,On Time
PO003007,S024,P0093,2025-07-05,2025-08-03,2025-08-07,226,4138.74,4,Delayed
PO003008,S019,P0146,2024-12-14,2024-12-26,2024-12-26,687,12610.66,0,On Time
PO003009,S027,P0124,2024-06-27,2024-08-25,2024-08-25,732,8341.57,0,On Time
PO003010,S014,P0287,2024-10-25,2024-12-18,2024-12-18,516,6618.64,0,On Time
PO003011,S046,P0239,2024-11-15,2024-11-22,2024-11-22,848,15898.78,0,On Time
PO003012,S025,P0226,2024-04-05,2024-06-03,2024-06-03,362,12572.36,0,On Time
PO003013,S005,P0201,2025-02-25,2025-04-15,2025-04-15,908,7753.82,0,On Time
PO003014,S031,P0106,2025-08-30,2025-10-22,2025-10-22,572,15708.9,0,On Time
PO003015,S042,P0176,2025-09-01,2025-10-26,2025-10-26,61,3011.47,0,On Time
PO003016,S039,P0385,2025-12-22,2026-01-16,2026-01-26,318,4663.05,10,Delayed
PO003017,S022,P0089,2024-06-24,2024-07-09,2024-07-09,18,6414.66,0,On Time
PO003018,S049,P0090,2025-10-11,2025-12-08,2025-12-08,529,2644.52,0,On Time
PO003019,S015,P0032,2025-01-20,2025-03-18,2025-03-18,861,1602.33,0,On Time
PO003020,S025,P0196,2025-06-19,2025-08-17,2025-08-17,176,3167.17,0,On Time
PO003021,S026,P0111,2025-01-28,2025-02-21,2025-02-21,257,20649.83,0,On Time
PO003022,S027,P0352,2024-07-08,2024-09-05,2024-09-17,271,16124.73,12,Delayed
PO003023,S035,P0493,2024-02-24,2024-04-07,2024-04-07,834,1355.74,0,On Time
PO003024,S039,P0462,2024-11-17,2024-12-12,2024-12-12,784,11040.26,0,On Time
PO003025,S005,P0043,2024-11-29,2025-01-17,2025-01-17,483,8143.41,0,On Time
PO003026,S032,P0107,2024-01-17,2024-03-10,2024-03-10,157,5006.19,0,On Time
PO003027,S049,P0377,2024-03-09,2024-05-06,2024-05-06,868,2642.2,0,On Time
PO003028,S043,P0255,2024-12-24,2025-02-03,2025-02-03,172,4092.81,0,On Time
PO003029,S037,P0032,2024-08-31,2024-10-23,2024-10-26,893,29851.17,3,Delayed
PO003030,S039,P0223,2025-01-02,2025-01-27,2025-01-27,774,16289.92,0,On Time
PO003031,S036,P0166,2024-11-15,2024-11-27,2024-11-27,31,1549.77,0,On Time
PO003032,S009,P0078,2024-10-26,2024-11-10,2024-11-13,537,9709.42,3,Delayed
PO003033,S045,P0028,2025-07-02,2025-07-09,2025-07-09,641,6988.41,0,On Time
PO003034,S016,P0051,2025-03-16,2025-04-06,2025-04-21,199,5608.4,15,Delayed
PO003035,S032,P0138,2024-04-05,2024-05-28,2024-05-28,862,29874.19,0,On Time
PO003036,S010,P0268,2025-08-08,2025-09-05,2025-09-05,830,4721.99,0,On Time
PO003037,S027,P0360,2025-09-26,2025-11-24,2025-11-24,803,6051.69,0,On Time
PO003038,S008,P0034,2024-02-17,2024-03-06,2024-03-06,813,7251.24,0,On Time
PO003039,S045,P0046,2025-12-08,2025-12-15,2025-12-15,158,20914.04,0,On Time
PO003040,S001,P0109,2024-09-10,2024-11-03,2024-11-03,732,4159.12,0,On Time
PO003041,S047,P0327,2025-12-06,2026-01-23,2026-01-23,158,9707.12,0,On Time
PO003042,S041,P0083,2024-10-20,2024-11-12,2024-11-12,645,5706.95,0,On Time
PO003043,S025,P0155,2024-01-04,2024-03-03,2024-03-03,611,14751.15,0,On Time
PO003044,S019,P0261,2025-05-28,2025-06-09,2025-06-09,630,5431.16,0,On Time
PO003045,S041,P0180,2024-08-16,2024-09-08,2024-09-08,664,46703.99,0,On Time
PO003046,S031,P0210,2024-07-18,2024-09-09,2024-09-09,451,12486.13,0,On Time
PO003047,S030,P0340,2024-08-20,2024-10-06,2024-10-06,132,6304.48,0,On Time
PO003048,S037,P0358,2025-05-28,2025-07-20,2025-07-20,790,9270.97,0,On Time
PO003049,S010,P0473,2025-07-10,2025-08-07,2025-08-07,582,5213.95,0,On Time
PO003050,S038,P0053,2024-10-16,2024-12-12,2024-12-12,147,8269.29,0,On Time
PO003051,S020,P0277,2024-08-26,2024-10-06,2024-10-06,617,3762.22,0,On Time
PO003052,S036,P0225,2025-07-02,2025-07-14,2025-07-14,828,10375.32,0,On Time
PO003053,S009,P0436,2025-03-09,2025-03-24,2025-03-30,978,8358.91,6,Delayed
PO003054,S025,P0445,2024-11-25,2025-01-23,2025-01-23,458,9291.14,0,On Time
PO003055,S033,P0160,2024-03-31,2024-04-12,2024-04-12,893,12642.42,0,On Time
PO003056,S019,P0365,2025-11-01,2025-11-13,2025-11-13,987,4678.95,0,On Time
PO003057,S049,P0333,2025-11-04,2026-01-01,2026-01-01,247,17694.1,0,On Time
PO003058,S015,P0313,2024-08-05,2024-10-01,2024-10-01,376,2780.27,0,On Time
PO003059,S025,P0378,2025-04-11,2025-06-09,2025-06-09,402,9354.39,0,On Time
PO003060,S002,P0253,2024-01-21,2024-03-02,2024-03-02,594,5452.16,0,On Time
PO003061,S040,P0315,2025-10-20,2025-11-11,2025-11-26,801,4601.4,15,Delayed
PO003062,S033,P0037,2024-08-19,2024-08-31,2024-08-31,361,2469.66,0,On Time
PO003063,S049,P0139,2025-10-03,2025-11-30,2025-11-30,776,4904.68,0,On Time
PO003064,S004,P0190,2025-11-07,2025-12-16,2025-12-19,504,3945.44,3,Delayed
PO003065,S032,P0144,2025-01-08,2025-03-02,2025-03-02,198,4012.31,0,On Time
PO003066,S032,P0132,2025-09-27,2025-11-19,2025-11-19,317,6284.07,0,On Time
PO003067,S013,P0010,2025-05-04,2025-06-21,2025-06-21,800,2768.98,0,On Time
PO003068,S008,P0403,2025-03-30,2025-04-17,2025-04-17,255,9675.93,0,On Time
PO003069,S029,P0264,2024-07-08,2024-08-05,2024-08-05,176,3809.68,0,On Time
PO003070,S010,P0100,2024-12-04,2025-01-01,2025-01-01,551,6370.32,0,On Time
PO003071,S040,P0464,2024-09-13,2024-10-05,2024-10-05,459,6997.16,0,On Time
PO003072,S029,P0442,2024-06-26,2024-07-24,2024-07-24,209,3240.36,0,On Time
PO003073,S008,P0305,2024-05-01,2024-05-19,2024-05-24,12,1251.61,5,Delayed
PO003074,S017,P0383,2025-10-04,2025-11-10,2025-11-10,740,5239.39,0,On Time
PO003075,S046,P0340,2024-08-01,2024-08-08,2024-08-08,484,26963.52,0,On Time
PO003076,S048,P0239,2025-12-18,2026-01-03,2026-01-03,148,4832.57,0,On Time
PO003077,S020,P0219,2024-06-05,2024-07-16,2024-07-30,515,6325.09,14,Delayed
PO003078,S026,P0297,2024-06-13,2024-07-07,2024-07-07,606,850.88,0,On Time
PO003079,S029,P0416,2024-07-05,2024-08-02,2024-08-02,653,3174.19,0,On Time
PO003080,S042,P0182,2025-03-08,2025-05-02,2025-05-02,433,4055.87,0,On Time
PO003081,S003,P0250,2025-11-07,2025-11-24,2025-11-24,537,3123.2,0,On Time
PO003082,S029,P0410,2024-02-09,2024-03-08,2024-03-08,74,14067.45,0,On Time
PO003083,S032,P0117,2024-03-13,2024-05-05,2024-05-05,582,2396.47,0,On Time
PO003084,S034,P0006,2025-04-16,2025-05-20,2025-05-20,786,868.47,0,On Time
PO003085,S004,P0264,2024-03-07,2024-04-15,2024-04-15,320,5390.85,0,On Time
PO003086,S043,P0025,2025-04-24,2025-06-04,2025-06-04,94,15988.67,0,On Time
PO003087,S020,P0204,2025-03-26,2025-05-06,2025-05-12,426,3093.23,6,Delayed
PO003088,S022,P0011,2025-05-01,2025-05-16,2025-05-20,981,31150.49,4,Delayed
PO003089,S026,P0442,2025-01-21,2025-02-14,2025-02-26,259,25531.12,12,Delayed
PO003090,S027,P0010,2024-12-12,2025-02-09,2025-02-10,845,3850.92,1,Delayed
PO003091,S050,P0313,2024-09-12,2024-10-27,2024-10-27,929,3266.01,0,On Time
PO003092,S040,P0347,2025-09-19,2025-10-11,2025-10-11,945,3668.45,0,On Time
PO003093,S004,P0261,2024-01-31,2024-03-10,2024-03-10,342,1192.74,0,On Time
PO003094,S017,P0135,2024-05-08,2024-06-14,2024-06-14,30,3882.43,0,On Time
PO003095,S023,P0422,2025-08-14,2025-10-07,2025-10-13,443,1943.2,6,Delayed
PO003096,S003,P0434,2024-09-10,2024-09-27,2024-09-27,12,3439.48,0,On Time
PO003097,S013,P0499,2024-08-14,2024-10-01,2024-10-01,209,3581.08,0,On Time
PO003098,S031,P0024,2024-02-16,2024-04-09,2024-04-12,512,824.95,3,Delayed
PO003099,S018,P0051,2024-04-02,2024-04-15,2024-04-15,402,3085.65,0,On Time
PO003100,S036,P0314,2025-06-27,2025-07-09,2025-07-09,316,8739.9,0,On Time
PO003101,S022,P0097,2024-08-28,2024-09-12,2024-09-12,839,1694.12,0,On Time
PO003102,S038,P0008,2025-09-09,2025-11-05,2025-11-05,453,2632.1,0,On Time
PO003103,S048,P0111,2025-10-07,2025-10-23,2025-10-23,290,66982.33,0,On Time
PO003104,S041,P0355,2024-07-08,2024-07-31,2024-07-31,544,2890.72,0,On Time
PO003105,S002,P0459,2025-12-11,2026-01-21,2026-01-21,224,10835.22,0,On Time
PO003106,S042,P0447,2024-11-06,2024-12-31,2024-12-31,686,9166.25,0,On Time
PO003107,S018,P0112,2024-05-11,2024-05-24,2024-05-24,199,16120.04,0,On Time
PO003108,S044,P0077,2024-07-13,2024-08-14,2024-08-14,195,16227.77,0,On Time
PO003109,S041,P0365,2025-09-03,2025-09-26,2025-10-10,509,6652.51,14,Delayed
PO003110,S013,P0066,2025-01-03,2025-02-20,2025-02-20,252,3232.59,0,On Time
PO003111,S039,P0429,2024-06-07,2024-07-02,2024-07-02,846,12734.9,0,On Time
PO003112,S033,P0288,2025-05-27,2025-06-08,2025-06-22,743,1089.57,14,Delayed
PO003113,S004,P0357,2024-04-28,2024-06-06,2024-06-06,436,24422.56,0,On Time
PO003114,S022,P0253,2024-07-05,2024-07-20,2024-07-20,884,5746.02,0,On Time
PO003115,S045,P0450,2025-04-02,2025-04-09,2025-04-09,331,1671.22,0,On Time
PO003116,S003,P0152,2024-06-05,2024-06-22,2024-06-30,168,12546.29,8,Delayed
PO003117,S010,P0191,2024-06-10,2024-07-08,2024-07-08,601,2521.24,0,On Time
PO003118,S006,P0237,2025-10-09,2025-11-18,2025-11-18,719,9002.62,0,On Time
PO003119,S024,P0303,2025-05-09,2025-06-07,2025-06-07,231,1354.85,0,On Time
PO003120,S032,P0210,2025-05-02,2025-06-24,2025-07-06,219,11617.74,12,Delayed
PO003121,S025,P0360,2024-04-29,2024-06-27,2024-06-27,584,8230.68,0,On Time
PO003122,S004,P0103,2024-03-12,2024-04-20,2024-05-02,563,2516.1,12,Delayed
PO003123,S018,P0197,2024-11-01,2024-11-14,2024-11-14,226,5477.17,0,On Time
PO003124,S004,P0021,2024-06-09,2024-07-18,2024-07-18,253,10366.52,0,On Time
PO003125,S017,P0050,2024-02-13,2024-03-21,2024-03-21,556,4280.68,0,On Time
PO003126,S046,P0438,2024-10-30,2024-11-06,2024-11-06,946,1618.93,0,On Time
PO003127,S042,P0349,2024-12-25,2025-02-18,2025-02-18,124,3539.65,0,On Time
PO003128,S003,P0397,2024-04-25,2024-05-12,2024-05-12,207,28890.2,0,On Time
PO003129,S012,P0003,2025-11-02,2025-11-26,2025-11-26,325,6145.39,0,On Time
PO003130,S041,P0460,2024-05-26,2024-06-18,2024-06-18,714,2388.46,0,On Time
PO003131,S013,P0411,2024-09-04,2024-10-22,2024-10-22,350,6288.26,0,On Time
PO003132,S039,P0466,2024-09-03,2024-09-28,2024-09-28,85,14475.66,0,On Time
PO003133,S025,P0038,2024-05-26,2024-07-24,2024-07-24,519,2450.13,0,On Time
PO003134,S030,P0133,2024-03-31,2024-05-17,2024-05-25,306,21521.48,8,Delayed
PO003135,S035,P0287,2024-11-27,2025-01-09,2025-01-09,372,4682.1,0,On Time
PO003136,S043,P0191,2025-04-15,2025-05-26,2025-05-26,409,877.67,0,On Time
PO003137,S004,P0159,2025-06-28,2025-08-06,2025-08-06,765,1318.29,0,On Time
PO003138,S007,P0398,2024-12-16,2025-01-19,2025-02-03,238,4791.33,15,Delayed
PO003139,S026,P0122,2025-09-29,2025-10-23,2025-10-23,91,17929.22,0,On Time
PO003140,S011,P0278,2024-02-25,2024-03-08,2024-03-08,703,2460.56,0,On Time
PO003141,S033,P0297,2025-06-14,2025-06-26,2025-06-26,680,6023.44,0,On Time
PO003142,S037,P0377,2025-03-14,2025-05-06,2025-05-06,117,4580.07,0,On Time
PO003143,S018,P0313,2025-09-10,2025-09-23,2025-09-23,630,11701.12,0,On Time
PO003144,S024,P0028,2024-06-16,2024-07-15,2024-07-15,917,7522.67,0,On Time
PO003145,S022,P0378,2024-12-25,2025-01-09,2025-01-18,591,3951.56,9,Delayed
PO003146,S014,P0421,2024-10-31,2024-12-24,2024-12-24,272,1928.15,0,On Time
PO003147,S004,P0013,2024-03-07,2024-04-15,2024-04-15,611,6608.69,0,On Time
PO003148,S013,P0233,2024-11-18,2025-01-05,2025-01-05,525,3924.53,0,On Time
PO003149,S045,P0250,2025-10-31,2025-11-07,2025-11-07,67,6233.63,0,On Time
PO003150,S024,P0425,2025-12-28,2026-01-26,2026-01-26,404,8676.6,0,On Time
PO003151,S018,P0109,2025-08-02,2025-08-15,2025-08-15,746,3309.72,0,On Time
PO003152,S045,P0142,2024-05-10,2024-05-17,2024-05-17,345,2385.7,0,On Time
PO003153,S034,P0063,2024-02-08,2024-03-13,2024-03-13,701,1041.47,0,On Time
PO003154,S018,P0197,2025-05-22,2025-06-04,2025-06-04,686,38254.44,0,On Time
PO003155,S047,P0046,2024-01-24,2024-03-12,2024-03-12,884,23237.14,0,On Time
PO003156,S030,P0497,2025-07-06,2025-08-22,2025-08-22,445,12708.28,0,On Time
PO003157,S025,P0449,2025-07-21,2025-09-18,2025-09-23,406,6044.47,5,Delayed
PO003158,S023,P0489,2025-08-03,2025-09-26,2025-09-26,256,2677.15,0,On Time
PO003159,S002,P0404,2025-06-20,2025-07-31,2025-07-31,407,7644.86,0,On Time
PO003160,S017,P0123,2024-08-29,2024-10-05,2024-10-05,913,8460.09,0,On Time
PO003161,S028,P0454,2024-11-23,2024-12-15,2024-12-24,842,8732.29,9,Delayed
PO003162,S019,P0241,2024-05-06,2024-05-18,2024-05-18,925,5896.51,0,On Time
PO003163,S010,P0074,2025-01-24,2025-02-21,2025-02-21,764,1814.04,0,On Time
PO003164,S001,P0297,2024-09-28,2024-11-21,2024-11-21,253,1421.26,0,On Time
PO003165,S024,P0132,2025-06-27,2025-07-26,2025-07-26,429,11269.11,0,On Time
PO003166,S017,P0272,2025-08-12,2025-09-18,2025-09-18,389,11211.08,0,On Time
PO003167,S012,P0072,2024-07-15,2024-08-08,2024-08-08,195,4939.09,0,On Time
PO003168,S002,P0417,2024-08-14,2024-09-24,2024-09-24,930,8766.79,0,On Time
PO003169,S028,P0428,2024-06-12,2024-07-04,2024-07-04,111,5294.63,0,On Time
PO003170,S032,P0150,2024-06-20,2024-08-12,2024-08-12,416,2474.92,0,On Time
PO003171,S034,P0430,2025-09-16,2025-10-20,2025-10-21,885,8184.04,1,Delayed
PO003172,S003,P0208,2024-04-29,2024-05-16,2024-05-16,985,4383.46,0,On Time
PO003173,S028,P0228,2025-06-21,2025-07-13,2025-07-13,306,4378.01,0,On Time
PO003174,S013,P0298,2024-10-02,2024-11-19,2024-11-19,821,1657.86,0,On Time
PO003175,S001,P0284,2025-08-07,2025-09-30,2025-10-10,444,6128.33,10,Delayed
PO003176,S029,P0464,2025-09-29,2025-10-27,2025-10-27,944,7591.62,0,On Time
PO003177,S009,P0297,2025-12-08,2025-12-23,2025-12-28,342,5452.77,5,Delayed
PO003178,S045,P0478,2025-09-27,2025-10-04,2025-10-04,693,11411.54,0,On Time
PO003179,S024,P0011,2025-06-19,2025-07-18,2025-07-18,178,4186.3,0,On Time
PO003180,S020,P0330,2025-03-26,2025-05-06,2025-05-21,321,14424.23,15,Delayed
PO003181,S019,P0440,2025-05-10,2025-05-22,2025-05-22,899,7857.82,0,On Time
PO003182,S006,P0458,2025-09-02,2025-10-12,2025-10-12,800,1642.16,0,On Time
PO003183,S037,P0489,2025-03-24,2025-05-16,2025-05-16,394,12951.64,0,On Time
PO003184,S036,P0012,2024-04-27,2024-05-09,2024-05-09,324,4379.12,0,On Time
PO003185,S001,P0056,2025-05-17,2025-07-10,2025-07-10,182,5530.58,0,On Time
PO003186,S015,P0055,2025-12-11,2026-02-06,2026-02-06,830,3708.05,0,On Time
PO003187,S041,P0422,2024-07-27,2024-08-19,2024-08-19,348,13617.04,0,On Time
PO003188,S032,P0384,2024-03-07,2024-04-29,2024-04-29,470,5070.23,0,On Time
PO003189,S018,P0411,2024-05-12,2024-05-25,2024-05-25,538,1571.76,0,On Time
PO003190,S050,P0240,2025-09-05,2025-10-20,2025-10-20,998,5670.92,0,On Time
PO003191,S039,P0002,2024-11-01,2024-11-26,2024-11-26,211,7831.06,0,On Time
PO003192,S016,P0445,2025-10-01,2025-10-22,2025-10-22,465,6710.51,0,On Time
PO003193,S003,P0117,2024-08-05,2024-08-22,2024-08-22,720,12155.65,0,On Time
PO003194,S012,P0344,2024-05-28,2024-06-21,2024-06-21,250,6155.85,0,On Time
PO003195,S032,P0485,2024-09-11,2024-11-03,2024-11-12,10,7659.42,9,Delayed
PO003196,S019,P0104,2025-12-21,2026-01-02,2026-01-02,451,6911.47,0,On Time
PO003197,S009,P0251,2024-02-14,2024-02-29,2024-02-29,533,7285.47,0,On Time
PO003198,S033,P0227,2025-10-20,2025-11-01,2025-11-04,977,12778.54,3,Delayed
PO003199,S005,P0196,2025-02-07,2025-03-28,2025-03-28,834,11895.78,0,On Time
PO003200,S025,P0168,2024-01-21,2024-03-20,2024-03-20,942,15342.95,0,On Time
PO003201,S007,P0162,2025-01-06,2025-02-09,2025-02-09,25,1749.39,0,On Time
PO003202,S040,P0331,2025-03-05,2025-03-27,2025-03-29,211,2381.04,2,Delayed
PO003203,S001,P0486,2025-06-15,2025-08-08,2025-08-08,427,10382.63,0,On Time
PO003204,S003,P0393,2024-12-01,2024-12-18,2024-12-18,464,2868.05,0,On Time
PO003205,S033,P0184,2025-04-20,2025-05-02,2025-05-02,599,775.03,0,On Time
PO003206,S016,P0084,2024-02-14,2024-03-06,2024-03-06,979,1716.66,0,On Time
PO003207,S022,P0334,2025-11-11,2025-11-26,2025-11-26,553,7957.26,0,On Time
PO003208,S035,P0486,2024-05-31,2024-07-13,2024-07-13,176,1694.85,0,On Time
PO003209,S007,P0330,2025-06-21,2025-07-25,2025-07-25,562,5300.27,0,On Time
PO003210,S025,P0440,2025-03-05,2025-05-03,2025-05-03,212,5395.95,0,On Time
PO003211,S015,P0278,2025-12-03,2026-01-29,2026-01-29,454,2079.11,0,On Time
PO003212,S027,P0417,2024-06-03,2024-08-01,2024-08-01,173,1218.72,0,On Time
PO003213,S008,P0048,2024-01-20,2024-02-07,2024-02-07,585,1104.37,0,On Time
PO003214,S001,P0325,2024-12-12,2025-02-04,2025-02-05,597,22938.53,1,Delayed
PO003215,S040,P0367,2024-10-08,2024-10-30,2024-10-30,396,9701.56,0,On Time
PO003216,S037,P0280,2025-08-14,2025-10-06,2025-10-06,949,2707.86,0,On Time
PO003217,S006,P0449,2025-06-11,2025-07-21,2025-07-21,605,6258.41,0,On Time
PO003218,S035,P0463,2025-04-25,2025-06-07,2025-06-07,923,16977.03,0,On Time
PO003219,S030,P0257,2025-06-30,2025-08-16,2025-08-16,33,5946.41,0,On Time
PO003220,S035,P0463,2024-01-06,2024-02-18,2024-02-18,768,1066.1,0,On Time
PO003221,S017,P0025,2025-04-19,2025-05-26,2025-05-26,753,13461.99,0,On Time
PO003222,S011,P0028,2025-12-06,2025-12-18,2025-12-18,849,5995.01,0,On Time
PO003223,S007,P0440,2025-09-28,2025-11-01,2025-11-01,450,13441.58,0,On Time
PO003224,S012,P0008,2024-05-07,2024-05-31,2024-05-31,879,1720.24,0,On Time
PO003225,S037,P0472,2024-10-06,2024-11-28,2024-11-28,652,15126.98,0,On Time
PO003226,S028,P0232,2024-01-22,2024-02-13,2024-02-13,724,1655.07,0,On Time
PO003227,S006,P0165,2025-10-13,2025-11-22,2025-11-22,85,8508.62,0,On Time
PO003228,S019,P0062,2025-05-28,2025-06-09,2025-06-20,319,3442.84,11,Delayed
PO003229,S014,P0146,2024-10-06,2024-11-29,2024-11-29,671,25872.76,0,On Time
PO003230,S031,P0195,2025-03-15,2025-05-07,2025-05-07,308,8393.87,0,On Time
PO003231,S033,P0408,2024-12-15,2024-12-27,2025-01-09,943,2239.1,13,Delayed
PO003232,S027,P0308,2024-12-18,2025-02-15,2025-02-21,124,5251.18,6,Delayed
PO003233,S005,P0206,2025-03-01,2025-04-19,2025-04-19,453,6715.0,0,On Time
PO003234,S010,P0029,2025-02-03,2025-03-03,2025-03-03,602,4341.02,0,On Time
PO003235,S037,P0500,2024-12-16,2025-02-07,2025-02-07,542,2056.83,0,On Time
PO003236,S010,P0338,2025-09-25,2025-10-23,2025-10-23,62,6311.13,0,On Time
PO003237,S023,P0410,2024-07-15,2024-09-07,2024-09-07,865,10785.8,0,On Time
PO003238,S006,P0008,2024-05-28,2024-07-07,2024-07-07,430,5266.22,0,On Time
PO003239,S008,P0215,2024-07-07,2024-07-25,2024-07-25,653,2783.99,0,On Time
PO003240,S049,P0067,2025-02-22,2025-04-21,2025-04-21,17,12511.51,0,On Time
PO003241,S028,P0485,2025-12-25,2026-01-16,2026-01-16,528,1858.39,0,On Time
PO003242,S017,P0339,2025-11-22,2025-12-29,2025-12-29,254,2119.47,0,On Time
PO003243,S002,P0025,2025-01-07,2025-02-17,2025-02-17,932,3555.02,0,On Time
PO003244,S004,P0103,2024-04-11,2024-05-20,2024-05-20,740,2678.76,0,On Time
PO003245,S010,P0307,2024-04-04,2024-05-02,2024-05-02,279,1343.25,0,On Time
PO003246,S009,P0455,2025-12-26,2026-01-10,2026-01-10,614,1949.98,0,On Time
PO003247,S027,P0359,2024-01-10,2024-03-09,2024-03-09,411,1631.85,0,On Time
PO003248,S023,P0338,2024-09-16,2024-11-09,2024-11-09,923,16367.73,0,On Time
PO003249,S034,P0401,2024-10-02,2024-11-05,2024-11-05,83,11194.07,0,On Time
PO003250,S006,P0343,2025-05-28,2025-07-07,2025-07-08,966,27800.97,1,Delayed
PO003251,S028,P0145,2024-10-12,2024-11-03,2024-11-14,207,1501.02,11,Delayed
PO003252,S005,P0325,2024-08-24,2024-10-12,2024-10-12,973,3027.99,0,On Time
PO003253,S009,P0140,2025-06-05,2025-06-20,2025-06-26,597,31858.87,6,Delayed
PO003254,S038,P0392,2024-11-18,2025-01-14,2025-01-14,311,6042.69,0,On Time
PO003255,S046,P0417,2025-01-18,2025-01-25,2025-01-25,631,3770.53,0,On Time
PO003256,S006,P0431,2025-03-20,2025-04-29,2025-05-10,783,11021.56,11,Delayed
PO003257,S031,P0315,2024-09-03,2024-10-26,2024-10-26,80,8694.79,0,On Time
PO003258,S033,P0207,2024-08-29,2024-09-10,2024-09-16,115,3865.05,6,Delayed
PO003259,S042,P0129,2024-02-12,2024-04-07,2024-04-07,335,10461.46,0,On Time
PO003260,S019,P0249,2024-10-09,2024-10-21,2024-10-21,615,896.65,0,On Time
PO003261,S009,P0221,2025-10-22,2025-11-06,2025-11-06,576,3067.37,0,On Time
PO003262,S042,P0450,2025-03-19,2025-05-13,2025-05-13,450,2478.09,0,On Time
PO003263,S039,P0440,2024-11-22,2024-12-17,2024-12-17,368,4912.96,0,On Time
PO003264,S003,P0496,2025-04-10,2025-04-27,2025-04-27,290,1793.4,0,On Time
PO003265,S027,P0073,2025-09-10,2025-11-08,2025-11-08,403,2138.7,0,On Time
PO003266,S022,P0443,2024-11-03,2024-11-18,2024-12-01,174,8098.4,13,Delayed
PO003267,S012,P0302,2025-01-29,2025-02-22,2025-02-22,326,2806.93,0,On Time
PO003268,S031,P0227,2025-09-13,2025-11-05,2025-11-05,424,5982.89,0,On Time
PO003269,S042,P0416,2024-05-23,2024-07-17,2024-07-17,146,3225.24,0,On Time
PO003270,S023,P0382,2025-06-23,2025-08-16,2025-08-16,78,11971.0,0,On Time
PO003271,S019,P0169,2025-06-26,2025-07-08,2025-07-08,917,7084.41,0,On Time
PO003272,S015,P0125,2025-08-23,2025-10-19,2025-10-19,930,20069.73,0,On Time
PO003273,S025,P0227,2024-04-18,2024-06-16,2024-06-16,103,2488.34,0,On Time
PO003274,S014,P0346,2024-01-06,2024-02-29,2024-02-29,862,2181.27,0,On Time
PO003275,S035,P0018,2024-02-20,2024-04-03,2024-04-03,172,1629.42,0,On Time
PO003276,S014,P0083,2025-10-21,2025-12-14,2025-12-14,342,5602.06,0,On Time
PO003277,S040,P0172,2024-02-10,2024-03-03,2024-03-03,939,3859.18,0,On Time
PO003278,S022,P0002,2025-07-16,2025-07-31,2025-07-31,963,14310.38,0,On Time
PO003279,S028,P0091,2025-07-07,2025-07-29,2025-07-29,791,2028.95,0,On Time
PO003280,S049,P0181,2024-08-23,2024-10-20,2024-10-20,879,1585.17,0,On Time
PO003281,S041,P0467,2024-11-14,2024-12-07,2024-12-07,402,8803.01,0,On Time
PO003282,S006,P0151,2024-12-25,2025-02-03,2025-02-03,266,1466.35,0,On Time
PO003283,S031,P0321,2025-10-17,2025-12-09,2025-12-09,351,9548.26,0,On Time
PO003284,S028,P0234,2024-09-12,2024-10-04,2024-10-04,177,70495.93,0,On Time
PO003285,S005,P0313,2024-02-15,2024-04-04,2024-04-04,130,6403.76,0,On Time
PO003286,S034,P0308,2024-04-15,2024-05-19,2024-05-19,866,2360.65,0,On Time
PO003287,S001,P0107,2024-06-09,2024-08-02,2024-08-02,884,7347.27,0,On Time
PO003288,S031,P0286,2024-11-11,2025-01-03,2025-01-18,918,9020.87,15,Delayed
PO003289,S011,P0421,2024-03-21,2024-04-02,2024-04-02,437,806.88,0,On Time
PO003290,S036,P0438,2025-12-30,2026-01-11,2026-01-13,932,1585.36,2,Delayed
PO003291,S014,P0030,2024-12-09,2025-02-01,2025-02-01,84,2055.92,0,On Time
PO003292,S033,P0438,2024-03-27,2024-04-08,2024-04-08,985,4268.4,0,On Time
PO003293,S039,P0466,2024-02-06,2024-03-02,2024-03-02,249,19596.97,0,On Time
PO003294,S036,P0467,2024-10-14,2024-10-26,2024-10-28,690,8342.97,2,Delayed
PO003295,S027,P0180,2025-10-01,2025-11-29,2025-11-29,923,2738.16,0,On Time
PO003296,S016,P0187,2024-07-31,2024-08-21,2024-08-25,28,2529.53,4,Delayed
PO003297,S006,P0057,2025-02-07,2025-03-19,2025-03-25,789,13100.46,6,Delayed
PO003298,S035,P0190,2025-07-02,2025-08-14,2025-08-14,968,12487.72,0,On Time
PO003299,S028,P0139,2024-05-14,2024-06-05,2024-06-05,737,5294.39,0,On Time
PO003300,S015,P0059,2024-05-03,2024-06-29,2024-07-11,579,5722.63,12,Delayed
PO003301,S010,P0374,2025-10-22,2025-11-19,2025-11-22,603,3521.15,3,Delayed
PO003302,S010,P0424,2025-06-17,2025-07-15,2025-07-15,581,15530.0,0,On Time
PO003303,S013,P0108,2025-07-04,2025-08-21,2025-08-21,400,5935.13,0,On Time
PO003304,S046,P0062,2024-07-06,2024-07-13,2024-07-15,110,7856.01,2,Delayed
PO003305,S024,P0242,2025-05-09,2025-06-07,2025-06-07,831,5164.71,0,On Time
PO003306,S048,P0498,2024-02-14,2024-03-01,2024-03-01,592,16030.63,0,On Time
PO003307,S005,P0498,2024-04-15,2024-06-03,2024-06-03,735,43146.69,0,On Time
PO003308,S048,P0189,2024-04-22,2024-05-08,2024-05-08,521,1881.16,0,On Time
PO003309,S027,P0211,2024-02-18,2024-04-17,2024-04-17,304,4125.81,0,On Time
PO003310,S025,P0381,2024-09-04,2024-11-02,2024-11-14,317,7332.87,12,Delayed
PO003311,S004,P0352,2025-09-12,2025-10-21,2025-10-21,714,6225.18,0,On Time
PO003312,S039,P0015,2024-09-15,2024-10-10,2024-10-17,587,5168.05,7,Delayed
PO003313,S012,P0072,2024-10-27,2024-11-20,2024-11-20,380,5137.72,0,On Time
PO003314,S001,P0257,2024-02-10,2024-04-04,2024-04-04,943,35386.96,0,On Time
PO003315,S028,P0096,2025-10-05,2025-10-27,2025-11-03,750,11431.49,7,Delayed
PO003316,S022,P0488,2024-10-17,2024-11-01,2024-11-01,965,11461.91,0,On Time
PO003317,S011,P0330,2024-11-06,2024-11-18,2024-11-18,11,7779.07,0,On Time
PO003318,S018,P0105,2024-10-28,2024-11-10,2024-11-10,52,821.62,0,On Time
PO003319,S050,P0297,2024-05-31,2024-07-15,2024-07-15,855,9125.57,0,On Time
PO003320,S017,P0007,2024-04-17,2024-05-24,2024-05-24,224,10956.86,0,On Time
PO003321,S008,P0139,2024-12-27,2025-01-14,2025-01-14,713,3110.29,0,On Time
PO003322,S042,P0200,2024-09-16,2024-11-10,2024-11-10,567,17349.42,0,On Time
PO003323,S019,P0216,2024-06-09,2024-06-21,2024-06-21,986,10225.17,0,On Time
PO003324,S042,P0446,2025-12-01,2026-01-25,2026-01-31,521,3754.99,6,Delayed
PO003325,S039,P0344,2024-08-18,2024-09-12,2024-09-12,715,7347.6,0,On Time
PO003326,S047,P0101,2024-07-05,2024-08-22,2024-08-22,737,2725.08,0,On Time
PO003327,S021,P0156,2025-08-08,2025-09-16,2025-09-23,99,4468.99,7,Delayed
PO003328,S050,P0040,2025-07-03,2025-08-17,2025-08-17,674,3012.41,0,On Time
PO003329,S048,P0203,2025-10-24,2025-11-09,2025-11-09,219,999.75,0,On Time
PO003330,S045,P0005,2024-02-28,2024-03-06,2024-03-06,218,9142.18,0,On Time
PO003331,S009,P0185,2025-08-20,2025-09-04,2025-09-04,155,1115.25,0,On Time
PO003332,S026,P0358,2024-11-19,2024-12-13,2024-12-13,63,6019.98,0,On Time
PO003333,S021,P0421,2024-06-11,2024-07-20,2024-07-20,741,3848.64,0,On Time
PO003334,S016,P0400,2025-12-09,2025-12-30,2025-12-30,788,26950.02,0,On Time
PO003335,S025,P0244,2025-03-08,2025-05-06,2025-05-06,973,20325.9,0,On Time
PO003336,S005,P0080,2024-12-26,2025-02-13,2025-02-13,624,3446.59,0,On Time
PO003337,S009,P0418,2025-08-04,2025-08-19,2025-08-19,637,3472.34,0,On Time
PO003338,S011,P0113,2025-10-15,2025-10-27,2025-10-27,817,4773.34,0,On Time
PO003339,S028,P0370,2024-06-15,2024-07-07,2024-07-07,57,1328.2,0,On Time
PO003340,S039,P0025,2025-05-23,2025-06-17,2025-06-17,227,6193.24,0,On Time
PO003341,S010,P0075,2024-08-30,2024-09-27,2024-10-09,892,7431.58,12,Delayed
PO003342,S025,P0437,2025-12-12,2026-02-09,2026-02-09,407,2292.46,0,On Time
PO003343,S018,P0098,2025-03-12,2025-03-25,2025-03-25,898,4485.35,0,On Time
PO003344,S032,P0166,2024-07-16,2024-09-07,2024-09-17,631,6947.38,10,Delayed
PO003345,S020,P0350,2025-08-05,2025-09-15,2025-09-15,756,4364.71,0,On Time
PO003346,S037,P0330,2025-10-28,2025-12-20,2025-12-20,937,3699.5,0,On Time
PO003347,S039,P0282,2024-04-06,2024-05-01,2024-05-01,277,8430.72,0,On Time
PO003348,S018,P0238,2025-11-05,2025-11-18,2025-11-18,215,5446.68,0,On Time
PO003349,S026,P0179,2024-07-10,2024-08-03,2024-08-10,241,3298.89,7,Delayed
PO003350,S009,P0180,2024-11-22,2024-12-07,2024-12-07,797,3354.8,0,On Time
PO003351,S026,P0142,2025-11-10,2025-12-04,2025-12-17,69,5595.08,13,Delayed
PO003352,S002,P0161,2024-10-02,2024-11-12,2024-11-18,119,4660.91,6,Delayed
PO003353,S034,P0164,2025-11-21,2025-12-25,2025-12-25,456,70123.66,0,On Time
PO003354,S036,P0212,2024-09-27,2024-10-09,2024-10-09,453,11117.28,0,On Time
PO003355,S045,P0306,2025-12-02,2025-12-09,2025-12-20,60,12152.06,11,Delayed
PO003356,S045,P0093,2025-03-21,2025-03-28,2025-03-28,850,1214.28,0,On Time
PO003357,S007,P0264,2024-09-15,2024-10-19,2024-10-30,933,3209.57,11,Delayed
PO003358,S031,P0394,2025-03-09,2025-05-01,2025-05-06,552,751.96,5,Delayed
PO003359,S042,P0369,2024-11-04,2024-12-29,2024-12-29,496,16410.6,0,On Time
PO003360,S027,P0005,2024-12-09,2025-02-06,2025-02-08,620,1970.69,2,Delayed
PO003361,S029,P0317,2024-09-07,2024-10-05,2024-10-05,556,3768.34,0,On Time
PO003362,S012,P0492,2025-02-26,2025-03-22,2025-03-22,734,13871.45,0,On Time
PO003363,S007,P0161,2025-06-15,2025-07-19,2025-07-20,770,1371.8,1,Delayed
PO003364,S005,P0429,2024-12-29,2025-02-16,2025-02-16,382,2990.06,0,On Time
PO003365,S019,P0231,2024-06-17,2024-06-29,2024-06-29,810,5365.0,0,On Time
PO003366,S044,P0116,2025-08-17,2025-09-18,2025-09-22,439,3131.51,4,Delayed
PO003367,S019,P0341,2025-11-16,2025-11-28,2025-11-28,996,1866.81,0,On Time
PO003368,S026,P0436,2024-11-08,2024-12-02,2024-12-02,950,13169.45,0,On Time
PO003369,S010,P0284,2024-04-30,2024-05-28,2024-05-28,508,926.45,0,On Time
PO003370,S047,P0125,2024-01-09,2024-02-26,2024-02-26,513,9514.67,0,On Time
PO003371,S009,P0186,2025-06-14,2025-06-29,2025-06-29,170,6581.43,0,On Time
PO003372,S042,P0145,2024-06-08,2024-08-02,2024-08-02,634,2670.8,0,On Time
PO003373,S044,P0238,2025-03-29,2025-04-30,2025-04-30,345,8584.74,0,On Time
PO003374,S025,P0271,2025-03-06,2025-05-04,2025-05-04,360,1646.39,0,On Time
PO003375,S026,P0451,2025-08-02,2025-08-26,2025-08-26,321,15501.08,0,On Time
PO003376,S047,P0188,2025-06-03,2025-07-21,2025-07-21,563,13933.82,0,On Time
PO003377,S032,P0385,2025-10-30,2025-12-22,2025-12-22,912,6977.42,0,On Time
PO003378,S043,P0345,2025-10-15,2025-11-25,2025-11-25,533,28605.42,0,On Time
PO003379,S039,P0487,2025-10-14,2025-11-08,2025-11-08,626,8202.4,0,On Time
PO003380,S017,P0328,2025-01-23,2025-03-01,2025-03-01,416,1002.3,0,On Time
PO003381,S025,P0311,2024-12-25,2025-02-22,2025-02-22,502,13400.02,0,On Time
PO003382,S010,P0479,2024-07-28,2024-08-25,2024-08-25,492,4145.75,0,On Time
PO003383,S032,P0059,2024-07-21,2024-09-12,2024-09-19,607,13683.3,7,Delayed
PO003384,S023,P0058,2024-03-21,2024-05-14,2024-05-14,825,4005.28,0,On Time
PO003385,S046,P0356,2024-09-12,2024-09-19,2024-09-19,68,9141.19,0,On Time
PO003386,S042,P0300,2025-04-13,2025-06-07,2025-06-07,104,1305.39,0,On Time
PO003387,S050,P0342,2025-01-23,2025-03-09,2025-03-09,140,2266.71,0,On Time
PO003388,S021,P0401,2024-08-24,2024-10-02,2024-10-02,536,15397.8,0,On Time
PO003389,S031,P0240,2025-04-27,2025-06-19,2025-06-19,720,1660.73,0,On Time
PO003390,S029,P0372,2024-04-08,2024-05-06,2024-05-06,95,1059.68,0,On Time
PO003391,S017,P0112,2025-11-30,2026-01-06,2026-01-06,122,9626.65,0,On Time
PO003392,S013,P0462,2024-02-23,2024-04-11,2024-04-11,66,3862.17,0,On Time
PO003393,S026,P0329,2025-04-29,2025-05-23,2025-05-23,946,5247.7,0,On Time
PO003394,S023,P0420,2025-08-11,2025-10-04,2025-10-17,954,906.06,13,Delayed
PO003395,S003,P0029,2025-07-07,2025-07-24,2025-07-24,642,8080.36,0,On Time
PO003396,S015,P0030,2025-04-07,2025-06-03,2025-06-03,288,5438.9,0,On Time
PO003397,S025,P0359,2025-02-24,2025-04-24,2025-04-24,349,6271.38,0,On Time
PO003398,S037,P0060,2024-11-13,2025-01-05,2025-01-05,276,3581.87,0,On Time
PO003399,S014,P0227,2024-06-11,2024-08-04,2024-08-04,150,5908.65,0,On Time
PO003400,S013,P0256,2024-02-11,2024-03-30,2024-04-13,74,3756.28,14,Delayed
PO003401,S020,P0103,2025-01-19,2025-03-01,2025-03-01,227,2648.41,0,On Time
PO003402,S027,P0415,2024-01-17,2024-03-16,2024-03-16,661,3495.21,0,On Time
PO003403,S043,P0181,2025-12-27,2026-02-06,2026-02-06,251,11964.74,0,On Time
PO003404,S023,P0090,2024-04-21,2024-06-14,2024-06-14,533,4054.63,0,On Time
PO003405,S050,P0251,2025-10-14,2025-11-28,2025-11-28,967,11020.17,0,On Time
PO003406,S033,P0115,2025-02-02,2025-02-14,2025-02-14,977,2319.57,0,On Time
PO003407,S034,P0188,2025-02-08,2025-03-14,2025-03-14,388,9270.95,0,On Time
PO003408,S035,P0164,2025-03-27,2025-05-09,2025-05-09,998,34326.49,0,On Time
PO003409,S018,P0343,2025-07-21,2025-08-03,2025-08-03,969,26225.47,0,On Time
PO003410,S025,P0298,2025-09-12,2025-11-10,2025-11-17,98,2029.47,7,Delayed
PO003411,S021,P0446,2024-12-13,2025-01-21,2025-02-05,883,3055.97,15,Delayed
PO003412,S043,P0455,2024-07-12,2024-08-22,2024-08-22,197,7099.09,0,On Time
PO003413,S007,P0024,2025-06-13,2025-07-17,2025-07-19,769,8600.44,2,Delayed
PO003414,S031,P0346,2025-10-11,2025-12-03,2025-12-03,872,4821.77,0,On Time
PO003415,S045,P0271,2025-05-19,2025-05-26,2025-05-26,60,4108.24,0,On Time
PO003416,S050,P0333,2024-09-05,2024-10-20,2024-10-20,966,3638.08,0,On Time
PO003417,S032,P0436,2025-08-20,2025-10-12,2025-10-12,937,3353.24,0,On Time
PO003418,S036,P0214,2025-08-08,2025-08-20,2025-08-20,614,5540.83,0,On Time
PO003419,S009,P0362,2025-07-06,2025-07-21,2025-07-21,599,10908.44,0,On Time
PO003420,S002,P0439,2025-08-01,2025-09-11,2025-09-20,827,1760.48,9,Delayed
PO003421,S008,P0240,2024-07-01,2024-07-19,2024-07-19,974,3323.08,0,On Time
PO003422,S012,P0046,2025-04-08,2025-05-02,2025-05-02,279,10875.84,0,On Time
PO003423,S023,P0123,2025-12-14,2026-02-06,2026-02-06,235,2313.3,0,On Time
PO003424,S035,P0388,2025-10-01,2025-11-13,2025-11-13,567,2353.27,0,On Time
PO003425,S015,P0093,2025-05-31,2025-07-27,2025-07-27,685,24860.18,0,On Time
PO003426,S043,P0151,2025-08-26,2025-10-06,2025-10-19,986,4444.75,13,Delayed
PO003427,S004,P0313,2025-11-13,2025-12-22,2025-12-28,219,1171.52,6,Delayed
PO003428,S031,P0435,2025-04-06,2025-05-29,2025-05-29,703,1952.0,0,On Time
PO003429,S024,P0001,2024-05-01,2024-05-30,2024-05-30,432,6548.66,0,On Time
PO003430,S029,P0211,2024-08-22,2024-09-19,2024-09-19,351,3800.9,0,On Time
PO003431,S040,P0192,2025-11-06,2025-11-28,2025-11-28,33,16081.77,0,On Time
PO003432,S039,P0293,2024-12-05,2024-12-30,2025-01-06,314,7211.96,7,Delayed
PO003433,S012,P0100,2025-03-23,2025-04-16,2025-04-16,292,6061.61,0,On Time
PO003434,S050,P0386,2024-08-20,2024-10-04,2024-10-04,522,1221.39,0,On Time
PO003435,S046,P0480,2024-11-20,2024-11-27,2024-12-02,321,9441.67,5,Delayed
PO003436,S021,P0030,2025-11-23,2026-01-01,2026-01-01,83,3851.11,0,On Time
PO003437,S035,P0313,2025-09-27,2025-11-09,2025-11-09,905,8836.14,0,On Time
PO003438,S034,P0011,2025-11-05,2025-12-09,2025-12-09,547,3672.22,0,On Time
PO003439,S003,P0455,2025-05-08,2025-05-25,2025-05-25,720,18395.33,0,On Time
PO003440,S038,P0411,2024-11-25,2025-01-21,2025-01-21,98,3751.01,0,On Time
PO003441,S044,P0409,2024-01-17,2024-02-18,2024-02-18,596,3744.97,0,On Time
PO003442,S023,P0366,2024-06-07,2024-07-31,2024-07-31,143,34163.23,0,On Time
PO003443,S004,P0268,2025-10-26,2025-12-04,2025-12-04,157,2270.56,0,On Time
PO003444,S016,P0202,2024-06-18,2024-07-09,2024-07-09,602,2457.42,0,On Time
PO003445,S014,P0414,2025-11-25,2026-01-18,2026-01-18,727,498.41,0,On Time
PO003446,S028,P0225,2024-06-13,2024-07-05,2024-07-12,280,4249.38,7,Delayed
PO003447,S017,P0330,2025-07-09,2025-08-15,2025-08-15,844,2184.85,0,On Time
PO003448,S026,P0493,2025-05-03,2025-05-27,2025-05-27,680,10019.7,0,On Time
PO003449,S038,P0223,2025-06-23,2025-08-19,2025-08-19,403,15619.35,0,On Time
PO003450,S007,P0213,2025-07-03,2025-08-06,2025-08-08,279,1951.88,2,Delayed
PO003451,S023,P0355,2024-09-12,2024-11-05,2024-11-05,199,2418.92,0,On Time
PO003452,S045,P0035,2024-04-28,2024-05-05,2024-05-05,924,9063.39,0,On Time
PO003453,S033,P0402,2025-12-21,2026-01-02,2026-01-02,449,4005.47,0,On Time
PO003454,S046,P0445,2024-08-01,2024-08-08,2024-08-21,472,12386.25,13,Delayed
PO003455,S006,P0475,2024-03-01,2024-04-10,2024-04-10,110,16118.52,0,On Time
PO003456,S010,P0448,2024-10-25,2024-11-22,2024-11-22,625,15261.2,0,On Time
PO003457,S036,P0294,2024-04-06,2024-04-18,2024-04-18,247,2655.51,0,On Time
PO003458,S048,P0444,2024-10-15,2024-10-31,2024-10-31,544,1111.85,0,On Time
PO003459,S016,P0281,2024-06-06,2024-06-27,2024-06-27,893,4773.32,0,On Time
PO003460,S050,P0348,2025-10-30,2025-12-14,2025-12-14,505,4405.42,0,On Time
PO003461,S019,P0267,2024-12-30,2025-01-11,2025-01-11,408,6732.72,0,On Time
PO003462,S022,P0464,2025-12-15,2025-12-30,2026-01-10,53,4531.07,11,Delayed
PO003463,S046,P0038,2024-08-29,2024-09-05,2024-09-05,220,3340.04,0,On Time
PO003464,S018,P0440,2024-04-27,2024-05-10,2024-05-10,547,2083.61,0,On Time
PO003465,S042,P0104,2024-09-05,2024-10-30,2024-10-30,640,476.25,0,On Time
PO003466,S025,P0432,2024-04-03,2024-06-01,2024-06-08,481,4163.11,7,Delayed
PO003467,S010,P0279,2024-02-12,2024-03-11,2024-03-24,36,2827.98,13,Delayed
PO003468,S044,P0437,2024-11-16,2024-12-18,2024-12-18,239,1850.77,0,On Time
PO003469,S017,P0455,2025-07-04,2025-08-10,2025-08-17,127,2118.91,7,Delayed
PO003470,S047,P0338,2024-09-24,2024-11-11,2024-11-11,182,5429.24,0,On Time
PO003471,S046,P0092,2025-02-14,2025-02-21,2025-02-21,666,5486.9,0,On Time
PO003472,S001,P0142,2025-11-21,2026-01-14,2026-01-14,66,2268.48,0,On Time
PO003473,S012,P0085,2024-12-17,2025-01-10,2025-01-10,465,7924.68,0,On Time
PO003474,S031,P0498,2024-05-23,2024-07-15,2024-07-15,439,5558.68,0,On Time
PO003475,S006,P0178,2025-08-29,2025-10-08,2025-10-14,645,4696.87,6,Delayed
PO003476,S033,P0067,2024-09-06,2024-09-18,2024-09-18,48,1390.32,0,On Time
PO003477,S016,P0176,2025-07-26,2025-08-16,2025-08-16,602,2186.21,0,On Time
PO003478,S015,P0451,2025-01-14,2025-03-12,2025-03-20,823,9633.02,8,Delayed
PO003479,S007,P0297,2024-04-22,2024-05-26,2024-05-26,920,5912.9,0,On Time
PO003480,S016,P0035,2024-02-19,2024-03-11,2024-03-11,477,18488.22,0,On Time
PO003481,S039,P0002,2024-05-28,2024-06-22,2024-07-01,437,6657.82,9,Delayed
PO003482,S005,P0335,2024-11-05,2024-12-24,2024-12-24,344,4976.7,0,On Time
PO003483,S007,P0181,2024-08-02,2024-09-05,2024-09-05,865,8554.98,0,On Time
PO003484,S009,P0196,2024-05-08,2024-05-23,2024-05-23,699,2445.19,0,On Time
PO003485,S037,P0160,2024-02-05,2024-03-29,2024-03-29,560,12780.52,0,On Time
PO003486,S048,P0136,2024-09-26,2024-10-12,2024-10-12,502,2950.97,0,On Time
PO003487,S026,P0360,2024-04-15,2024-05-09,2024-05-11,200,3256.51,2,Delayed
PO003488,S005,P0046,2024-11-29,2025-01-17,2025-01-17,553,7932.22,0,On Time
PO003489,S040,P0267,2025-09-15,2025-10-07,2025-10-10,596,3817.83,3,Delayed
PO003490,S039,P0245,2024-11-23,2024-12-18,2024-12-18,623,695.3,0,On Time
PO003491,S039,P0201,2025-08-29,2025-09-23,2025-09-23,916,13951.11,0,On Time
PO003492,S023,P0167,2024-01-05,2024-02-28,2024-03-12,424,7437.92,13,Delayed
PO003493,S008,P0060,2024-10-14,2024-11-01,2024-11-01,770,4157.03,0,On Time
PO003494,S003,P0021,2024-10-28,2024-11-14,2024-11-14,679,4998.06,0,On Time
PO003495,S037,P0066,2024-10-18,2024-12-10,2024-12-10,598,14059.55,0,On Time
PO003496,S002,P0230,2025-08-23,2025-10-03,2025-10-03,38,53937.55,0,On Time
PO003497,S039,P0006,2025-02-05,2025-03-02,2025-03-03,758,2484.17,1,Delayed
PO003498,S037,P0316,2024-12-06,2025-01-28,2025-02-06,85,1299.83,9,Delayed
PO003499,S028,P0196,2025-10-02,2025-10-24,2025-10-24,314,2211.85,0,On Time
PO003500,S001,P0015,2024-06-12,2024-08-05,2024-08-08,428,2379.36,3,Delayed
PO003501,S048,P0170,2025-05-13,2025-05-29,2025-05-29,952,2179.93,0,On Time
PO003502,S030,P0019,2024-03-23,2024-05-09,2024-05-09,654,6289.52,0,On Time
PO003503,S022,P0215,2025-05-18,2025-06-02,2025-06-02,552,1324.28,0,On Time
PO003504,S026,P0100,2025-06-09,2025-07-03,2025-07-03,145,1068.61,0,On Time
PO003505,S046,P0434,2024-02-04,2024-02-11,2024-02-11,334,4748.5,0,On Time
PO003506,S028,P0036,2025-09-01,2025-09-23,2025-09-28,319,953.88,5,Delayed
PO003507,S040,P0461,2024-07-28,2024-08-19,2024-08-19,217,14098.96,0,On Time
PO003508,S024,P0353,2024-03-11,2024-04-09,2024-04-09,772,6635.99,0,On Time
PO003509,S013,P0080,2024-04-16,2024-06-03,2024-06-03,646,10918.92,0,On Time
PO003510,S018,P0148,2025-04-04,2025-04-17,2025-04-17,11,10970.61,0,On Time
PO003511,S010,P0149,2025-07-10,2025-08-07,2025-08-07,192,5681.4,0,On Time
PO003512,S049,P0415,2025-11-23,2026-01-20,2026-01-20,135,2414.74,0,On Time
PO003513,S031,P0189,2025-04-24,2025-06-16,2025-06-26,745,2406.24,10,Delayed
PO003514,S046,P0229,2025-03-02,2025-03-09,2025-03-24,930,87719.58,15,Delayed
PO003515,S025,P0425,2025-02-08,2025-04-08,2025-04-08,906,8625.97,0,On Time
PO003516,S007,P0037,2024-05-09,2024-06-12,2024-06-12,227,17190.18,0,On Time
PO003517,S041,P0060,2024-06-07,2024-06-30,2024-06-30,928,6731.68,0,On Time
PO003518,S042,P0421,2025-01-20,2025-03-16,2025-03-16,927,21988.74,0,On Time
PO003519,S008,P0460,2024-01-22,2024-02-09,2024-02-09,587,4059.28,0,On Time
PO003520,S045,P0262,2024-03-01,2024-03-08,2024-03-08,247,8746.94,0,On Time
PO003521,S033,P0210,2025-09-20,2025-10-02,2025-10-02,682,5524.15,0,On Time
PO003522,S007,P0234,2025-06-12,2025-07-16,2025-07-16,949,5191.2,0,On Time
PO003523,S037,P0118,2025-04-28,2025-06-20,2025-06-20,956,3062.57,0,On Time
PO003524,S028,P0390,2024-03-16,2024-04-07,2024-04-22,234,2854.52,15,Delayed
PO003525,S030,P0214,2025-01-02,2025-02-18,2025-02-18,581,8489.63,0,On Time
PO003526,S027,P0442,2024-11-10,2025-01-08,2025-01-08,523,4607.24,0,On Time
PO003527,S032,P0086,2024-06-18,2024-08-10,2024-08-10,882,3088.51,0,On Time
PO003528,S035,P0415,2024-03-25,2024-05-07,2024-05-07,752,9204.57,0,On Time
PO003529,S044,P0368,2025-01-25,2025-02-26,2025-02-26,927,2889.17,0,On Time
PO003530,S045,P0336,2025-08-22,2025-08-29,2025-08-29,184,1717.2,0,On Time
PO003531,S039,P0305,2024-03-09,2024-04-03,2024-04-03,322,1467.4,0,On Time
PO003532,S022,P0436,2024-09-07,2024-09-22,2024-10-06,249,5510.79,14,Delayed
PO003533,S047,P0217,2025-02-19,2025-04-08,2025-04-21,859,2115.22,13,Delayed
PO003534,S021,P0400,2025-03-07,2025-04-15,2025-04-15,728,11915.98,0,On Time
PO003535,S047,P0086,2024-10-22,2024-12-09,2024-12-09,674,2552.87,0,On Time
PO003536,S044,P0070,2025-08-08,2025-09-09,2025-09-09,560,3870.16,0,On Time
PO003537,S026,P0169,2025-03-10,2025-04-03,2025-04-03,205,7470.98,0,On Time
PO003538,S037,P0360,2025-11-23,2026-01-15,2026-01-15,823,2960.46,0,On Time
PO003539,S008,P0269,2024-07-15,2024-08-02,2024-08-02,942,6610.61,0,On Time
PO003540,S010,P0061,2024-10-07,2024-11-04,2024-11-04,79,4843.65,0,On Time
PO003541,S048,P0452,2025-04-10,2025-04-26,2025-04-26,985,1632.38,0,On Time
PO003542,S026,P0335,2024-01-29,2024-02-22,2024-02-22,175,7495.24,0,On Time
PO003543,S005,P0020,2024-12-09,2025-01-27,2025-01-27,749,749.78,0,On Time
PO003544,S022,P0276,2025-06-03,2025-06-18,2025-07-03,504,10258.98,15,Delayed
PO003545,S002,P0326,2024-02-14,2024-03-26,2024-03-26,994,2393.59,0,On Time
PO003546,S029,P0432,2025-11-14,2025-12-12,2025-12-12,139,2592.57,0,On Time
PO003547,S018,P0189,2025-05-09,2025-05-22,2025-05-22,495,2111.97,0,On Time
PO003548,S034,P0458,2025-01-10,2025-02-13,2025-02-13,975,3515.01,0,On Time
PO003549,S033,P0441,2025-08-19,2025-08-31,2025-08-31,903,2844.97,0,On Time
PO003550,S001,P0113,2024-06-10,2024-08-03,2024-08-11,675,9700.29,8,Delayed
PO003551,S040,P0064,2024-08-17,2024-09-08,2024-09-08,164,16542.41,0,On Time
PO003552,S048,P0216,2025-04-21,2025-05-07,2025-05-07,493,4637.6,0,On Time
PO003553,S047,P0318,2025-03-12,2025-04-29,2025-04-29,870,15869.77,0,On Time
PO003554,S018,P0478,2024-05-14,2024-05-27,2024-05-27,683,10560.64,0,On Time
PO003555,S017,P0398,2024-01-14,2024-02-20,2024-02-20,695,3690.03,0,On Time
PO003556,S017,P0212,2025-09-24,2025-10-31,2025-11-03,389,4631.57,3,Delayed
PO003557,S029,P0294,2024-08-18,2024-09-15,2024-09-23,611,8327.01,8,Delayed
PO003558,S046,P0369,2024-08-08,2024-08-15,2024-08-15,551,1439.91,0,On Time
PO003559,S022,P0270,2024-06-06,2024-06-21,2024-06-21,786,3609.6,0,On Time
PO003560,S036,P0227,2025-02-08,2025-02-20,2025-02-25,216,8258.72,5,Delayed
PO003561,S047,P0341,2024-05-28,2024-07-15,2024-07-22,407,9387.29,7,Delayed
PO003562,S014,P0324,2025-11-19,2026-01-12,2026-01-12,815,23533.15,0,On Time
PO003563,S036,P0216,2024-11-19,2024-12-01,2024-12-01,716,2736.72,0,On Time
PO003564,S015,P0455,2024-01-15,2024-03-12,2024-03-12,873,8560.33,0,On Time
PO003565,S036,P0084,2025-09-30,2025-10-12,2025-10-12,463,2031.19,0,On Time
PO003566,S002,P0248,2025-06-25,2025-08-05,2025-08-05,657,90854.83,0,On Time
PO003567,S030,P0236,2024-12-11,2025-01-27,2025-01-27,556,5878.23,0,On Time
PO003568,S043,P0362,2025-06-19,2025-07-30,2025-08-13,388,29843.15,14,Delayed
PO003569,S008,P0085,2024-02-09,2024-02-27,2024-02-27,131,13826.46,0,On Time
PO003570,S040,P0180,2024-12-30,2025-01-21,2025-01-31,577,10016.49,10,Delayed
PO003571,S028,P0484,2024-05-06,2024-05-28,2024-06-02,454,19487.18,5,Delayed
PO003572,S028,P0080,2024-08-10,2024-09-01,2024-09-14,536,25405.77,13,Delayed
PO003573,S004,P0346,2025-07-15,2025-08-23,2025-08-23,751,31060.11,0,On Time
PO003574,S015,P0175,2025-11-18,2026-01-14,2026-01-14,691,2943.79,0,On Time
PO003575,S022,P0052,2024-07-24,2024-08-08,2024-08-08,597,9722.55,0,On Time
PO003576,S021,P0173,2024-12-17,2025-01-25,2025-01-25,967,603.47,0,On Time
PO003577,S018,P0186,2024-11-23,2024-12-06,2024-12-06,657,13409.33,0,On Time
PO003578,S031,P0377,2025-11-18,2026-01-10,2026-01-10,447,13552.01,0,On Time
PO003579,S029,P0348,2024-12-07,2025-01-04,2025-01-04,950,2852.1,0,On Time
PO003580,S038,P0094,2024-11-06,2025-01-02,2025-01-02,228,5058.08,0,On Time
PO003581,S031,P0168,2025-01-01,2025-02-23,2025-02-23,197,2426.07,0,On Time
PO003582,S022,P0455,2025-09-19,2025-10-04,2025-10-04,145,18255.75,0,On Time
PO003583,S025,P0384,2024-01-05,2024-03-04,2024-03-04,874,1530.32,0,On Time
PO003584,S045,P0267,2024-04-28,2024-05-05,2024-05-05,366,9677.45,0,On Time
PO003585,S030,P0178,2025-08-25,2025-10-11,2025-10-11,865,8438.43,0,On Time
PO003586,S032,P0207,2025-05-24,2025-07-16,2025-07-16,509,2684.25,0,On Time
PO003587,S005,P0467,2025-04-02,2025-05-21,2025-05-21,573,2177.19,0,On Time
PO003588,S016,P0209,2024-03-11,2024-04-01,2024-04-01,145,12984.33,0,On Time
PO003589,S034,P0485,2025-04-30,2025-06-03,2025-06-03,788,8145.18,0,On Time
PO003590,S043,P0062,2025-06-16,2025-07-27,2025-07-27,410,6885.8,0,On Time
PO003591,S001,P0032,2024-02-17,2024-04-11,2024-04-24,603,4928.61,13,Delayed
PO003592,S001,P0487,2025-02-19,2025-04-14,2025-04-14,837,3559.38,0,On Time
PO003593,S006,P0270,2024-07-14,2024-08-23,2024-08-23,774,2477.35,0,On Time
PO003594,S029,P0084,2025-07-12,2025-08-09,2025-08-09,725,7933.58,0,On Time
PO003595,S024,P0204,2025-12-14,2026-01-12,2026-01-12,173,2772.38,0,On Time
PO003596,S022,P0208,2024-02-14,2024-02-29,2024-03-12,718,7030.25,12,Delayed
PO003597,S033,P0466,2025-01-14,2025-01-26,2025-01-26,454,15478.45,0,On Time
PO003598,S047,P0449,2025-02-18,2025-04-07,2025-04-07,824,2441.25,0,On Time
PO003599,S028,P0073,2024-01-20,2024-02-11,2024-02-11,73,14636.02,0,On Time
PO003600,S012,P0442,2025-08-30,2025-09-23,2025-09-23,979,2656.16,0,On Time
PO003601,S038,P0178,2025-11-13,2026-01-09,2026-01-17,191,2753.5,8,Delayed
PO003602,S014,P0011,2024-12-01,2025-01-24,2025-01-24,665,3950.3,0,On Time
PO003603,S025,P0389,2024-07-18,2024-09-15,2024-09-15,744,9117.05,0,On Time
PO003604,S049,P0114,2025-02-04,2025-04-03,2025-04-03,837,2124.12,0,On Time
PO003605,S041,P0266,2025-08-07,2025-08-30,2025-08-30,974,6547.09,0,On Time
PO003606,S009,P0343,2024-01-05,2024-01-20,2024-01-20,450,29082.22,0,On Time
PO003607,S025,P0080,2025-02-11,2025-04-11,2025-04-11,542,10827.53,0,On Time
PO003608,S026,P0425,2024-06-17,2024-07-11,2024-07-17,743,10416.52,6,Delayed
PO003609,S003,P0164,2024-11-16,2024-12-03,2024-12-14,408,1378.34,11,Delayed
PO003610,S003,P0308,2025-09-09,2025-09-26,2025-09-26,393,5501.91,0,On Time
PO003611,S020,P0390,2025-08-02,2025-09-12,2025-09-20,716,3122.2,8,Delayed
PO003612,S024,P0291,2024-10-22,2024-11-20,2024-11-20,261,2769.69,0,On Time
PO003613,S018,P0109,2025-08-07,2025-08-20,2025-08-20,451,2086.88,0,On Time
PO003614,S005,P0039,2025-07-08,2025-08-26,2025-08-26,40,22599.46,0,On Time
PO003615,S044,P0064,2025-11-28,2025-12-30,2025-12-30,434,4203.18,0,On Time
PO003616,S036,P0062,2024-08-31,2024-09-12,2024-09-12,35,20434.95,0,On Time
PO003617,S012,P0172,2024-10-04,2024-10-28,2024-10-28,253,13794.63,0,On Time
PO003618,S024,P0394,2025-11-02,2025-12-01,2025-12-01,389,5121.97,0,On Time
PO003619,S025,P0311,2025-11-09,2026-01-07,2026-01-07,957,3015.22,0,On Time
PO003620,S004,P0373,2025-11-30,2026-01-08,2026-01-22,150,4474.15,14,Delayed
PO003621,S006,P0217,2024-07-14,2024-08-23,2024-08-23,283,6117.4,0,On Time
PO003622,S016,P0481,2025-06-14,2025-07-05,2025-07-05,64,2037.35,0,On Time
PO003623,S041,P0324,2024-07-26,2024-08-18,2024-08-18,826,3293.52,0,On Time
PO003624,S026,P0304,2025-06-16,2025-07-10,2025-07-15,993,7966.01,5,Delayed
PO003625,S023,P0233,2025-02-12,2025-04-07,2025-04-07,177,2643.23,0,On Time
PO003626,S005,P0473,2025-09-19,2025-11-07,2025-11-07,860,3742.05,0,On Time
PO003627,S019,P0071,2024-02-18,2024-03-01,2024-03-01,864,14078.97,0,On Time
PO003628,S021,P0350,2024-10-13,2024-11-21,2024-11-21,573,7921.42,0,On Time
PO003629,S002,P0001,2025-04-19,2025-05-30,2025-05-30,944,2127.2,0,On Time
PO003630,S044,P0048,2024-04-10,2024-05-12,2024-05-14,809,2806.28,2,Delayed
PO003631,S017,P0224,2024-11-20,2024-12-27,2024-12-27,640,3594.04,0,On Time
PO003632,S024,P0059,2024-02-14,2024-03-14,2024-03-14,855,3254.03,0,On Time
PO003633,S035,P0005,2024-12-20,2025-02-01,2025-02-01,899,10400.53,0,On Time
PO003634,S032,P0352,2025-03-12,2025-05-04,2025-05-04,685,9510.39,0,On Time
PO003635,S011,P0266,2025-10-02,2025-10-14,2025-10-14,111,2451.35,0,On Time
PO003636,S050,P0143,2025-09-23,2025-11-07,2025-11-20,626,1920.1,13,Delayed
PO003637,S014,P0059,2025-06-28,2025-08-21,2025-08-21,511,3069.16,0,On Time
PO003638,S022,P0223,2025-01-26,2025-02-10,2025-02-18,149,9212.47,8,Delayed
PO003639,S023,P0051,2025-01-16,2025-03-11,2025-03-18,549,1461.5,7,Delayed
PO003640,S005,P0363,2025-01-30,2025-03-20,2025-03-20,552,11506.66,0,On Time
PO003641,S005,P0422,2024-12-15,2025-02-02,2025-02-02,394,2312.88,0,On Time
PO003642,S031,P0432,2025-08-21,2025-10-13,2025-10-13,356,1273.26,0,On Time
PO003643,S016,P0183,2025-01-24,2025-02-14,2025-02-14,693,6599.56,0,On Time
PO003644,S041,P0142,2025-12-24,2026-01-16,2026-01-16,740,5266.92,0,On Time
PO003645,S050,P0272,2025-10-07,2025-11-21,2025-11-21,588,1842.18,0,On Time
PO003646,S021,P0434,2025-10-13,2025-11-21,2025-11-21,931,3484.79,0,On Time
PO003647,S020,P0231,2025-03-12,2025-04-22,2025-04-22,858,2499.39,0,On Time
PO003648,S008,P0495,2024-12-29,2025-01-16,2025-01-16,83,11738.56,0,On Time
PO003649,S046,P0231,2024-10-19,2024-10-26,2024-10-29,964,2558.88,3,Delayed
PO003650,S015,P0273,2025-11-22,2026-01-18,2026-01-18,896,10331.96,0,On Time
PO003651,S013,P0373,2025-11-18,2026-01-05,2026-01-05,641,2865.66,0,On Time
PO003652,S014,P0285,2025-06-02,2025-07-26,2025-07-26,931,10171.25,0,On Time
PO003653,S013,P0332,2024-01-24,2024-03-12,2024-03-12,630,5478.64,0,On Time
PO003654,S049,P0174,2024-09-03,2024-10-31,2024-10-31,119,15931.66,0,On Time
PO003655,S006,P0081,2024-11-08,2024-12-18,2024-12-18,316,3389.23,0,On Time
PO003656,S013,P0249,2024-07-08,2024-08-25,2024-09-08,17,6734.12,14,Delayed
PO003657,S036,P0444,2025-10-24,2025-11-05,2025-11-08,491,2025.13,3,Delayed
PO003658,S009,P0098,2025-05-18,2025-06-02,2025-06-06,58,3695.75,4,Delayed
PO003659,S016,P0412,2025-04-12,2025-05-03,2025-05-03,376,5261.78,0,On Time
PO003660,S049,P0398,2025-02-14,2025-04-13,2025-04-13,185,3117.39,0,On Time
PO003661,S021,P0375,2025-11-29,2026-01-07,2026-01-07,204,2526.79,0,On Time
PO003662,S042,P0466,2025-08-26,2025-10-20,2025-10-20,628,11412.59,0,On Time
PO003663,S032,P0497,2024-01-01,2024-02-23,2024-02-23,242,2164.73,0,On Time
PO003664,S029,P0442,2025-09-01,2025-09-29,2025-09-29,357,1749.93,0,On Time
PO003665,S019,P0140,2024-01-01,2024-01-13,2024-01-13,771,10083.23,0,On Time
PO003666,S036,P0098,2025-08-01,2025-08-13,2025-08-16,437,6918.16,3,Delayed
PO003667,S012,P0357,2025-03-02,2025-03-26,2025-03-26,470,1307.15,0,On Time
PO003668,S046,P0295,2025-03-02,2025-03-09,2025-03-09,200,8596.73,0,On Time
PO003669,S001,P0267,2024-09-25,2024-11-18,2024-11-18,318,19309.87,0,On Time
PO003670,S048,P0265,2025-03-21,2025-04-06,2025-04-06,248,1715.24,0,On Time
PO003671,S025,P0481,2024-06-27,2024-08-25,2024-08-25,856,8332.67,0,On Time
PO003672,S038,P0336,2024-02-25,2024-04-22,2024-04-27,767,6506.7,5,Delayed
PO003673,S040,P0040,2024-10-23,2024-11-14,2024-11-14,148,2173.0,0,On Time
PO003674,S032,P0449,2024-05-09,2024-07-01,2024-07-01,656,7889.36,0,On Time
PO003675,S006,P0137,2024-01-12,2024-02-21,2024-02-21,920,2506.32,0,On Time
PO003676,S038,P0008,2025-01-30,2025-03-28,2025-03-28,711,903.62,0,On Time
PO003677,S006,P0050,2025-08-21,2025-09-30,2025-10-14,326,5935.17,14,Delayed
PO003678,S021,P0221,2025-03-08,2025-04-16,2025-04-16,48,1132.82,0,On Time
PO003679,S027,P0238,2024-01-25,2024-03-24,2024-03-24,551,11912.46,0,On Time
PO003680,S038,P0150,2024-04-03,2024-05-30,2024-05-30,907,5638.21,0,On Time
PO003681,S031,P0092,2025-12-17,2026-02-08,2026-02-08,826,13546.93,0,On Time
PO003682,S028,P0287,2025-10-24,2025-11-15,2025-11-17,251,6555.09,2,Delayed
PO003683,S016,P0332,2024-07-20,2024-08-10,2024-08-10,424,6557.66,0,On Time
PO003684,S017,P0317,2025-10-10,2025-11-16,2025-11-16,280,3337.02,0,On Time
PO003685,S013,P0268,2025-07-20,2025-09-06,2025-09-06,883,7105.14,0,On Time
PO003686,S049,P0263,2024-11-26,2025-01-23,2025-01-23,737,4668.19,0,On Time
PO003687,S009,P0457,2024-01-09,2024-01-24,2024-01-24,804,8494.06,0,On Time
PO003688,S017,P0119,2024-03-03,2024-04-09,2024-04-09,725,1594.72,0,On Time
PO003689,S039,P0440,2025-01-09,2025-02-03,2025-02-07,287,5903.12,4,Delayed
PO003690,S009,P0470,2025-11-19,2025-12-04,2025-12-04,269,4048.71,0,On Time
PO003691,S007,P0022,2024-08-24,2024-09-27,2024-10-05,102,1411.41,8,Delayed
PO003692,S008,P0301,2025-05-11,2025-05-29,2025-05-29,525,775.59,0,On Time
PO003693,S010,P0048,2025-08-01,2025-08-29,2025-08-29,445,20115.7,0,On Time
PO003694,S029,P0184,2025-06-24,2025-07-22,2025-07-22,379,7914.79,0,On Time
PO003695,S013,P0318,2024-09-02,2024-10-20,2024-10-20,764,7678.27,0,On Time
PO003696,S044,P0398,2024-09-25,2024-10-27,2024-10-27,274,1788.42,0,On Time
PO003697,S023,P0343,2024-12-29,2025-02-21,2025-02-21,611,10486.62,0,On Time
PO003698,S022,P0314,2025-05-15,2025-05-30,2025-06-10,678,6849.46,11,Delayed
PO003699,S026,P0411,2024-08-15,2024-09-08,2024-09-08,543,13127.99,0,On Time
PO003700,S018,P0346,2025-02-19,2025-03-04,2025-03-04,726,7859.52,0,On Time
PO003701,S002,P0097,2024-12-05,2025-01-15,2025-01-21,514,12475.1,6,Delayed
PO003702,S047,P0174,2025-02-26,2025-04-15,2025-04-26,354,37767.83,11,Delayed
PO003703,S016,P0114,2024-03-06,2024-03-27,2024-03-27,299,1895.33,0,On Time
PO003704,S002,P0373,2024-03-17,2024-04-27,2024-04-27,238,1154.6,0,On Time
PO003705,S027,P0312,2025-12-28,2026-02-25,2026-02-25,69,4488.1,0,On Time
PO003706,S047,P0177,2025-12-15,2026-02-01,2026-02-01,831,2476.55,0,On Time
PO003707,S044,P0472,2025-09-10,2025-10-12,2025-10-12,196,1537.07,0,On Time
PO003708,S004,P0493,2024-01-27,2024-03-06,2024-03-06,838,1765.78,0,On Time
PO003709,S028,P0291,2025-07-18,2025-08-09,2025-08-19,236,4821.72,10,Delayed
PO003710,S002,P0461,2024-08-23,2024-10-03,2024-10-03,502,1837.63,0,On Time
PO003711,S015,P0392,2025-12-02,2026-01-28,2026-01-28,292,9505.5,0,On Time
PO003712,S028,P0263,2025-04-08,2025-04-30,2025-04-30,991,5756.6,0,On Time
PO003713,S010,P0298,2025-03-07,2025-04-04,2025-04-04,129,21616.75,0,On Time
PO003714,S047,P0229,2024-01-25,2024-03-13,2024-03-26,788,3253.37,13,Delayed
PO003715,S003,P0413,2025-06-24,2025-07-11,2025-07-11,297,21334.05,0,On Time
PO003716,S039,P0263,2025-02-19,2025-03-16,2025-03-16,604,2603.08,0,On Time
PO003717,S029,P0287,2025-04-13,2025-05-11,2025-05-11,695,3167.68,0,On Time
PO003718,S032,P0053,2024-06-22,2024-08-14,2024-08-14,141,2272.72,0,On Time
PO003719,S044,P0354,2025-02-02,2025-03-06,2025-03-08,232,4829.76,2,Delayed
PO003720,S013,P0282,2025-07-10,2025-08-27,2025-08-27,80,2726.88,0,On Time
PO003721,S001,P0343,2024-11-18,2025-01-11,2025-01-11,279,8957.1,0,On Time
PO003722,S035,P0359,2024-03-02,2024-04-14,2024-04-14,866,3170.87,0,On Time
PO003723,S024,P0456,2024-01-29,2024-02-27,2024-02-27,211,7405.36,0,On Time
PO003724,S027,P0269,2025-02-20,2025-04-20,2025-04-20,218,4390.25,0,On Time
PO003725,S036,P0342,2024-01-07,2024-01-19,2024-01-19,133,1536.8,0,On Time
PO003726,S017,P0276,2025-09-15,2025-10-22,2025-10-22,990,19679.3,0,On Time
PO003727,S035,P0144,2025-09-01,2025-10-14,2025-10-14,281,12266.91,0,On Time
PO003728,S009,P0317,2024-10-19,2024-11-03,2024-11-03,228,2873.89,0,On Time
PO003729,S011,P0031,2025-05-17,2025-05-29,2025-05-29,125,10393.64,0,On Time
PO003730,S048,P0152,2025-08-07,2025-08-23,2025-08-23,959,2997.93,0,On Time
PO003731,S027,P0099,2024-01-14,2024-03-13,2024-03-13,777,2414.32,0,On Time
PO003732,S024,P0041,2025-10-12,2025-11-10,2025-11-24,186,1835.11,14,Delayed
PO003733,S003,P0379,2025-06-24,2025-07-11,2025-07-11,86,4627.89,0,On Time
PO003734,S002,P0323,2024-08-12,2024-09-22,2024-09-22,380,18507.43,0,On Time
PO003735,S012,P0163,2025-06-05,2025-06-29,2025-06-29,415,1122.92,0,On Time
PO003736,S035,P0434,2024-04-18,2024-05-31,2024-05-31,422,2262.33,0,On Time
PO003737,S037,P0089,2025-07-22,2025-09-13,2025-09-13,372,6859.53,0,On Time
PO003738,S034,P0002,2025-10-22,2025-11-25,2025-11-25,43,3209.91,0,On Time
PO003739,S036,P0298,2024-12-04,2024-12-16,2024-12-18,175,2385.42,2,Delayed
PO003740,S046,P0239,2024-10-05,2024-10-12,2024-10-12,511,2945.11,0,On Time
PO003741,S047,P0324,2025-08-15,2025-10-02,2025-10-02,518,1043.94,0,On Time
PO003742,S002,P0361,2025-01-16,2025-02-26,2025-03-12,475,5524.05,14,Delayed
PO003743,S005,P0123,2025-12-09,2026-01-27,2026-01-27,52,4839.81,0,On Time
PO003744,S023,P0428,2024-05-20,2024-07-13,2024-07-27,799,4667.43,14,Delayed
PO003745,S048,P0393,2024-05-31,2024-06-16,2024-06-16,913,10201.52,0,On Time
PO003746,S048,P0275,2024-04-30,2024-05-16,2024-05-16,373,5016.69,0,On Time
PO003747,S001,P0240,2024-08-29,2024-10-22,2024-10-22,841,1203.39,0,On Time
PO003748,S034,P0268,2025-08-25,2025-09-28,2025-10-07,45,32256.69,9,Delayed
PO003749,S033,P0061,2024-06-28,2024-07-10,2024-07-10,863,6531.79,0,On Time
PO003750,S009,P0375,2025-04-24,2025-05-09,2025-05-09,123,7594.98,0,On Time
PO003751,S044,P0473,2025-11-16,2025-12-18,2025-12-18,779,9036.54,0,On Time
PO003752,S032,P0441,2025-06-18,2025-08-10,2025-08-10,869,2108.78,0,On Time
PO003753,S017,P0462,2024-02-03,2024-03-11,2024-03-11,349,1883.13,0,On Time
PO003754,S044,P0256,2024-06-21,2024-07-23,2024-07-23,173,6488.57,0,On Time
PO003755,S045,P0250,2025-03-26,2025-04-02,2025-04-02,612,11130.48,0,On Time
PO003756,S044,P0218,2025-09-15,2025-10-17,2025-11-01,683,4700.46,15,Delayed
PO003757,S036,P0422,2024-11-07,2024-11-19,2024-11-19,897,4682.17,0,On Time
PO003758,S011,P0395,2025-03-30,2025-04-11,2025-04-11,343,4165.29,0,On Time
PO003759,S040,P0455,2025-06-18,2025-07-10,2025-07-10,372,1981.15,0,On Time
PO003760,S046,P0140,2025-11-22,2025-11-29,2025-11-29,957,25527.8,0,On Time
PO003761,S017,P0260,2025-12-11,2026-01-17,2026-01-17,224,1386.16,0,On Time
PO003762,S043,P0217,2024-03-03,2024-04-13,2024-04-13,211,10431.3,0,On Time
PO003763,S036,P0440,2025-11-28,2025-12-10,2025-12-10,955,14005.18,0,On Time
PO003764,S031,P0477,2025-05-15,2025-07-07,2025-07-07,722,8804.29,0,On Time
PO003765,S033,P0162,2024-03-05,2024-03-17,2024-03-17,631,6793.06,0,On Time
PO003766,S020,P0132,2025-09-13,2025-10-24,2025-10-24,463,3850.67,0,On Time
PO003767,S024,P0218,2025-07-02,2025-07-31,2025-07-31,313,38202.27,0,On Time
PO003768,S023,P0486,2024-04-07,2024-05-31,2024-05-31,879,8997.59,0,On Time
PO003769,S038,P0251,2025-10-16,2025-12-12,2025-12-12,96,3451.74,0,On Time
PO003770,S032,P0452,2025-06-21,2025-08-13,2025-08-14,163,3428.14,1,Delayed
PO003771,S006,P0173,2024-11-19,2024-12-29,2024-12-29,807,9781.13,0,On Time
PO003772,S044,P0230,2024-04-16,2024-05-18,2024-05-18,17,1513.24,0,On Time
PO003773,S031,P0329,2024-04-02,2024-05-25,2024-05-25,94,9037.96,0,On Time
PO003774,S037,P0211,2024-12-15,2025-02-06,2025-02-06,17,11965.71,0,On Time
PO003775,S033,P0403,2025-02-02,2025-02-14,2025-02-14,970,17365.28,0,On Time
PO003776,S039,P0014,2025-10-09,2025-11-03,2025-11-03,95,16702.97,0,On Time
PO003777,S043,P0174,2024-03-27,2024-05-07,2024-05-07,618,794.52,0,On Time
PO003778,S048,P0424,2024-11-10,2024-11-26,2024-11-26,528,2085.2,0,On Time
PO003779,S003,P0170,2024-12-15,2025-01-01,2025-01-14,420,4721.12,13,Delayed
PO003780,S030,P0196,2025-09-26,2025-11-12,2025-11-12,440,11138.99,0,On Time
PO003781,S027,P0177,2024-07-29,2024-09-26,2024-09-26,104,2421.4,0,On Time
PO003782,S042,P0139,2025-05-17,2025-07-11,2025-07-11,263,6058.57,0,On Time
PO003783,S012,P0409,2025-08-30,2025-09-23,2025-09-23,288,1578.24,0,On Time
PO003784,S028,P0042,2024-08-31,2024-09-22,2024-09-22,479,695.85,0,On Time
PO003785,S008,P0147,2024-06-04,2024-06-22,2024-06-22,179,8314.79,0,On Time
PO003786,S046,P0383,2025-12-04,2025-12-11,2025-12-21,924,1718.02,10,Delayed
PO003787,S007,P0017,2024-04-28,2024-06-01,2024-06-14,352,3819.64,13,Delayed
PO003788,S032,P0128,2024-06-16,2024-08-08,2024-08-08,996,12874.18,0,On Time
PO003789,S042,P0407,2025-03-06,2025-04-30,2025-04-30,883,5839.82,0,On Time
PO003790,S039,P0170,2024-12-28,2025-01-22,2025-01-22,478,2146.91,0,On Time
PO003791,S007,P0263,2025-06-06,2025-07-10,2025-07-16,568,10798.66,6,Delayed
PO003792,S010,P0340,2025-08-08,2025-09-05,2025-09-05,293,8739.62,0,On Time
PO003793,S040,P0450,2024-10-03,2024-10-25,2024-10-25,199,1322.25,0,On Time
PO003794,S050,P0205,2024-09-05,2024-10-20,2024-10-20,449,29841.53,0,On Time
PO003795,S049,P0337,2025-06-17,2025-08-14,2025-08-14,568,22576.61,0,On Time
PO003796,S026,P0306,2024-07-30,2024-08-23,2024-08-30,773,9021.54,7,Delayed
PO003797,S050,P0205,2025-09-28,2025-11-12,2025-11-12,470,11250.37,0,On Time
PO003798,S048,P0353,2025-01-06,2025-01-22,2025-01-22,508,12751.75,0,On Time
PO003799,S014,P0116,2025-09-14,2025-11-07,2025-11-07,456,9198.75,0,On Time
PO003800,S015,P0208,2025-04-16,2025-06-12,2025-06-12,232,1599.46,0,On Time
PO003801,S045,P0373,2025-06-02,2025-06-09,2025-06-09,779,8316.62,0,On Time
PO003802,S028,P0227,2025-08-03,2025-08-25,2025-08-25,252,1937.83,0,On Time
PO003803,S035,P0033,2024-01-04,2024-02-16,2024-02-16,172,2029.26,0,On Time
PO003804,S024,P0400,2024-01-21,2024-02-19,2024-03-04,879,4793.35,14,Delayed
PO003805,S018,P0470,2025-04-15,2025-04-28,2025-04-28,371,4274.64,0,On Time
PO003806,S012,P0478,2025-02-09,2025-03-05,2025-03-05,123,15566.18,0,On Time
PO003807,S045,P0389,2025-11-05,2025-11-12,2025-11-12,166,3235.25,0,On Time
PO003808,S007,P0494,2025-06-21,2025-07-25,2025-07-25,878,3708.17,0,On Time
PO003809,S014,P0076,2025-12-05,2026-01-28,2026-01-28,685,10023.89,0,On Time
PO003810,S023,P0244,2024-05-18,2024-07-11,2024-07-11,552,2965.92,0,On Time
PO003811,S001,P0097,2025-07-03,2025-08-26,2025-08-26,810,8018.87,0,On Time
PO003812,S043,P0393,2025-08-29,2025-10-09,2025-10-09,101,8248.59,0,On Time
PO003813,S002,P0352,2024-03-18,2024-04-28,2024-05-06,76,13636.44,8,Delayed
PO003814,S011,P0439,2025-08-24,2025-09-05,2025-09-05,137,4313.25,0,On Time
PO003815,S045,P0131,2025-10-03,2025-10-10,2025-10-10,178,15211.41,0,On Time
PO003816,S032,P0454,2024-07-12,2024-09-03,2024-09-03,63,1354.88,0,On Time
PO003817,S041,P0396,2025-10-01,2025-10-24,2025-10-24,792,22971.42,0,On Time
PO003818,S018,P0173,2025-01-17,2025-01-30,2025-01-30,783,2269.33,0,On Time
PO003819,S030,P0432,2025-12-26,2026-02-11,2026-02-11,263,16845.56,0,On Time
PO003820,S019,P0378,2024-09-28,2024-10-10,2024-10-10,905,45773.32,0,On Time
PO003821,S020,P0282,2024-07-17,2024-08-27,2024-08-27,471,37550.4,0,On Time
PO003822,S028,P0395,2024-03-11,2024-04-02,2024-04-02,536,1892.69,0,On Time
PO003823,S047,P0407,2025-12-05,2026-01-22,2026-01-22,841,1464.17,0,On Time
PO003824,S011,P0007,2025-07-06,2025-07-18,2025-07-18,558,1162.38,0,On Time
PO003825,S042,P0252,2025-07-06,2025-08-30,2025-08-30,865,26442.92,0,On Time
PO003826,S011,P0009,2024-06-12,2024-06-24,2024-06-24,882,4258.63,0,On Time
PO003827,S025,P0088,2025-09-26,2025-11-24,2025-12-08,460,24589.64,14,Delayed
PO003828,S050,P0275,2025-09-15,2025-10-30,2025-11-08,817,13258.9,9,Delayed
PO003829,S034,P0080,2025-08-09,2025-09-12,2025-09-12,570,8430.46,0,On Time
PO003830,S023,P0320,2024-01-04,2024-02-27,2024-02-27,995,9466.08,0,On Time
PO003831,S024,P0329,2024-08-27,2024-09-25,2024-09-25,568,5191.71,0,On Time
PO003832,S019,P0465,2024-02-18,2024-03-01,2024-03-01,457,7294.7,0,On Time
PO003833,S042,P0279,2025-01-20,2025-03-16,2025-03-16,789,6255.09,0,On Time
PO003834,S006,P0349,2025-11-08,2025-12-18,2025-12-18,680,2444.17,0,On Time
PO003835,S028,P0209,2024-08-03,2024-08-25,2024-08-26,565,18592.57,1,Delayed
PO003836,S034,P0200,2024-04-19,2024-05-23,2024-05-23,172,31334.64,0,On Time
PO003837,S040,P0243,2025-12-08,2025-12-30,2025-12-30,728,16821.18,0,On Time
PO003838,S045,P0418,2025-11-08,2025-11-15,2025-11-15,757,568.68,0,On Time
PO003839,S012,P0164,2025-03-22,2025-04-15,2025-04-15,864,1751.08,0,On Time
PO003840,S050,P0054,2025-08-05,2025-09-19,2025-09-19,578,11424.52,0,On Time
PO003841,S005,P0448,2025-10-26,2025-12-14,2025-12-14,29,1665.89,0,On Time
PO003842,S007,P0065,2025-06-10,2025-07-14,2025-07-14,712,4469.25,0,On Time
PO003843,S014,P0006,2025-10-16,2025-12-09,2025-12-11,635,27473.51,2,Delayed
PO003844,S049,P0065,2024-08-21,2024-10-18,2024-10-18,284,1671.4,0,On Time
PO003845,S041,P0051,2024-05-28,2024-06-20,2024-06-20,945,1067.05,0,On Time
PO003846,S009,P0162,2024-05-17,2024-06-01,2024-06-01,378,7373.25,0,On Time
PO003847,S044,P0491,2024-01-16,2024-02-17,2024-02-17,714,4762.39,0,On Time
PO003848,S019,P0431,2024-08-14,2024-08-26,2024-08-26,943,4989.13,0,On Time
PO003849,S005,P0275,2025-07-08,2025-08-26,2025-08-26,544,3316.32,0,On Time
PO003850,S014,P0239,2025-03-26,2025-05-19,2025-05-19,935,7065.26,0,On Time
PO003851,S031,P0320,2025-07-08,2025-08-30,2025-09-12,491,7600.4,13,Delayed
PO003852,S041,P0182,2025-08-01,2025-08-24,2025-08-24,599,3505.11,0,On Time
PO003853,S037,P0023,2024-12-08,2025-01-30,2025-02-09,62,9733.68,10,Delayed
PO003854,S039,P0165,2025-05-22,2025-06-16,2025-06-30,487,33099.4,14,Delayed
PO003855,S007,P0250,2025-09-11,2025-10-15,2025-10-17,522,2115.92,2,Delayed
PO003856,S037,P0403,2025-08-18,2025-10-10,2025-10-10,465,3287.42,0,On Time
PO003857,S023,P0083,2025-03-04,2025-04-27,2025-04-27,953,9633.35,0,On Time
PO003858,S033,P0029,2025-05-19,2025-05-31,2025-05-31,294,4753.68,0,On Time
PO003859,S021,P0244,2024-05-05,2024-06-13,2024-06-13,232,2690.15,0,On Time
PO003860,S018,P0130,2025-04-25,2025-05-08,2025-05-08,924,3125.01,0,On Time
PO003861,S050,P0172,2025-01-26,2025-03-12,2025-03-12,783,3201.21,0,On Time
PO003862,S022,P0075,2024-06-11,2024-06-26,2024-07-02,169,7264.16,6,Delayed
PO003863,S031,P0239,2024-07-27,2024-09-18,2024-09-18,380,2755.17,0,On Time
PO003864,S017,P0357,2024-06-19,2024-07-26,2024-07-26,961,2931.57,0,On Time
PO003865,S022,P0465,2025-09-16,2025-10-01,2025-10-01,593,2913.93,0,On Time
PO003866,S030,P0352,2025-11-06,2025-12-23,2025-12-23,645,9608.89,0,On Time
PO003867,S025,P0129,2025-05-30,2025-07-28,2025-07-28,646,2982.74,0,On Time
PO003868,S012,P0453,2025-10-26,2025-11-19,2025-11-19,572,2169.59,0,On Time
PO003869,S042,P0021,2024-02-16,2024-04-11,2024-04-11,417,5416.63,0,On Time
PO003870,S002,P0089,2025-05-12,2025-06-22,2025-06-22,302,9805.84,0,On Time
PO003871,S005,P0212,2025-03-23,2025-05-11,2025-05-11,95,3037.61,0,On Time
PO003872,S012,P0015,2025-03-11,2025-04-04,2025-04-04,596,2753.21,0,On Time
PO003873,S030,P0468,2025-05-09,2025-06-25,2025-06-25,74,1403.04,0,On Time
PO003874,S008,P0384,2024-11-13,2024-12-01,2024-12-01,275,5264.23,0,On Time
PO003875,S025,P0495,2024-06-24,2024-08-22,2024-08-22,826,14175.5,0,On Time
PO003876,S043,P0432,2024-11-09,2024-12-20,2024-12-20,357,18268.17,0,On Time
PO003877,S040,P0054,2025-09-25,2025-10-17,2025-10-19,702,7978.68,2,Delayed
PO003878,S033,P0105,2024-12-07,2024-12-19,2024-12-19,247,919.77,0,On Time
PO003879,S003,P0272,2025-05-06,2025-05-23,2025-05-23,502,7570.21,0,On Time
PO003880,S035,P0178,2024-11-15,2024-12-28,2024-12-28,985,443.4,0,On Time
PO003881,S036,P0246,2025-11-14,2025-11-26,2025-11-26,206,2671.54,0,On Time
PO003882,S002,P0452,2025-06-26,2025-08-06,2025-08-06,43,3563.83,0,On Time
PO003883,S049,P0026,2024-03-28,2024-05-25,2024-05-25,735,867.58,0,On Time
PO003884,S026,P0420,2025-08-25,2025-09-18,2025-09-18,307,1420.8,0,On Time
PO003885,S010,P0043,2024-04-25,2024-05-23,2024-05-23,652,2424.71,0,On Time
PO003886,S002,P0313,2024-01-11,2024-02-21,2024-02-21,626,1556.35,0,On Time
PO003887,S020,P0492,2024-09-13,2024-10-24,2024-10-24,724,2992.85,0,On Time
PO003888,S037,P0431,2024-06-10,2024-08-02,2024-08-02,42,7153.46,0,On Time
PO003889,S031,P0227,2025-05-17,2025-07-09,2025-07-09,886,9271.43,0,On Time
PO003890,S014,P0428,2025-04-04,2025-05-28,2025-05-28,31,4833.19,0,On Time
PO003891,S014,P0021,2024-01-20,2024-03-14,2024-03-14,494,27636.03,0,On Time
PO003892,S009,P0334,2024-11-16,2024-12-01,2024-12-01,631,11483.91,0,On Time
PO003893,S049,P0381,2024-11-30,2025-01-27,2025-01-27,502,15991.84,0,On Time
PO003894,S031,P0029,2025-09-07,2025-10-30,2025-10-30,906,9137.88,0,On Time
PO003895,S035,P0454,2025-09-21,2025-11-03,2025-11-03,97,5376.66,0,On Time
PO003896,S029,P0132,2025-09-05,2025-10-03,2025-10-03,231,11101.58,0,On Time
PO003897,S009,P0186,2024-07-24,2024-08-08,2024-08-18,842,3970.46,10,Delayed
PO003898,S043,P0291,2024-11-30,2025-01-10,2025-01-14,292,923.85,4,Delayed
PO003899,S033,P0111,2024-05-01,2024-05-13,2024-05-13,510,8071.9,0,On Time
PO003900,S002,P0232,2024-05-19,2024-06-29,2024-07-12,262,2027.83,13,Delayed
PO003901,S035,P0477,2024-05-05,2024-06-17,2024-06-17,320,2515.58,0,On Time
PO003902,S039,P0293,2024-06-26,2024-07-21,2024-07-21,172,4152.52,0,On Time
PO003903,S022,P0014,2024-02-19,2024-03-05,2024-03-09,97,7460.02,4,Delayed
PO003904,S035,P0411,2024-08-14,2024-09-26,2024-09-26,510,8953.54,0,On Time
PO003905,S017,P0429,2024-09-05,2024-10-12,2024-10-16,676,1180.78,4,Delayed
PO003906,S023,P0097,2025-01-12,2025-03-07,2025-03-08,248,3227.32,1,Delayed
PO003907,S003,P0254,2024-09-25,2024-10-12,2024-10-12,473,3663.84,0,On Time
PO003908,S033,P0441,2024-02-05,2024-02-17,2024-02-17,938,1206.51,0,On Time
PO003909,S025,P0420,2025-11-02,2025-12-31,2025-12-31,711,1315.25,0,On Time
PO003910,S003,P0026,2024-01-12,2024-01-29,2024-01-29,48,2636.37,0,On Time
PO003911,S027,P0189,2025-05-11,2025-07-09,2025-07-22,677,310.96,13,Delayed
PO003912,S014,P0207,2024-05-19,2024-07-12,2024-07-12,185,13901.64,0,On Time
PO003913,S023,P0421,2025-03-17,2025-05-10,2025-05-10,217,5173.3,0,On Time
PO003914,S002,P0172,2024-08-01,2024-09-11,2024-09-11,381,705.36,0,On Time
PO003915,S047,P0449,2024-07-02,2024-08-19,2024-08-19,605,1289.2,0,On Time
PO003916,S048,P0218,2024-12-19,2025-01-04,2025-01-04,975,1680.9,0,On Time
PO003917,S050,P0359,2025-07-28,2025-09-11,2025-09-11,210,1514.91,0,On Time
PO003918,S048,P0088,2024-08-11,2024-08-27,2024-08-27,873,5568.89,0,On Time
PO003919,S033,P0216,2024-04-16,2024-04-28,2024-04-28,790,17033.56,0,On Time
PO003920,S023,P0318,2025-01-28,2025-03-23,2025-03-23,539,4115.06,0,On Time
PO003921,S007,P0457,2024-03-14,2024-04-17,2024-04-17,76,4699.25,0,On Time
PO003922,S050,P0458,2025-04-01,2025-05-16,2025-05-16,941,21657.94,0,On Time
PO003923,S007,P0419,2025-09-03,2025-10-07,2025-10-07,770,2584.24,0,On Time
PO003924,S023,P0420,2025-07-02,2025-08-25,2025-08-28,196,2993.3,3,Delayed
PO003925,S031,P0316,2024-10-07,2024-11-29,2024-11-29,599,5790.04,0,On Time
PO003926,S023,P0222,2025-08-03,2025-09-26,2025-09-26,498,2048.3,0,On Time
PO003927,S026,P0129,2025-09-13,2025-10-07,2025-10-08,571,3107.47,1,Delayed
PO003928,S040,P0061,2025-09-24,2025-10-16,2025-10-16,969,2588.74,0,On Time
PO003929,S040,P0153,2024-10-27,2024-11-18,2024-11-18,920,8490.37,0,On Time
PO003930,S007,P0481,2025-12-30,2026-02-02,2026-02-05,597,3093.71,3,Delayed
PO003931,S042,P0274,2025-04-06,2025-05-31,2025-05-31,70,12975.42,0,On Time
PO003932,S038,P0331,2024-08-14,2024-10-10,2024-10-10,833,2398.64,0,On Time
PO003933,S008,P0488,2024-11-05,2024-11-23,2024-11-23,999,5380.46,0,On Time
PO003934,S022,P0124,2025-09-28,2025-10-13,2025-10-13,97,3880.05,0,On Time
PO003935,S013,P0383,2025-01-04,2025-02-21,2025-02-21,180,1834.5,0,On Time
PO003936,S045,P0496,2025-01-12,2025-01-19,2025-01-19,345,5416.8,0,On Time
PO003937,S048,P0286,2024-12-21,2025-01-06,2025-01-06,728,10216.68,0,On Time
PO003938,S022,P0099,2024-09-19,2024-10-04,2024-10-04,779,3490.17,0,On Time
PO003939,S033,P0316,2025-10-20,2025-11-01,2025-11-01,239,11771.48,0,On Time
PO003940,S014,P0134,2025-02-15,2025-04-10,2025-04-10,155,21123.79,0,On Time
PO003941,S019,P0208,2024-05-09,2024-05-21,2024-05-21,808,5229.4,0,On Time
PO003942,S017,P0263,2025-02-26,2025-04-04,2025-04-04,916,3015.85,0,On Time
PO003943,S009,P0019,2024-11-25,2024-12-10,2024-12-13,609,10831.53,3,Delayed
PO003944,S049,P0494,2025-12-29,2026-02-25,2026-02-25,939,3265.78,0,On Time
PO003945,S029,P0295,2025-11-09,2025-12-07,2025-12-10,869,4003.96,3,Delayed
PO003946,S045,P0272,2024-06-13,2024-06-20,2024-06-20,65,2404.0,0,On Time
PO003947,S021,P0045,2024-05-19,2024-06-27,2024-07-05,871,4583.43,8,Delayed
PO003948,S021,P0041,2025-01-18,2025-02-26,2025-02-26,837,2445.92,0,On Time
PO003949,S034,P0319,2024-08-07,2024-09-10,2024-09-10,61,9701.34,0,On Time
PO003950,S048,P0486,2024-02-16,2024-03-03,2024-03-03,310,13150.12,0,On Time
PO003951,S042,P0371,2025-02-15,2025-04-11,2025-04-11,628,5556.62,0,On Time
PO003952,S033,P0217,2024-01-03,2024-01-15,2024-01-15,343,7482.5,0,On Time
PO003953,S042,P0278,2025-08-10,2025-10-04,2025-10-04,669,14635.18,0,On Time
PO003954,S036,P0130,2025-02-27,2025-03-11,2025-03-11,71,5457.16,0,On Time
PO003955,S033,P0284,2024-11-04,2024-11-16,2024-11-16,978,8217.72,0,On Time
PO003956,S010,P0171,2025-12-18,2026-01-15,2026-01-17,379,5668.92,2,Delayed
PO003957,S037,P0009,2024-10-29,2024-12-21,2024-12-21,58,10833.91,0,On Time
PO003958,S022,P0344,2024-02-15,2024-03-01,2024-03-01,659,8160.38,0,On Time
PO003959,S007,P0006,2025-11-09,2025-12-13,2025-12-27,146,16869.99,14,Delayed
PO003960,S045,P0363,2024-06-21,2024-06-28,2024-07-03,53,27636.14,5,Delayed
PO003961,S022,P0329,2025-02-04,2025-02-19,2025-02-19,60,3112.78,0,On Time
PO003962,S041,P0180,2025-04-23,2025-05-16,2025-05-16,893,13484.03,0,On Time
PO003963,S046,P0125,2024-11-15,2024-11-22,2024-12-07,479,4082.32,15,Delayed
PO003964,S008,P0396,2024-04-14,2024-05-02,2024-05-02,262,365.0,0,On Time
PO003965,S034,P0219,2024-05-02,2024-06-05,2024-06-05,458,32560.67,0,On Time
PO003966,S049,P0314,2025-01-12,2025-03-11,2025-03-11,888,5314.09,0,On Time
PO003967,S007,P0271,2024-12-26,2025-01-29,2025-02-11,380,13443.46,13,Delayed
PO003968,S013,P0085,2025-12-22,2026-02-08,2026-02-08,795,2833.32,0,On Time
PO003969,S013,P0056,2024-05-01,2024-06-18,2024-06-18,503,13789.34,0,On Time
PO003970,S001,P0351,2025-07-13,2025-09-05,2025-09-13,216,12075.91,8,Delayed
PO003971,S035,P0489,2025-05-16,2025-06-28,2025-06-28,674,7448.51,0,On Time
PO003972,S046,P0460,2024-01-03,2024-01-10,2024-01-23,156,9080.28,13,Delayed
PO003973,S027,P0022,2024-07-01,2024-08-29,2024-08-29,135,2092.59,0,On Time
PO003974,S028,P0257,2025-07-15,2025-08-06,2025-08-14,151,7409.53,8,Delayed
PO003975,S020,P0213,2025-07-10,2025-08-20,2025-08-20,831,38045.64,0,On Time
PO003976,S045,P0200,2024-11-22,2024-11-29,2024-11-29,823,5556.96,0,On Time
PO003977,S015,P0227,2025-06-15,2025-08-11,2025-08-11,694,6090.63,0,On Time
PO003978,S004,P0290,2025-06-02,2025-07-11,2025-07-26,420,3750.37,15,Delayed
PO003979,S043,P0298,2025-04-24,2025-06-04,2025-06-04,606,806.11,0,On Time
PO003980,S033,P0495,2025-05-24,2025-06-05,2025-06-12,106,11975.42,7,Delayed
PO003981,S009,P0202,2024-04-05,2024-04-20,2024-04-20,896,6141.63,0,On Time
PO003982,S036,P0196,2025-02-13,2025-02-25,2025-03-02,731,2550.23,5,Delayed
PO003983,S006,P0022,2024-05-14,2024-06-23,2024-06-23,154,1113.8,0,On Time
PO003984,S008,P0311,2025-01-08,2025-01-26,2025-02-03,131,10006.04,8,Delayed
PO003985,S011,P0486,2025-04-04,2025-04-16,2025-04-16,783,5986.79,0,On Time
PO003986,S044,P0472,2024-03-07,2024-04-08,2024-04-15,958,6771.87,7,Delayed
PO003987,S015,P0389,2024-11-08,2025-01-04,2025-01-08,485,12372.7,4,Delayed
PO003988,S014,P0467,2025-07-17,2025-09-09,2025-09-09,639,15551.59,0,On Time
PO003989,S048,P0462,2025-11-03,2025-11-19,2025-11-19,184,787.1,0,On Time
PO003990,S045,P0210,2024-01-27,2024-02-03,2024-02-03,240,7896.04,0,On Time
PO003991,S028,P0240,2025-01-27,2025-02-18,2025-02-18,323,2475.01,0,On Time
PO003992,S026,P0460,2024-09-09,2024-10-03,2024-10-13,789,4382.39,10,Delayed
PO003993,S031,P0128,2025-12-20,2026-02-11,2026-02-11,680,2159.3,0,On Time
PO003994,S043,P0004,2025-09-21,2025-11-01,2025-11-03,623,17117.42,2,Delayed
PO003995,S008,P0407,2025-07-22,2025-08-09,2025-08-09,734,12021.83,0,On Time
PO003996,S039,P0095,2025-08-17,2025-09-11,2025-09-18,594,3733.02,7,Delayed
PO003997,S024,P0306,2024-09-27,2024-10-26,2024-10-26,18,4448.1,0,On Time
PO003998,S020,P0003,2025-05-31,2025-07-11,2025-07-18,63,1886.39,7,Delayed
PO003999,S026,P0176,2024-11-08,2024-12-02,2024-12-02,282,8747.37,0,On Time
PO004000,S045,P0256,2025-12-02,2025-12-09,2025-12-09,827,10306.43,0,On Time
PO004001,S013,P0019,2025-12-25,2026-02-11,2026-02-11,965,3612.85,0,On Time
PO004002,S004,P0270,2025-02-19,2025-03-30,2025-03-30,439,2664.37,0,On Time
PO004003,S028,P0285,2025-06-20,2025-07-12,2025-07-12,518,5023.08,0,On Time
PO004004,S003,P0259,2025-09-05,2025-09-22,2025-09-22,824,5694.28,0,On Time
PO004005,S045,P0207,2025-04-15,2025-04-22,2025-04-22,651,2686.31,0,On Time
PO004006,S021,P0425,2025-01-22,2025-03-02,2025-03-14,828,1693.57,12,Delayed
PO004007,S002,P0246,2025-12-21,2026-01-31,2026-01-31,410,7733.07,0,On Time
PO004008,S032,P0242,2024-03-29,2024-05-21,2024-05-21,814,3841.76,0,On Time
PO004009,S042,P0139,2024-07-26,2024-09-19,2024-09-19,316,7909.59,0,On Time
PO004010,S050,P0113,2024-02-24,2024-04-09,2024-04-09,10,5317.36,0,On Time
PO004011,S041,P0024,2025-08-30,2025-09-22,2025-09-22,360,2110.05,0,On Time
PO004012,S032,P0100,2024-03-08,2024-04-30,2024-04-30,295,4477.41,0,On Time
PO004013,S019,P0462,2024-06-17,2024-06-29,2024-06-29,883,2658.42,0,On Time
PO004014,S023,P0078,2024-03-30,2024-05-23,2024-06-05,531,1887.72,13,Delayed
PO004015,S016,P0241,2024-01-25,2024-02-15,2024-02-15,245,30509.19,0,On Time
PO004016,S045,P0247,2024-04-02,2024-04-09,2024-04-09,682,6027.96,0,On Time
PO004017,S033,P0420,2025-11-24,2025-12-06,2025-12-06,803,1622.72,0,On Time
PO004018,S043,P0308,2025-05-20,2025-06-30,2025-07-06,287,7492.17,6,Delayed
PO004019,S023,P0382,2025-08-26,2025-10-19,2025-10-19,958,4303.91,0,On Time
PO004020,S041,P0101,2025-05-24,2025-06-16,2025-06-16,73,7780.37,0,On Time
PO004021,S001,P0424,2024-09-01,2024-10-25,2024-10-28,365,4685.88,3,Delayed
PO004022,S029,P0187,2024-06-22,2024-07-20,2024-07-29,631,16661.35,9,Delayed
PO004023,S044,P0471,2024-03-24,2024-04-25,2024-04-25,279,6199.53,0,On Time
PO004024,S029,P0024,2025-07-29,2025-08-26,2025-09-09,598,10073.78,14,Delayed
PO004025,S005,P0236,2024-06-14,2024-08-02,2024-08-02,660,1093.86,0,On Time
PO004026,S005,P0466,2025-01-07,2025-02-25,2025-02-25,450,3506.7,0,On Time
PO004027,S045,P0469,2024-08-24,2024-08-31,2024-08-31,176,3899.15,0,On Time
PO004028,S035,P0076,2025-12-07,2026-01-19,2026-01-19,626,9630.45,0,On Time
PO004029,S008,P0139,2025-05-11,2025-05-29,2025-05-29,657,3780.22,0,On Time
PO004030,S038,P0144,2024-04-06,2024-06-02,2024-06-02,118,5041.29,0,On Time
PO004031,S037,P0060,2025-11-03,2025-12-26,2025-12-26,26,12175.42,0,On Time
PO004032,S036,P0313,2025-01-03,2025-01-15,2025-01-15,40,2759.06,0,On Time
PO004033,S023,P0175,2025-06-06,2025-07-30,2025-08-11,884,4252.81,12,Delayed
PO004034,S049,P0241,2024-11-30,2025-01-27,2025-01-27,937,9641.34,0,On Time
PO004035,S039,P0369,2025-03-21,2025-04-15,2025-04-15,354,11297.19,0,On Time
PO004036,S036,P0165,2025-06-18,2025-06-30,2025-06-30,371,27603.06,0,On Time
PO004037,S037,P0270,2025-11-12,2026-01-04,2026-01-10,723,2852.21,6,Delayed
PO004038,S004,P0109,2025-08-07,2025-09-15,2025-09-15,529,2978.07,0,On Time
PO004039,S041,P0171,2025-12-11,2026-01-03,2026-01-03,592,2631.57,0,On Time
PO004040,S023,P0365,2024-09-27,2024-11-20,2024-11-20,134,4270.83,0,On Time
PO004041,S016,P0271,2025-01-13,2025-02-03,2025-02-03,746,2957.85,0,On Time
PO004042,S023,P0157,2025-02-19,2025-04-14,2025-04-14,198,3687.94,0,On Time
PO004043,S023,P0389,2024-10-17,2024-12-10,2024-12-11,592,5879.33,1,Delayed
PO004044,S049,P0311,2025-11-29,2026-01-26,2026-01-26,600,8229.98,0,On Time
PO004045,S012,P0152,2024-02-06,2024-03-01,2024-03-01,499,3855.44,0,On Time
PO004046,S006,P0247,2025-07-16,2025-08-25,2025-08-25,280,4915.56,0,On Time
PO004047,S007,P0166,2025-09-19,2025-10-23,2025-10-23,952,1922.62,0,On Time
PO004048,S049,P0480,2024-06-03,2024-07-31,2024-07-31,505,5389.96,0,On Time
PO004049,S034,P0191,2025-02-26,2025-04-01,2025-04-01,204,13288.61,0,On Time
PO004050,S014,P0358,2024-08-17,2024-10-10,2024-10-10,428,1721.33,0,On Time
PO004051,S034,P0230,2025-04-02,2025-05-06,2025-05-06,75,10081.09,0,On Time
PO004052,S047,P0234,2024-01-20,2024-03-08,2024-03-08,227,3495.12,0,On Time
PO004053,S034,P0010,2024-09-14,2024-10-18,2024-10-18,951,6739.32,0,On Time
PO004054,S028,P0405,2024-11-15,2024-12-07,2024-12-07,402,3598.17,0,On Time
PO004055,S048,P0037,2025-05-10,2025-05-26,2025-05-26,886,1491.53,0,On Time
PO004056,S023,P0222,2025-06-15,2025-08-08,2025-08-08,736,6543.84,0,On Time
PO004057,S020,P0268,2025-07-30,2025-09-09,2025-09-09,199,743.37,0,On Time
PO004058,S012,P0175,2024-07-18,2024-08-11,2024-08-11,470,4253.48,0,On Time
PO004059,S018,P0206,2025-04-30,2025-05-13,2025-05-13,798,1565.03,0,On Time
PO004060,S045,P0213,2025-07-21,2025-07-28,2025-07-28,561,3313.59,0,On Time
PO004061,S047,P0153,2025-08-27,2025-10-14,2025-10-14,670,3214.3,0,On Time
PO004062,S039,P0003,2024-03-31,2024-04-25,2024-04-25,295,11735.71,0,On Time
PO004063,S026,P0407,2025-05-20,2025-06-13,2025-06-21,110,2092.73,8,Delayed
PO004064,S030,P0185,2024-10-16,2024-12-02,2024-12-02,342,8925.71,0,On Time
PO004065,S029,P0035,2024-03-06,2024-04-03,2024-04-03,741,8213.23,0,On Time
PO004066,S037,P0005,2024-11-10,2025-01-02,2025-01-02,647,2998.83,0,On Time
PO004067,S015,P0329,2025-10-13,2025-12-09,2025-12-14,380,4272.48,5,Delayed
PO004068,S010,P0060,2024-01-20,2024-02-17,2024-02-17,949,9161.63,0,On Time
PO004069,S019,P0197,2024-02-14,2024-02-26,2024-02-26,647,4052.67,0,On Time
PO004070,S047,P0419,2025-08-05,2025-09-22,2025-09-22,331,11288.15,0,On Time
PO004071,S035,P0414,2024-12-25,2025-02-06,2025-02-06,810,715.43,0,On Time
PO004072,S037,P0334,2024-06-24,2024-08-16,2024-08-16,174,10677.99,0,On Time
PO004073,S016,P0399,2024-08-18,2024-09-08,2024-09-08,474,3000.99,0,On Time
PO004074,S004,P0232,2024-01-03,2024-02-11,2024-02-11,364,6020.09,0,On Time
PO004075,S037,P0451,2025-11-22,2026-01-14,2026-01-14,79,5495.54,0,On Time
PO004076,S027,P0430,2024-04-14,2024-06-12,2024-06-19,76,2679.21,7,Delayed
PO004077,S001,P0426,2024-09-04,2024-10-28,2024-11-08,341,5891.05,11,Delayed
PO004078,S045,P0030,2025-08-08,2025-08-15,2025-08-15,221,2740.0,0,On Time
PO004079,S027,P0404,2025-03-05,2025-05-03,2025-05-03,267,3581.55,0,On Time
PO004080,S045,P0457,2024-04-07,2024-04-14,2024-04-14,216,7208.71,0,On Time
PO004081,S013,P0073,2025-01-21,2025-03-10,2025-03-10,490,3822.0,0,On Time
PO004082,S013,P0064,2025-03-13,2025-04-30,2025-04-30,352,22321.38,0,On Time
PO004083,S046,P0254,2024-04-19,2024-04-26,2024-04-28,318,16522.97,2,Delayed
PO004084,S036,P0414,2024-10-02,2024-10-14,2024-10-23,64,3219.3,9,Delayed
PO004085,S033,P0291,2024-10-17,2024-10-29,2024-10-29,179,1991.69,0,On Time
PO004086,S010,P0486,2024-06-23,2024-07-21,2024-07-21,464,7927.47,0,On Time
PO004087,S050,P0021,2025-03-11,2025-04-25,2025-04-25,156,5452.87,0,On Time
PO004088,S014,P0227,2025-07-29,2025-09-21,2025-09-21,17,12768.02,0,On Time
PO004089,S036,P0460,2025-03-08,2025-03-20,2025-03-20,991,13398.93,0,On Time
PO004090,S033,P0231,2025-04-01,2025-04-13,2025-04-13,778,5286.66,0,On Time
PO004091,S050,P0456,2024-02-07,2024-03-23,2024-03-23,480,8224.81,0,On Time
PO004092,S019,P0166,2024-01-11,2024-01-23,2024-01-23,812,36323.32,0,On Time
PO004093,S026,P0221,2025-08-14,2025-09-07,2025-09-07,31,3984.49,0,On Time
PO004094,S043,P0057,2025-08-21,2025-10-01,2025-10-01,996,6894.11,0,On Time
PO004095,S005,P0295,2025-03-06,2025-04-24,2025-04-24,497,1327.5,0,On Time
PO004096,S008,P0231,2024-12-21,2025-01-08,2025-01-08,208,12352.95,0,On Time
PO004097,S034,P0271,2024-02-25,2024-03-30,2024-03-30,926,10174.62,0,On Time
PO004098,S044,P0232,2025-01-05,2025-02-06,2025-02-06,669,2509.25,0,On Time
PO004099,S014,P0188,2024-07-19,2024-09-11,2024-09-11,718,11521.06,0,On Time
PO004100,S013,P0329,2024-02-25,2024-04-13,2024-04-13,152,4024.34,0,On Time
PO004101,S011,P0361,2024-07-15,2024-07-27,2024-07-27,643,7300.77,0,On Time
PO004102,S048,P0177,2024-07-11,2024-07-27,2024-07-27,33,9648.5,0,On Time
PO004103,S021,P0371,2024-09-12,2024-10-21,2024-10-21,576,6143.7,0,On Time
PO004104,S019,P0065,2025-12-02,2025-12-14,2025-12-14,523,6955.74,0,On Time
PO004105,S021,P0470,2025-06-03,2025-07-12,2025-07-13,612,22162.13,1,Delayed
PO004106,S018,P0204,2024-09-13,2024-09-26,2024-09-26,188,6498.57,0,On Time
PO004107,S015,P0194,2025-07-07,2025-09-02,2025-09-02,878,1126.78,0,On Time
PO004108,S039,P0317,2024-06-04,2024-06-29,2024-06-29,633,6403.26,0,On Time
PO004109,S024,P0113,2024-04-08,2024-05-07,2024-05-07,955,8727.95,0,On Time
PO004110,S044,P0015,2024-11-23,2024-12-25,2024-12-25,798,3504.42,0,On Time
PO004111,S027,P0294,2025-04-30,2025-06-28,2025-06-30,276,7559.77,2,Delayed
PO004112,S009,P0311,2025-05-01,2025-05-16,2025-05-25,778,2110.41,9,Delayed
PO004113,S046,P0134,2024-04-24,2024-05-01,2024-05-01,923,5651.72,0,On Time
PO004114,S005,P0066,2024-04-21,2024-06-09,2024-06-09,832,8019.27,0,On Time
PO004115,S031,P0059,2024-07-13,2024-09-04,2024-09-04,311,10488.6,0,On Time
PO004116,S036,P0483,2024-06-09,2024-06-21,2024-06-21,613,13348.38,0,On Time
PO004117,S030,P0245,2025-10-06,2025-11-22,2025-11-22,653,2563.67,0,On Time
PO004118,S007,P0164,2025-07-25,2025-08-28,2025-08-28,45,16449.96,0,On Time
PO004119,S001,P0233,2025-08-04,2025-09-27,2025-09-29,820,1130.46,2,Delayed
PO004120,S022,P0370,2024-04-02,2024-04-17,2024-04-17,557,8335.54,0,On Time
PO004121,S026,P0489,2025-03-27,2025-04-20,2025-04-20,673,2857.97,0,On Time
PO004122,S016,P0213,2025-07-16,2025-08-06,2025-08-06,836,5831.51,0,On Time
PO004123,S007,P0337,2024-08-13,2024-09-16,2024-09-16,976,3683.3,0,On Time
PO004124,S050,P0487,2025-03-16,2025-04-30,2025-05-14,979,4174.81,14,Delayed
PO004125,S041,P0445,2025-02-14,2025-03-09,2025-03-09,324,16550.54,0,On Time
PO004126,S030,P0145,2024-02-06,2024-03-24,2024-03-24,683,4766.14,0,On Time
PO004127,S026,P0187,2024-04-02,2024-04-26,2024-04-26,267,4674.68,0,On Time
PO004128,S040,P0025,2024-01-15,2024-02-06,2024-02-06,491,6241.17,0,On Time
PO004129,S016,P0375,2025-11-19,2025-12-10,2025-12-10,98,5483.07,0,On Time
PO004130,S044,P0125,2025-11-13,2025-12-15,2025-12-15,761,15193.64,0,On Time
PO004131,S046,P0300,2025-02-16,2025-02-23,2025-02-23,798,2249.24,0,On Time
PO004132,S009,P0045,2024-03-23,2024-04-07,2024-04-21,243,3228.05,14,Delayed
PO004133,S025,P0047,2025-11-04,2026-01-02,2026-01-02,305,5814.16,0,On Time
PO004134,S043,P0223,2024-10-06,2024-11-16,2024-11-20,982,2785.35,4,Delayed
PO004135,S032,P0033,2025-09-04,2025-10-27,2025-10-27,876,8052.41,0,On Time
PO004136,S049,P0121,2024-04-12,2024-06-09,2024-06-09,538,3172.35,0,On Time
PO004137,S042,P0028,2024-11-18,2025-01-12,2025-01-12,321,10634.84,0,On Time
PO004138,S007,P0263,2025-09-18,2025-10-22,2025-10-22,782,4555.64,0,On Time
PO004139,S020,P0336,2024-08-07,2024-09-17,2024-09-17,132,4768.49,0,On Time
PO004140,S038,P0340,2024-01-09,2024-03-06,2024-03-06,148,7899.92,0,On Time
PO004141,S014,P0283,2024-12-03,2025-01-26,2025-01-26,627,5654.16,0,On Time
PO004142,S008,P0110,2024-10-13,2024-10-31,2024-10-31,713,8539.56,0,On Time
PO004143,S028,P0076,2025-08-18,2025-09-09,2025-09-09,877,3160.46,0,On Time
PO004144,S035,P0328,2024-08-30,2024-10-12,2024-10-12,489,3047.63,0,On Time
PO004145,S047,P0494,2025-07-23,2025-09-09,2025-09-09,854,12545.35,0,On Time
PO004146,S004,P0253,2025-03-04,2025-04-12,2025-04-12,41,11990.53,0,On Time
PO004147,S006,P0452,2024-11-09,2024-12-19,2024-12-19,474,6199.02,0,On Time
PO004148,S003,P0023,2025-10-28,2025-11-14,2025-11-14,574,4161.07,0,On Time
PO004149,S012,P0250,2025-08-09,2025-09-02,2025-09-02,880,7675.43,0,On Time
PO004150,S040,P0436,2025-12-15,2026-01-06,2026-01-15,754,12408.96,9,Delayed
PO004151,S048,P0124,2025-03-20,2025-04-05,2025-04-05,637,26638.31,0,On Time
PO004152,S004,P0084,2025-05-11,2025-06-19,2025-06-19,950,2894.22,0,On Time
PO004153,S023,P0495,2024-03-30,2024-05-23,2024-05-27,139,2748.31,4,Delayed
PO004154,S046,P0345,2025-05-20,2025-05-27,2025-05-27,152,10339.48,0,On Time
PO004155,S014,P0324,2025-06-17,2025-08-10,2025-08-10,789,7037.1,0,On Time
PO004156,S042,P0330,2025-12-07,2026-01-31,2026-01-31,186,4207.41,0,On Time
PO004157,S027,P0002,2024-01-17,2024-03-16,2024-03-16,200,3284.33,0,On Time
PO004158,S025,P0258,2025-01-24,2025-03-24,2025-03-24,734,3231.63,0,On Time
PO004159,S029,P0456,2025-12-17,2026-01-14,2026-01-14,504,11314.97,0,On Time
PO004160,S018,P0064,2024-01-16,2024-01-29,2024-01-29,546,4206.07,0,On Time
PO004161,S023,P0186,2025-10-13,2025-12-06,2025-12-06,851,3214.88,0,On Time
PO004162,S003,P0394,2024-08-04,2024-08-21,2024-08-21,366,7894.41,0,On Time
PO004163,S001,P0046,2025-06-17,2025-08-10,2025-08-10,668,4802.26,0,On Time
PO004164,S009,P0366,2024-10-02,2024-10-17,2024-10-17,712,6881.14,0,On Time
PO004165,S017,P0142,2024-06-23,2024-07-30,2024-07-30,478,5588.94,0,On Time
PO004166,S023,P0368,2025-05-13,2025-07-06,2025-07-06,880,1678.65,0,On Time
PO004167,S007,P0138,2025-03-30,2025-05-03,2025-05-17,118,3142.57,14,Delayed
PO004168,S050,P0183,2025-09-18,2025-11-02,2025-11-02,488,2187.31,0,On Time
PO004169,S022,P0147,2024-12-23,2025-01-07,2025-01-14,662,4376.84,7,Delayed
PO004170,S027,P0239,2025-09-07,2025-11-05,2025-11-15,702,8452.31,10,Delayed
PO004171,S039,P0174,2025-02-14,2025-03-11,2025-03-15,888,4435.69,4,Delayed
PO004172,S018,P0093,2025-02-09,2025-02-22,2025-02-22,605,5111.17,0,On Time
PO004173,S001,P0228,2025-05-20,2025-07-13,2025-07-19,956,2168.34,6,Delayed
PO004174,S042,P0441,2025-06-23,2025-08-17,2025-08-17,686,6186.53,0,On Time
PO004175,S015,P0318,2025-03-26,2025-05-22,2025-05-22,849,12622.95,0,On Time
PO004176,S025,P0390,2025-03-04,2025-05-02,2025-05-02,322,11491.68,0,On Time
PO004177,S005,P0008,2024-10-09,2024-11-27,2024-11-27,629,3407.76,0,On Time
PO004178,S023,P0377,2025-01-13,2025-03-08,2025-03-08,507,3297.29,0,On Time
PO004179,S042,P0036,2025-07-07,2025-08-31,2025-08-31,807,1794.47,0,On Time
PO004180,S018,P0321,2024-10-19,2024-11-01,2024-11-01,287,6035.01,0,On Time
PO004181,S028,P0192,2024-11-18,2024-12-10,2024-12-10,401,2821.06,0,On Time
PO004182,S001,P0175,2024-02-12,2024-04-06,2024-04-06,436,2967.49,0,On Time
PO004183,S027,P0091,2025-07-24,2025-09-21,2025-09-21,631,13874.22,0,On Time
PO004184,S007,P0113,2025-01-26,2025-03-01,2025-03-01,64,3508.14,0,On Time
PO004185,S031,P0100,2025-07-05,2025-08-27,2025-08-27,967,12278.63,0,On Time
PO004186,S043,P0393,2024-10-14,2024-11-24,2024-11-24,398,6911.62,0,On Time
PO004187,S020,P0033,2025-07-07,2025-08-17,2025-08-17,812,21552.65,0,On Time
PO004188,S032,P0138,2025-08-27,2025-10-19,2025-10-19,45,2479.15,0,On Time
PO004189,S044,P0304,2025-04-23,2025-05-25,2025-06-05,45,8642.18,11,Delayed
PO004190,S014,P0102,2024-07-25,2024-09-17,2024-09-17,931,10951.94,0,On Time
PO004191,S019,P0335,2024-06-05,2024-06-17,2024-06-17,516,13820.15,0,On Time
PO004192,S032,P0260,2024-03-08,2024-04-30,2024-04-30,229,4439.01,0,On Time
PO004193,S022,P0051,2024-09-30,2024-10-15,2024-10-15,203,17993.8,0,On Time
PO004194,S013,P0206,2025-02-24,2025-04-13,2025-04-13,208,1889.38,0,On Time
PO004195,S018,P0177,2025-10-06,2025-10-19,2025-10-19,681,4925.73,0,On Time
PO004196,S036,P0281,2024-11-22,2024-12-04,2024-12-04,468,243.72,0,On Time
PO004197,S031,P0334,2024-10-25,2024-12-17,2024-12-17,75,3516.56,0,On Time
PO004198,S003,P0019,2024-03-05,2024-03-22,2024-03-22,737,1031.49,0,On Time
PO004199,S044,P0455,2024-01-28,2024-02-29,2024-03-08,402,8431.26,8,Delayed
PO004200,S033,P0405,2025-09-11,2025-09-23,2025-10-05,568,17915.83,12,Delayed
PO004201,S024,P0474,2024-10-25,2024-11-23,2024-11-23,841,1973.74,0,On Time
PO004202,S019,P0379,2024-08-21,2024-09-02,2024-09-02,499,4333.64,0,On Time
PO004203,S018,P0222,2024-10-03,2024-10-16,2024-10-16,275,12408.92,0,On Time
PO004204,S045,P0101,2024-01-09,2024-01-16,2024-01-16,220,6503.65,0,On Time
PO004205,S035,P0236,2024-11-02,2024-12-15,2024-12-15,501,4081.02,0,On Time
PO004206,S045,P0408,2024-01-25,2024-02-01,2024-02-01,379,15153.26,0,On Time
PO004207,S008,P0102,2024-05-20,2024-06-07,2024-06-07,892,3210.38,0,On Time
PO004208,S046,P0384,2024-10-17,2024-10-24,2024-10-24,252,431.92,0,On Time
PO004209,S010,P0323,2025-02-11,2025-03-11,2025-03-11,155,548.51,0,On Time
PO004210,S001,P0143,2025-02-03,2025-03-29,2025-03-29,504,2083.25,0,On Time
PO004211,S043,P0246,2025-03-20,2025-04-30,2025-04-30,921,6639.25,0,On Time
PO004212,S016,P0469,2024-03-29,2024-04-19,2024-04-19,617,6561.27,0,On Time
PO004213,S043,P0482,2025-06-04,2025-07-15,2025-07-15,750,691.03,0,On Time
PO004214,S041,P0272,2024-06-02,2024-06-25,2024-06-25,840,12239.55,0,On Time
PO004215,S040,P0245,2024-12-14,2025-01-05,2025-01-14,34,2193.42,9,Delayed
PO004216,S048,P0292,2025-12-14,2025-12-30,2026-01-09,302,2616.02,10,Delayed
PO004217,S008,P0493,2024-12-15,2025-01-02,2025-01-02,793,8218.0,0,On Time
PO004218,S048,P0357,2024-12-19,2025-01-04,2025-01-04,836,19181.36,0,On Time
PO004219,S027,P0282,2024-09-01,2024-10-30,2024-10-30,439,2383.89,0,On Time
PO004220,S011,P0326,2025-08-14,2025-08-26,2025-08-26,297,27544.12,0,On Time
PO004221,S016,P0470,2025-04-30,2025-05-21,2025-05-21,532,13449.24,0,On Time
PO004222,S042,P0029,2024-12-26,2025-02-19,2025-02-19,968,595.65,0,On Time
PO004223,S011,P0162,2025-05-11,2025-05-23,2025-05-23,17,6816.35,0,On Time
PO004224,S026,P0100,2025-10-23,2025-11-16,2025-11-16,403,5203.72,0,On Time
PO004225,S026,P0134,2024-12-04,2024-12-28,2024-12-28,260,15366.97,0,On Time
PO004226,S001,P0316,2025-04-11,2025-06-04,2025-06-11,751,16013.22,7,Delayed
PO004227,S046,P0060,2024-07-15,2024-07-22,2024-07-22,943,3107.54,0,On Time
PO004228,S021,P0455,2025-04-21,2025-05-30,2025-05-30,123,2057.41,0,On Time
PO004229,S045,P0137,2025-08-02,2025-08-09,2025-08-09,208,64160.57,0,On Time
PO004230,S005,P0247,2025-08-30,2025-10-18,2025-10-18,376,3010.03,0,On Time
PO004231,S020,P0035,2025-08-18,2025-09-28,2025-09-28,652,8631.69,0,On Time
PO004232,S024,P0246,2024-04-20,2024-05-19,2024-05-19,544,1299.39,0,On Time
PO004233,S048,P0058,2024-07-17,2024-08-02,2024-08-02,476,1145.98,0,On Time
PO004234,S038,P0430,2024-05-23,2024-07-19,2024-07-19,468,3928.83,0,On Time
PO004235,S036,P0238,2025-06-23,2025-07-05,2025-07-05,763,6459.33,0,On Time
PO004236,S018,P0293,2024-08-08,2024-08-21,2024-08-27,987,19783.75,6,Delayed
PO004237,S015,P0491,2025-08-09,2025-10-05,2025-10-05,582,3611.8,0,On Time
PO004238,S042,P0485,2025-04-23,2025-06-17,2025-06-25,700,4691.21,8,Delayed
PO004239,S034,P0091,2024-11-18,2024-12-22,2024-12-22,82,8034.27,0,On Time
PO004240,S029,P0496,2025-01-03,2025-01-31,2025-01-31,637,946.11,0,On Time
PO004241,S005,P0032,2025-05-17,2025-07-05,2025-07-05,982,11610.53,0,On Time
PO004242,S027,P0183,2024-08-27,2024-10-25,2024-10-25,362,14530.49,0,On Time
PO004243,S035,P0028,2024-09-15,2024-10-28,2024-10-28,372,11791.38,0,On Time
PO004244,S047,P0243,2025-06-13,2025-07-31,2025-07-31,218,4359.8,0,On Time
PO004245,S044,P0446,2024-11-01,2024-12-03,2024-12-03,292,18599.83,0,On Time
PO004246,S003,P0215,2024-05-23,2024-06-09,2024-06-22,148,2795.52,13,Delayed
PO004247,S050,P0330,2025-01-06,2025-02-20,2025-02-20,85,2548.24,0,On Time
PO004248,S042,P0435,2025-12-12,2026-02-05,2026-02-05,820,8348.72,0,On Time
PO004249,S001,P0225,2025-08-07,2025-09-30,2025-09-30,454,4530.65,0,On Time
PO004250,S022,P0191,2025-08-09,2025-08-24,2025-08-24,132,4864.78,0,On Time
PO004251,S036,P0199,2025-05-25,2025-06-06,2025-06-06,772,3302.61,0,On Time
PO004252,S017,P0223,2024-10-26,2024-12-02,2024-12-02,104,7214.62,0,On Time
PO004253,S045,P0061,2024-04-17,2024-04-24,2024-04-24,959,22863.49,0,On Time
PO004254,S043,P0323,2025-01-03,2025-02-13,2025-02-13,338,14142.2,0,On Time
PO004255,S045,P0210,2024-01-29,2024-02-05,2024-02-05,166,5212.73,0,On Time
PO004256,S039,P0081,2024-03-03,2024-03-28,2024-03-28,253,6481.09,0,On Time
PO004257,S018,P0462,2025-07-08,2025-07-21,2025-07-21,868,5088.14,0,On Time
PO004258,S040,P0003,2024-01-11,2024-02-02,2024-02-02,358,1992.84,0,On Time
PO004259,S016,P0113,2025-11-28,2025-12-19,2025-12-19,701,10190.67,0,On Time
PO004260,S009,P0249,2025-10-09,2025-10-24,2025-10-24,527,8556.0,0,On Time
PO004261,S014,P0390,2025-10-06,2025-11-29,2025-11-29,334,2697.68,0,On Time
PO004262,S045,P0405,2024-07-25,2024-08-01,2024-08-01,71,9390.53,0,On Time
PO004263,S004,P0208,2024-01-03,2024-02-11,2024-02-12,952,23656.85,1,Delayed
PO004264,S008,P0496,2025-01-09,2025-01-27,2025-01-27,644,2780.36,0,On Time
PO004265,S041,P0490,2025-09-28,2025-10-21,2025-10-21,482,1685.69,0,On Time
PO004266,S024,P0215,2025-04-26,2025-05-25,2025-05-25,853,8752.14,0,On Time
PO004267,S037,P0082,2025-12-22,2026-02-13,2026-02-13,699,6241.91,0,On Time
PO004268,S029,P0346,2024-07-08,2024-08-05,2024-08-11,192,7762.42,6,Delayed
PO004269,S025,P0245,2024-01-31,2024-03-30,2024-03-30,165,624.46,0,On Time
PO004270,S035,P0356,2024-11-06,2024-12-19,2024-12-19,494,3154.58,0,On Time
PO004271,S034,P0217,2024-07-28,2024-08-31,2024-08-31,921,12382.16,0,On Time
PO004272,S040,P0149,2025-01-09,2025-01-31,2025-01-31,477,2989.58,0,On Time
PO004273,S018,P0041,2025-05-10,2025-05-23,2025-05-23,642,2933.62,0,On Time
PO004274,S032,P0173,2025-07-04,2025-08-26,2025-08-26,805,749.43,0,On Time
PO004275,S045,P0390,2025-12-08,2025-12-15,2025-12-24,963,2682.1,9,Delayed
PO004276,S013,P0410,2025-02-03,2025-03-23,2025-03-23,543,14771.49,0,On Time
PO004277,S046,P0022,2025-06-26,2025-07-03,2025-07-03,994,9513.71,0,On Time
PO004278,S014,P0366,2025-06-11,2025-08-04,2025-08-04,477,4305.31,0,On Time
PO004279,S013,P0207,2025-04-07,2025-05-25,2025-05-25,273,22443.35,0,On Time
PO004280,S006,P0372,2025-08-02,2025-09-11,2025-09-11,633,9901.65,0,On Time
PO004281,S014,P0084,2024-06-03,2024-07-27,2024-07-27,746,11384.23,0,On Time
PO004282,S023,P0104,2024-02-26,2024-04-20,2024-04-28,819,7543.15,8,Delayed
PO004283,S021,P0329,2025-09-02,2025-10-11,2025-10-11,702,8445.05,0,On Time
PO004284,S019,P0493,2024-04-07,2024-04-19,2024-04-28,886,4601.6,9,Delayed
PO004285,S027,P0464,2024-02-01,2024-03-31,2024-03-31,81,4729.17,0,On Time
PO004286,S018,P0245,2024-05-01,2024-05-14,2024-05-14,437,3700.68,0,On Time
PO004287,S041,P0413,2024-07-21,2024-08-13,2024-08-13,347,14073.49,0,On Time
PO004288,S034,P0498,2025-07-22,2025-08-25,2025-08-25,935,15436.99,0,On Time
PO004289,S017,P0284,2024-06-16,2024-07-23,2024-07-25,246,1848.06,2,Delayed
PO004290,S039,P0489,2025-06-15,2025-07-10,2025-07-14,686,11181.62,4,Delayed
PO004291,S009,P0385,2024-10-13,2024-10-28,2024-10-28,850,5155.76,0,On Time
PO004292,S009,P0184,2024-02-11,2024-02-26,2024-03-09,799,11372.39,12,Delayed
PO004293,S004,P0144,2024-09-08,2024-10-17,2024-10-19,411,1639.04,2,Delayed
PO004294,S039,P0170,2024-04-28,2024-05-23,2024-05-23,90,6975.69,0,On Time
PO004295,S031,P0146,2024-03-16,2024-05-08,2024-05-08,549,6709.09,0,On Time
PO004296,S032,P0139,2025-10-04,2025-11-26,2025-11-26,762,2227.46,0,On Time
PO004297,S046,P0303,2024-02-24,2024-03-02,2024-03-16,570,22091.45,14,Delayed
PO004298,S018,P0318,2025-06-18,2025-07-01,2025-07-01,940,758.96,0,On Time
PO004299,S014,P0073,2024-05-04,2024-06-27,2024-06-27,661,3069.51,0,On Time
PO004300,S009,P0442,2024-06-26,2024-07-11,2024-07-22,942,4581.6,11,Delayed
PO004301,S045,P0153,2024-07-02,2024-07-09,2024-07-09,291,1205.65,0,On Time
PO004302,S007,P0292,2024-07-30,2024-09-02,2024-09-10,326,28744.56,8,Delayed
PO004303,S045,P0311,2024-03-30,2024-04-06,2024-04-06,988,3169.7,0,On Time
PO004304,S028,P0213,2025-04-06,2025-04-28,2025-04-28,413,2769.65,0,On Time
PO004305,S030,P0270,2025-08-29,2025-10-15,2025-10-15,26,6913.84,0,On Time
PO004306,S048,P0143,2025-03-10,2025-03-26,2025-03-31,979,4189.83,5,Delayed
PO004307,S028,P0025,2025-10-12,2025-11-03,2025-11-03,276,2540.28,0,On Time
PO004308,S020,P0011,2024-09-22,2024-11-02,2024-11-02,883,7123.65,0,On Time
PO004309,S010,P0255,2024-03-14,2024-04-11,2024-04-11,673,14344.35,0,On Time
PO004310,S007,P0058,2025-11-19,2025-12-23,2025-12-24,833,2670.22,1,Delayed
PO004311,S032,P0219,2025-09-18,2025-11-10,2025-11-19,638,9064.43,9,Delayed
PO004312,S034,P0166,2024-07-16,2024-08-19,2024-08-19,421,38281.02,0,On Time
PO004313,S002,P0378,2025-05-30,2025-07-10,2025-07-10,333,981.12,0,On Time
PO004314,S013,P0425,2024-05-19,2024-07-06,2024-07-19,557,9159.56,13,Delayed
PO004315,S008,P0349,2024-09-04,2024-09-22,2024-09-22,469,1172.14,0,On Time
PO004316,S027,P0082,2025-09-20,2025-11-18,2025-11-18,182,1471.99,0,On Time
PO004317,S026,P0433,2024-11-11,2024-12-05,2024-12-05,226,8754.62,0,On Time
PO004318,S035,P0230,2025-04-20,2025-06-02,2025-06-02,106,5646.35,0,On Time
PO004319,S002,P0340,2025-06-16,2025-07-27,2025-07-27,118,3391.52,0,On Time
PO004320,S007,P0350,2024-10-21,2024-11-24,2024-11-24,536,5960.94,0,On Time
PO004321,S019,P0280,2024-05-11,2024-05-23,2024-05-23,327,730.06,0,On Time
PO004322,S016,P0427,2025-07-18,2025-08-08,2025-08-08,35,972.47,0,On Time
PO004323,S029,P0229,2025-04-23,2025-05-21,2025-05-21,911,5550.96,0,On Time
PO004324,S013,P0352,2024-10-07,2024-11-24,2024-11-24,42,3604.32,0,On Time
PO004325,S006,P0491,2025-06-25,2025-08-04,2025-08-04,107,5346.13,0,On Time
PO004326,S039,P0182,2024-07-02,2024-07-27,2024-07-28,61,16798.62,1,Delayed
PO004327,S045,P0362,2025-01-14,2025-01-21,2025-01-21,691,24284.79,0,On Time
PO004328,S042,P0063,2025-04-22,2025-06-16,2025-06-16,684,4423.84,0,On Time
PO004329,S029,P0290,2025-06-21,2025-07-19,2025-08-03,913,5019.05,15,Delayed
PO004330,S041,P0145,2024-06-19,2024-07-12,2024-07-23,509,2346.27,11,Delayed
PO004331,S045,P0156,2024-07-29,2024-08-05,2024-08-05,914,10301.75,0,On Time
PO004332,S009,P0144,2025-10-24,2025-11-08,2025-11-23,338,4819.65,15,Delayed
PO004333,S006,P0399,2024-11-20,2024-12-30,2024-12-30,997,1092.52,0,On Time
PO004334,S012,P0376,2025-09-16,2025-10-10,2025-10-10,586,12396.91,0,On Time
PO004335,S004,P0094,2024-06-22,2024-07-31,2024-07-31,594,22753.73,0,On Time
PO004336,S013,P0137,2025-11-20,2026-01-07,2026-01-07,661,9629.35,0,On Time
PO004337,S018,P0317,2025-12-22,2026-01-04,2026-01-04,646,2130.74,0,On Time
PO004338,S013,P0058,2025-01-14,2025-03-03,2025-03-03,422,3848.67,0,On Time
PO004339,S024,P0132,2025-06-13,2025-07-12,2025-07-12,866,11117.41,0,On Time
PO004340,S043,P0342,2024-06-09,2024-07-20,2024-07-26,679,8716.55,6,Delayed
PO004341,S034,P0027,2025-11-26,2025-12-30,2025-12-30,982,17216.03,0,On Time
PO004342,S028,P0347,2025-06-26,2025-07-18,2025-07-18,79,7787.77,0,On Time
PO004343,S011,P0495,2025-09-05,2025-09-17,2025-09-17,497,16269.02,0,On Time
PO004344,S034,P0197,2024-01-17,2024-02-20,2024-02-20,237,2004.78,0,On Time
PO004345,S044,P0280,2025-04-26,2025-05-28,2025-06-12,335,4361.76,15,Delayed
PO004346,S030,P0483,2025-08-02,2025-09-18,2025-09-18,920,2843.27,0,On Time
PO004347,S044,P0114,2024-04-11,2024-05-13,2024-05-26,412,5208.61,13,Delayed
PO004348,S032,P0168,2025-09-08,2025-10-31,2025-10-31,279,28968.11,0,On Time
PO004349,S019,P0472,2024-10-05,2024-10-17,2024-10-17,881,1422.99,0,On Time
PO004350,S019,P0191,2024-10-21,2024-11-02,2024-11-02,930,14706.47,0,On Time
PO004351,S049,P0012,2024-03-31,2024-05-28,2024-05-28,237,2865.88,0,On Time
PO004352,S009,P0072,2025-04-03,2025-04-18,2025-04-22,75,15779.82,4,Delayed
PO004353,S017,P0401,2025-01-22,2025-02-28,2025-02-28,572,14044.36,0,On Time
PO004354,S012,P0390,2025-10-17,2025-11-10,2025-11-10,650,5103.6,0,On Time
PO004355,S010,P0276,2024-02-21,2024-03-20,2024-03-20,359,4969.16,0,On Time
PO004356,S033,P0259,2025-03-28,2025-04-09,2025-04-09,826,5236.17,0,On Time
PO004357,S033,P0137,2025-05-21,2025-06-02,2025-06-02,62,5408.06,0,On Time
PO004358,S046,P0099,2024-03-30,2024-04-06,2024-04-06,280,9265.56,0,On Time
PO004359,S031,P0168,2024-07-02,2024-08-24,2024-08-30,390,28750.19,6,Delayed
PO004360,S043,P0500,2024-11-24,2025-01-04,2025-01-19,67,2119.8,15,Delayed
PO004361,S006,P0284,2024-05-10,2024-06-19,2024-06-19,574,25204.22,0,On Time
PO004362,S047,P0130,2024-11-16,2025-01-03,2025-01-03,950,1237.22,0,On Time
PO004363,S027,P0168,2024-09-17,2024-11-15,2024-11-24,926,3537.83,9,Delayed
PO004364,S008,P0324,2024-01-15,2024-02-02,2024-02-02,209,5060.8,0,On Time
PO004365,S002,P0087,2024-02-07,2024-03-19,2024-03-19,866,8586.5,0,On Time
PO004366,S018,P0064,2025-06-07,2025-06-20,2025-06-20,878,8690.92,0,On Time
PO004367,S011,P0403,2025-08-03,2025-08-15,2025-08-15,826,7843.55,0,On Time
PO004368,S006,P0373,2024-06-27,2024-08-06,2024-08-06,433,15032.35,0,On Time
PO004369,S042,P0014,2024-10-05,2024-11-29,2024-11-29,493,1604.21,0,On Time
PO004370,S037,P0173,2025-06-21,2025-08-13,2025-08-13,111,2879.95,0,On Time
PO004371,S006,P0439,2024-01-23,2024-03-03,2024-03-03,138,4936.72,0,On Time
PO004372,S040,P0085,2025-05-01,2025-05-23,2025-05-28,72,1549.86,5,Delayed
PO004373,S032,P0027,2024-01-05,2024-02-27,2024-02-27,744,20354.23,0,On Time
PO004374,S033,P0103,2024-05-10,2024-05-22,2024-05-22,887,4867.84,0,On Time
PO004375,S049,P0064,2025-12-30,2026-02-26,2026-02-26,801,9560.99,0,On Time
PO004376,S002,P0361,2025-02-27,2025-04-09,2025-04-09,943,2423.1,0,On Time
PO004377,S004,P0296,2025-08-02,2025-09-10,2025-09-17,734,6689.55,7,Delayed
PO004378,S036,P0168,2024-12-23,2025-01-04,2025-01-04,135,4935.47,0,On Time
PO004379,S035,P0275,2025-01-13,2025-02-25,2025-02-25,269,4459.99,0,On Time
PO004380,S020,P0159,2025-07-05,2025-08-15,2025-08-18,762,6974.7,3,Delayed
PO004381,S009,P0196,2025-07-02,2025-07-17,2025-07-17,495,2896.28,0,On Time
PO004382,S025,P0166,2024-04-12,2024-06-10,2024-06-10,932,2112.48,0,On Time
PO004383,S036,P0171,2024-04-27,2024-05-09,2024-05-19,283,18108.53,10,Delayed
PO004384,S005,P0189,2024-02-12,2024-04-01,2024-04-01,832,4097.6,0,On Time
PO004385,S018,P0288,2024-06-04,2024-06-17,2024-06-17,421,830.78,0,On Time
PO004386,S006,P0137,2025-12-01,2026-01-10,2026-01-10,836,7965.34,0,On Time
PO004387,S046,P0440,2024-05-13,2024-05-20,2024-05-20,776,1110.76,0,On Time
PO004388,S015,P0187,2024-06-26,2024-08-22,2024-08-22,767,4721.25,0,On Time
PO004389,S018,P0264,2024-05-15,2024-05-28,2024-05-28,797,6653.62,0,On Time
PO004390,S003,P0257,2025-06-23,2025-07-10,2025-07-10,643,1937.4,0,On Time
PO004391,S037,P0236,2024-08-18,2024-10-10,2024-10-10,29,2212.68,0,On Time
PO004392,S023,P0032,2025-04-23,2025-06-16,2025-06-28,906,1971.81,12,Delayed
PO004393,S001,P0397,2025-06-20,2025-08-13,2025-08-19,491,8364.5,6,Delayed
PO004394,S005,P0114,2025-09-30,2025-11-18,2025-11-18,210,4014.23,0,On Time
PO004395,S025,P0457,2024-12-30,2025-02-27,2025-02-27,173,4328.81,0,On Time
PO004396,S024,P0192,2024-11-22,2024-12-21,2024-12-21,327,6477.05,0,On Time
PO004397,S038,P0132,2025-04-06,2025-06-02,2025-06-02,122,7492.49,0,On Time
PO004398,S001,P0032,2024-10-09,2024-12-02,2024-12-02,149,1156.4,0,On Time
PO004399,S014,P0151,2024-05-23,2024-07-16,2024-07-16,551,5651.96,0,On Time
PO004400,S020,P0487,2025-10-02,2025-11-12,2025-11-12,515,14571.75,0,On Time
PO004401,S042,P0470,2025-04-12,2025-06-06,2025-06-06,745,6866.17,0,On Time
PO004402,S033,P0001,2025-10-28,2025-11-09,2025-11-09,77,2990.08,0,On Time
PO004403,S041,P0188,2025-06-19,2025-07-12,2025-07-12,565,16231.34,0,On Time
PO004404,S012,P0098,2025-05-24,2025-06-17,2025-06-17,635,22300.13,0,On Time
PO004405,S013,P0105,2025-11-16,2026-01-03,2026-01-03,857,1515.33,0,On Time
PO004406,S034,P0441,2024-07-08,2024-08-11,2024-08-11,278,2106.61,0,On Time
PO004407,S035,P0152,2025-01-15,2025-02-27,2025-02-27,853,93513.58,0,On Time
PO004408,S004,P0319,2025-10-08,2025-11-16,2025-11-16,220,4200.23,0,On Time
PO004409,S009,P0009,2025-05-21,2025-06-05,2025-06-05,731,4246.92,0,On Time
PO004410,S040,P0474,2025-05-02,2025-05-24,2025-05-24,60,30933.53,0,On Time
PO004411,S012,P0468,2025-10-11,2025-11-04,2025-11-04,636,2132.58,0,On Time
PO004412,S002,P0219,2025-06-07,2025-07-18,2025-07-18,650,10778.19,0,On Time
PO004413,S037,P0259,2025-09-20,2025-11-12,2025-11-12,891,31845.36,0,On Time
PO004414,S045,P0449,2025-03-26,2025-04-02,2025-04-02,44,7346.79,0,On Time
PO004415,S038,P0005,2025-07-20,2025-09-15,2025-09-15,155,2514.01,0,On Time
PO004416,S031,P0146,2025-11-04,2025-12-27,2025-12-27,244,11066.49,0,On Time
PO004417,S036,P0301,2025-08-15,2025-08-27,2025-08-27,431,6506.78,0,On Time
PO004418,S025,P0190,2024-01-15,2024-03-14,2024-03-14,836,3234.12,0,On Time
PO004419,S024,P0102,2024-12-20,2025-01-18,2025-01-18,199,21337.87,0,On Time
PO004420,S042,P0211,2025-11-02,2025-12-27,2025-12-27,712,1817.92,0,On Time
PO004421,S014,P0056,2024-05-30,2024-07-23,2024-07-23,844,12057.85,0,On Time
PO004422,S014,P0415,2024-07-08,2024-08-31,2024-08-31,261,2174.29,0,On Time
PO004423,S038,P0091,2024-07-26,2024-09-21,2024-09-21,140,5677.15,0,On Time
PO004424,S023,P0077,2024-08-20,2024-10-13,2024-10-13,699,3444.11,0,On Time
PO004425,S017,P0374,2025-03-07,2025-04-13,2025-04-13,925,3776.54,0,On Time
PO004426,S048,P0269,2024-08-19,2024-09-04,2024-09-04,930,16418.71,0,On Time
PO004427,S033,P0131,2025-02-05,2025-02-17,2025-02-17,199,10808.71,0,On Time
PO004428,S044,P0108,2024-12-16,2025-01-17,2025-01-17,91,2403.58,0,On Time
PO004429,S041,P0120,2024-12-21,2025-01-13,2025-01-13,829,1929.22,0,On Time
PO004430,S049,P0145,2024-06-16,2024-08-13,2024-08-13,529,2047.56,0,On Time
PO004431,S044,P0125,2024-12-21,2025-01-22,2025-01-30,796,1363.95,8,Delayed
PO004432,S041,P0226,2025-05-25,2025-06-17,2025-06-17,354,14941.5,0,On Time
PO004433,S013,P0307,2024-09-21,2024-11-08,2024-11-08,552,8324.15,0,On Time
PO004434,S022,P0371,2025-07-26,2025-08-10,2025-08-14,908,7769.38,4,Delayed
PO004435,S005,P0166,2025-02-06,2025-03-27,2025-03-27,521,5381.18,0,On Time
PO004436,S049,P0315,2024-02-18,2024-04-16,2024-04-16,551,1394.53,0,On Time
PO004437,S043,P0225,2025-02-05,2025-03-18,2025-03-18,418,2481.97,0,On Time
PO004438,S031,P0394,2025-07-19,2025-09-10,2025-09-10,879,9027.88,0,On Time
PO004439,S020,P0204,2025-09-26,2025-11-06,2025-11-06,614,2378.75,0,On Time
PO004440,S006,P0144,2024-07-20,2024-08-29,2024-09-05,290,1611.4,7,Delayed
PO004441,S038,P0378,2025-10-27,2025-12-23,2025-12-23,212,7926.67,0,On Time
PO004442,S050,P0255,2024-10-08,2024-11-22,2024-11-22,859,1263.52,0,On Time
PO004443,S050,P0114,2024-06-27,2024-08-11,2024-08-13,870,14638.17,2,Delayed
PO004444,S019,P0293,2024-01-02,2024-01-14,2024-01-23,15,6780.51,9,Delayed
PO004445,S022,P0306,2025-11-01,2025-11-16,2025-11-26,172,4412.16,10,Delayed
PO004446,S029,P0291,2024-08-09,2024-09-06,2024-09-06,249,2631.51,0,On Time
PO004447,S008,P0401,2025-06-26,2025-07-14,2025-07-14,207,7236.0,0,On Time
PO004448,S036,P0181,2024-02-23,2024-03-06,2024-03-06,700,1700.88,0,On Time
PO004449,S010,P0169,2025-01-09,2025-02-06,2025-02-06,354,5312.32,0,On Time
PO004450,S022,P0468,2024-09-19,2024-10-04,2024-10-04,290,2986.32,0,On Time
PO004451,S027,P0216,2024-01-21,2024-03-20,2024-03-30,882,4028.58,10,Delayed
PO004452,S010,P0407,2025-09-23,2025-10-21,2025-10-21,141,15196.67,0,On Time
PO004453,S018,P0449,2025-12-20,2026-01-02,2026-01-02,403,1914.59,0,On Time
PO004454,S021,P0381,2025-12-05,2026-01-13,2026-01-13,13,7144.91,0,On Time
PO004455,S013,P0433,2025-10-26,2025-12-13,2025-12-13,377,2476.05,0,On Time
PO004456,S023,P0183,2024-05-20,2024-07-13,2024-07-13,228,4031.1,0,On Time
PO004457,S043,P0257,2025-03-22,2025-05-02,2025-05-06,599,13128.62,4,Delayed
PO004458,S030,P0130,2024-10-27,2024-12-13,2024-12-13,176,2769.57,0,On Time
PO004459,S038,P0280,2024-09-17,2024-11-13,2024-11-27,923,12414.16,14,Delayed
PO004460,S036,P0296,2025-05-03,2025-05-15,2025-05-18,571,2713.13,3,Delayed
PO004461,S009,P0421,2024-06-26,2024-07-11,2024-07-25,748,12162.06,14,Delayed
PO004462,S009,P0471,2024-06-10,2024-06-25,2024-06-25,835,3140.93,0,On Time
PO004463,S016,P0387,2025-01-30,2025-02-20,2025-02-20,565,29494.6,0,On Time
PO004464,S013,P0210,2024-05-31,2024-07-18,2024-07-18,650,5452.44,0,On Time
PO004465,S035,P0416,2025-11-29,2026-01-11,2026-01-11,739,4598.51,0,On Time
PO004466,S021,P0167,2024-08-27,2024-10-05,2024-10-05,952,9305.11,0,On Time
PO004467,S025,P0383,2024-06-07,2024-08-05,2024-08-05,477,21852.75,0,On Time
PO004468,S005,P0284,2024-08-03,2024-09-21,2024-09-21,316,1496.2,0,On Time
PO004469,S016,P0093,2025-04-17,2025-05-08,2025-05-08,31,2913.08,0,On Time
PO004470,S022,P0045,2025-04-25,2025-05-10,2025-05-10,623,4731.2,0,On Time
PO004471,S001,P0403,2024-05-10,2024-07-03,2024-07-03,702,14411.75,0,On Time
PO004472,S005,P0034,2024-09-14,2024-11-02,2024-11-02,346,12434.65,0,On Time
PO004473,S010,P0226,2024-11-23,2024-12-21,2025-01-03,678,11346.82,13,Delayed
PO004474,S050,P0496,2025-09-17,2025-11-01,2025-11-01,304,10315.22,0,On Time
PO004475,S003,P0342,2025-06-06,2025-06-23,2025-06-23,106,10207.23,0,On Time
PO004476,S007,P0448,2025-03-31,2025-05-04,2025-05-16,904,6029.47,12,Delayed
PO004477,S035,P0114,2025-06-30,2025-08-12,2025-08-12,870,6734.41,0,On Time
PO004478,S039,P0385,2024-07-09,2024-08-03,2024-08-03,650,7349.64,0,On Time
PO004479,S043,P0016,2025-09-10,2025-10-21,2025-10-21,898,2780.69,0,On Time
PO004480,S043,P0208,2024-07-25,2024-09-04,2024-09-04,473,20894.37,0,On Time
PO004481,S029,P0421,2024-04-15,2024-05-13,2024-05-13,305,1726.96,0,On Time
PO004482,S046,P0307,2025-11-10,2025-11-17,2025-11-17,107,5854.88,0,On Time
PO004483,S011,P0158,2024-08-01,2024-08-13,2024-08-13,80,18471.69,0,On Time
PO004484,S026,P0041,2025-02-21,2025-03-17,2025-03-17,987,11196.55,0,On Time
PO004485,S045,P0054,2024-09-16,2024-09-23,2024-09-23,629,2731.55,0,On Time
PO004486,S035,P0262,2024-07-02,2024-08-14,2024-08-14,254,1889.03,0,On Time
PO004487,S039,P0212,2025-08-21,2025-09-15,2025-09-15,573,4869.78,0,On Time
PO004488,S024,P0386,2024-04-25,2024-05-24,2024-05-24,499,30018.34,0,On Time
PO004489,S003,P0273,2025-06-08,2025-06-25,2025-06-25,722,1834.16,0,On Time
PO004490,S005,P0162,2025-04-19,2025-06-07,2025-06-07,718,1299.1,0,On Time
PO004491,S008,P0105,2025-06-11,2025-06-29,2025-06-29,750,12587.72,0,On Time
PO004492,S034,P0451,2025-07-13,2025-08-16,2025-08-16,633,5565.49,0,On Time
PO004493,S034,P0050,2025-11-14,2025-12-18,2025-12-18,602,2430.77,0,On Time
PO004494,S018,P0179,2024-11-05,2024-11-18,2024-11-18,969,8213.41,0,On Time
PO004495,S028,P0390,2025-11-27,2025-12-19,2025-12-19,56,13879.87,0,On Time
PO004496,S046,P0191,2025-08-03,2025-08-10,2025-08-21,438,10623.98,11,Delayed
PO004497,S015,P0196,2025-07-19,2025-09-14,2025-09-18,406,5699.82,4,Delayed
PO004498,S004,P0470,2024-02-20,2024-03-30,2024-03-30,732,6496.69,0,On Time
PO004499,S040,P0043,2025-05-07,2025-05-29,2025-05-29,808,2086.6,0,On Time
PO004500,S036,P0303,2024-03-27,2024-04-08,2024-04-08,360,6303.6,0,On Time
PO004501,S009,P0371,2024-04-24,2024-05-09,2024-05-09,866,2607.87,0,On Time
PO004502,S008,P0315,2024-12-06,2024-12-24,2024-12-24,499,24489.39,0,On Time
PO004503,S006,P0191,2025-08-14,2025-09-23,2025-09-24,719,2335.49,1,Delayed
PO004504,S008,P0157,2024-09-24,2024-10-12,2024-10-12,660,4901.48,0,On Time
PO004505,S010,P0446,2024-11-25,2024-12-23,2024-12-23,214,5604.95,0,On Time
PO004506,S021,P0020,2025-04-09,2025-05-18,2025-05-18,140,3934.08,0,On Time
PO004507,S026,P0259,2025-02-12,2025-03-08,2025-03-08,744,1521.67,0,On Time
PO004508,S044,P0202,2025-12-27,2026-01-28,2026-02-03,350,922.69,6,Delayed
PO004509,S046,P0449,2024-03-08,2024-03-15,2024-03-15,247,3564.02,0,On Time
PO004510,S031,P0206,2025-12-26,2026-02-17,2026-02-17,471,755.57,0,On Time
PO004511,S008,P0359,2025-12-29,2026-01-16,2026-01-16,549,4297.42,0,On Time
PO004512,S031,P0394,2024-04-13,2024-06-05,2024-06-10,514,2577.3,5,Delayed
PO004513,S003,P0399,2024-01-18,2024-02-04,2024-02-04,287,5320.39,0,On Time
PO004514,S011,P0213,2024-10-02,2024-10-14,2024-10-14,776,6939.97,0,On Time
PO004515,S048,P0447,2024-04-10,2024-04-26,2024-05-10,448,7377.22,14,Delayed
PO004516,S012,P0314,2024-01-07,2024-01-31,2024-01-31,334,2419.97,0,On Time
PO004517,S034,P0184,2025-08-26,2025-09-29,2025-09-29,46,2245.01,0,On Time
PO004518,S006,P0443,2024-04-01,2024-05-11,2024-05-21,853,8991.27,10,Delayed
PO004519,S034,P0116,2025-05-10,2025-06-13,2025-06-13,889,928.93,0,On Time
PO004520,S032,P0185,2025-03-25,2025-05-17,2025-05-17,347,8364.55,0,On Time
PO004521,S017,P0221,2025-12-26,2026-02-01,2026-02-01,474,2777.16,0,On Time
PO004522,S030,P0434,2025-10-09,2025-11-25,2025-11-25,627,19099.19,0,On Time
PO004523,S045,P0232,2024-11-21,2024-11-28,2024-11-28,727,4040.48,0,On Time
PO004524,S029,P0272,2024-03-03,2024-03-31,2024-03-31,660,659.47,0,On Time
PO004525,S021,P0223,2025-09-05,2025-10-14,2025-10-14,740,8626.04,0,On Time
PO004526,S001,P0429,2024-01-29,2024-03-23,2024-03-23,130,13533.46,0,On Time
PO004527,S022,P0485,2024-09-01,2024-09-16,2024-09-16,245,1589.27,0,On Time
PO004528,S037,P0476,2025-01-12,2025-03-06,2025-03-06,153,2205.29,0,On Time
PO004529,S024,P0001,2024-01-08,2024-02-06,2024-02-16,338,2498.4,10,Delayed
PO004530,S033,P0001,2025-11-30,2025-12-12,2025-12-18,584,4097.93,6,Delayed
PO004531,S025,P0228,2024-02-13,2024-04-12,2024-04-12,269,9913.91,0,On Time
PO004532,S030,P0093,2024-10-06,2024-11-22,2024-11-22,62,7400.62,0,On Time
PO004533,S042,P0270,2024-03-02,2024-04-26,2024-04-26,859,1890.56,0,On Time
PO004534,S032,P0120,2024-02-15,2024-04-08,2024-04-08,320,67126.55,0,On Time
PO004535,S049,P0210,2024-10-30,2024-12-27,2024-12-27,477,1150.14,0,On Time
PO004536,S047,P0361,2024-10-19,2024-12-06,2024-12-06,914,3493.43,0,On Time
PO004537,S001,P0266,2024-07-31,2024-09-23,2024-09-30,612,2249.03,7,Delayed
PO004538,S004,P0346,2024-03-01,2024-04-09,2024-04-09,79,13299.08,0,On Time
PO004539,S032,P0349,2024-12-23,2025-02-14,2025-02-14,130,5381.21,0,On Time
PO004540,S027,P0465,2024-07-17,2024-09-14,2024-09-14,914,5242.21,0,On Time
PO004541,S040,P0460,2024-08-25,2024-09-16,2024-09-16,868,2668.86,0,On Time
PO004542,S028,P0476,2024-09-23,2024-10-15,2024-10-15,105,10712.97,0,On Time
PO004543,S022,P0361,2025-02-07,2025-02-22,2025-02-22,784,1334.71,0,On Time
PO004544,S003,P0095,2025-02-10,2025-02-27,2025-02-27,856,13569.86,0,On Time
PO004545,S008,P0034,2025-08-14,2025-09-01,2025-09-01,527,14230.86,0,On Time
PO004546,S034,P0321,2025-06-05,2025-07-09,2025-07-09,147,6206.55,0,On Time
PO004547,S037,P0243,2025-04-22,2025-06-14,2025-06-14,661,3583.73,0,On Time
PO004548,S037,P0366,2025-08-18,2025-10-10,2025-10-10,679,2330.84,0,On Time
PO004549,S013,P0399,2024-01-12,2024-02-29,2024-02-29,251,1775.96,0,On Time
PO004550,S006,P0360,2024-11-18,2024-12-28,2025-01-04,131,4285.77,7,Delayed
PO004551,S040,P0456,2024-06-19,2024-07-11,2024-07-11,76,3528.31,0,On Time
PO004552,S020,P0250,2024-09-12,2024-10-23,2024-10-23,518,16312.74,0,On Time
PO004553,S022,P0239,2025-01-05,2025-01-20,2025-01-20,463,10393.8,0,On Time
PO004554,S037,P0349,2025-04-27,2025-06-19,2025-06-19,460,3504.79,0,On Time
PO004555,S025,P0383,2024-06-06,2024-08-04,2024-08-04,655,2238.05,0,On Time
PO004556,S020,P0243,2024-02-05,2024-03-17,2024-03-17,829,1968.05,0,On Time
PO004557,S004,P0486,2024-05-11,2024-06-19,2024-06-20,509,2996.59,1,Delayed
PO004558,S033,P0023,2024-08-25,2024-09-06,2024-09-06,517,6143.21,0,On Time
PO004559,S044,P0335,2025-07-05,2025-08-06,2025-08-15,466,7877.39,9,Delayed
PO004560,S017,P0434,2024-03-26,2024-05-02,2024-05-02,20,19180.41,0,On Time
PO004561,S006,P0471,2025-07-14,2025-08-23,2025-08-23,416,3456.36,0,On Time
PO004562,S019,P0198,2025-07-10,2025-07-22,2025-07-22,75,6948.71,0,On Time
PO004563,S023,P0146,2025-12-08,2026-01-31,2026-01-31,924,7088.02,0,On Time
PO004564,S029,P0475,2024-07-30,2024-08-27,2024-08-27,831,4453.5,0,On Time
PO004565,S024,P0092,2024-04-10,2024-05-09,2024-05-09,828,4339.53,0,On Time
PO004566,S039,P0004,2025-07-17,2025-08-11,2025-08-18,189,6933.09,7,Delayed
PO004567,S004,P0217,2025-06-18,2025-07-27,2025-07-27,766,11206.77,0,On Time
PO004568,S030,P0431,2025-01-29,2025-03-17,2025-03-17,674,11932.14,0,On Time
PO004569,S041,P0469,2025-04-10,2025-05-03,2025-05-14,117,6401.7,11,Delayed
PO004570,S020,P0262,2024-06-11,2024-07-22,2024-07-22,385,6846.7,0,On Time
PO004571,S045,P0279,2024-07-11,2024-07-18,2024-07-18,659,1422.84,0,On Time
PO004572,S047,P0221,2025-10-07,2025-11-24,2025-11-24,570,46176.06,0,On Time
PO004573,S030,P0469,2025-08-03,2025-09-19,2025-09-29,970,267.03,10,Delayed
PO004574,S003,P0285,2024-10-15,2024-11-01,2024-11-01,749,5923.17,0,On Time
PO004575,S016,P0251,2024-03-21,2024-04-11,2024-04-11,674,1593.93,0,On Time
PO004576,S028,P0111,2024-01-19,2024-02-10,2024-02-10,198,20704.03,0,On Time
PO004577,S014,P0236,2025-04-30,2025-06-23,2025-06-23,472,1831.45,0,On Time
PO004578,S032,P0055,2024-03-07,2024-04-29,2024-04-29,541,11158.33,0,On Time
PO004579,S007,P0431,2025-05-03,2025-06-06,2025-06-06,661,21374.01,0,On Time
PO004580,S049,P0184,2025-08-13,2025-10-10,2025-10-13,901,4438.9,3,Delayed
PO004581,S028,P0207,2025-02-28,2025-03-22,2025-03-22,971,15270.1,0,On Time
PO004582,S025,P0017,2024-12-17,2025-02-14,2025-02-14,943,5157.89,0,On Time
PO004583,S005,P0446,2025-09-05,2025-10-24,2025-10-24,612,2839.17,0,On Time
PO004584,S032,P0458,2025-01-24,2025-03-18,2025-03-18,513,827.21,0,On Time
PO004585,S001,P0343,2025-12-17,2026-02-09,2026-02-09,905,5432.11,0,On Time
PO004586,S016,P0030,2025-04-06,2025-04-27,2025-04-27,404,8001.84,0,On Time
PO004587,S020,P0487,2025-11-18,2025-12-29,2025-12-29,429,2514.26,0,On Time
PO004588,S050,P0081,2024-10-22,2024-12-06,2024-12-06,408,13983.38,0,On Time
PO004589,S029,P0255,2025-01-01,2025-01-29,2025-02-11,678,4334.17,13,Delayed
PO004590,S029,P0312,2025-07-31,2025-08-28,2025-08-28,123,6714.77,0,On Time
PO004591,S020,P0385,2025-11-08,2025-12-19,2025-12-19,166,4683.54,0,On Time
PO004592,S023,P0068,2025-05-18,2025-07-11,2025-07-11,480,13654.7,0,On Time
PO004593,S009,P0465,2025-06-23,2025-07-08,2025-07-08,507,4328.46,0,On Time
PO004594,S001,P0398,2025-09-08,2025-11-01,2025-11-01,707,2117.39,0,On Time
PO004595,S038,P0313,2024-03-25,2024-05-21,2024-05-29,862,4487.49,8,Delayed
PO004596,S041,P0411,2025-03-12,2025-04-04,2025-04-04,266,8798.86,0,On Time
PO004597,S022,P0390,2024-04-30,2024-05-15,2024-05-15,720,2101.22,0,On Time
PO004598,S029,P0060,2024-03-08,2024-04-05,2024-04-05,194,11518.37,0,On Time
PO004599,S012,P0443,2025-06-17,2025-07-11,2025-07-11,938,2119.04,0,On Time
PO004600,S015,P0248,2025-08-08,2025-10-04,2025-10-08,228,19076.46,4,Delayed
PO004601,S019,P0127,2024-01-19,2024-01-31,2024-01-31,566,8202.5,0,On Time
PO004602,S023,P0261,2025-10-23,2025-12-16,2025-12-16,970,17586.98,0,On Time
PO004603,S044,P0054,2024-07-14,2024-08-15,2024-08-15,969,19039.87,0,On Time
PO004604,S043,P0338,2025-04-05,2025-05-16,2025-05-23,514,3029.65,7,Delayed
PO004605,S004,P0256,2024-09-06,2024-10-15,2024-10-18,428,18051.93,3,Delayed
PO004606,S036,P0314,2025-11-07,2025-11-19,2025-11-19,525,2229.81,0,On Time
PO004607,S031,P0130,2024-12-10,2025-02-01,2025-02-01,710,5005.17,0,On Time
PO004608,S038,P0117,2025-01-23,2025-03-21,2025-03-21,988,11275.37,0,On Time
PO004609,S031,P0122,2025-08-02,2025-09-24,2025-09-24,31,4970.89,0,On Time
PO004610,S034,P0188,2025-11-21,2025-12-25,2025-12-25,116,8715.13,0,On Time
PO004611,S015,P0280,2025-06-04,2025-07-31,2025-07-31,865,8520.42,0,On Time
PO004612,S035,P0361,2025-06-05,2025-07-18,2025-07-18,29,9506.41,0,On Time
PO004613,S011,P0079,2025-08-15,2025-08-27,2025-08-30,180,10711.72,3,Delayed
PO004614,S049,P0109,2025-08-24,2025-10-21,2025-10-21,924,14598.8,0,On Time
PO004615,S035,P0301,2024-04-05,2024-05-18,2024-05-29,215,3358.94,11,Delayed
PO004616,S039,P0371,2024-11-28,2024-12-23,2024-12-23,914,1972.77,0,On Time
PO004617,S011,P0144,2025-08-24,2025-09-05,2025-09-05,612,4116.47,0,On Time
PO004618,S019,P0423,2024-01-22,2024-02-03,2024-02-03,990,1936.9,0,On Time
PO004619,S012,P0363,2025-05-04,2025-05-28,2025-05-28,523,15713.5,0,On Time
PO004620,S048,P0179,2025-02-15,2025-03-03,2025-03-03,665,12685.49,0,On Time
PO004621,S036,P0470,2024-02-18,2024-03-01,2024-03-01,151,9600.16,0,On Time
PO004622,S019,P0346,2024-05-06,2024-05-18,2024-05-18,426,1960.15,0,On Time
PO004623,S027,P0178,2024-01-01,2024-02-29,2024-02-29,828,7573.96,0,On Time
PO004624,S037,P0490,2025-05-26,2025-07-18,2025-07-18,909,4784.04,0,On Time
PO004625,S049,P0407,2024-11-10,2025-01-07,2025-01-07,509,24990.71,0,On Time
PO004626,S029,P0406,2024-06-29,2024-07-27,2024-07-27,987,13223.33,0,On Time
PO004627,S001,P0226,2024-10-17,2024-12-10,2024-12-10,144,11689.01,0,On Time
PO004628,S021,P0273,2025-08-05,2025-09-13,2025-09-14,649,901.58,1,Delayed
PO004629,S030,P0143,2024-11-11,2024-12-28,2024-12-28,677,7100.85,0,On Time
PO004630,S003,P0287,2024-11-25,2024-12-12,2024-12-12,268,5438.31,0,On Time
PO004631,S048,P0432,2024-10-01,2024-10-17,2024-10-17,978,1147.18,0,On Time
PO004632,S029,P0061,2025-04-23,2025-05-21,2025-05-21,683,1662.86,0,On Time
PO004633,S002,P0121,2024-10-29,2024-12-09,2024-12-09,684,11448.21,0,On Time
PO004634,S005,P0281,2025-05-21,2025-07-09,2025-07-09,929,5651.04,0,On Time
PO004635,S031,P0321,2024-01-18,2024-03-11,2024-03-11,927,2823.17,0,On Time
PO004636,S018,P0418,2025-11-12,2025-11-25,2025-11-25,954,4555.13,0,On Time
PO004637,S035,P0248,2024-04-15,2024-05-28,2024-05-28,985,4185.02,0,On Time
PO004638,S023,P0046,2025-01-10,2025-03-05,2025-03-05,356,3874.45,0,On Time
PO004639,S027,P0347,2025-06-25,2025-08-23,2025-09-05,398,2512.88,13,Delayed
PO004640,S025,P0466,2024-02-10,2024-04-09,2024-04-09,618,12008.13,0,On Time
PO004641,S014,P0209,2025-06-16,2025-08-09,2025-08-09,360,4369.37,0,On Time
PO004642,S036,P0158,2024-12-05,2024-12-17,2024-12-17,602,19227.89,0,On Time
PO004643,S010,P0222,2024-11-18,2024-12-16,2024-12-22,202,12610.12,6,Delayed
PO004644,S021,P0351,2024-05-22,2024-06-30,2024-06-30,969,5778.91,0,On Time
PO004645,S045,P0116,2025-06-28,2025-07-05,2025-07-05,698,3872.47,0,On Time
PO004646,S046,P0208,2024-08-27,2024-09-03,2024-09-07,594,9932.78,4,Delayed
PO004647,S039,P0230,2024-09-16,2024-10-11,2024-10-11,899,3600.89,0,On Time
PO004648,S037,P0241,2024-01-14,2024-03-07,2024-03-07,420,1790.18,0,On Time
PO004649,S040,P0490,2024-09-27,2024-10-19,2024-10-19,360,6331.79,0,On Time
PO004650,S016,P0321,2025-06-06,2025-06-27,2025-06-27,415,3255.4,0,On Time
PO004651,S034,P0009,2024-05-19,2024-06-22,2024-06-22,404,1204.52,0,On Time
PO004652,S048,P0367,2024-03-16,2024-04-01,2024-04-01,245,998.22,0,On Time
PO004653,S025,P0102,2024-10-24,2024-12-22,2025-01-04,256,3108.73,13,Delayed
PO004654,S003,P0067,2025-10-23,2025-11-09,2025-11-09,463,5638.94,0,On Time
PO004655,S003,P0168,2024-02-13,2024-03-01,2024-03-01,192,4890.5,0,On Time
PO004656,S031,P0251,2025-11-01,2025-12-24,2025-12-24,702,2740.49,0,On Time
PO004657,S032,P0213,2024-10-20,2024-12-12,2024-12-12,731,6452.89,0,On Time
PO004658,S010,P0320,2024-12-26,2025-01-23,2025-01-23,18,12564.77,0,On Time
PO004659,S008,P0494,2025-10-30,2025-11-17,2025-11-20,623,4046.39,3,Delayed
PO004660,S033,P0114,2024-01-13,2024-01-25,2024-01-25,180,3805.0,0,On Time
PO004661,S001,P0093,2024-10-16,2024-12-09,2024-12-09,719,5389.29,0,On Time
PO004662,S050,P0247,2024-02-01,2024-03-17,2024-03-28,552,2281.11,11,Delayed
PO004663,S025,P0056,2024-02-09,2024-04-08,2024-04-08,425,3184.37,0,On Time
PO004664,S049,P0446,2025-04-25,2025-06-22,2025-06-22,322,10251.53,0,On Time
PO004665,S039,P0427,2025-11-29,2025-12-24,2025-12-24,829,2196.64,0,On Time
PO004666,S009,P0052,2024-07-07,2024-07-22,2024-08-06,732,4508.61,15,Delayed
PO004667,S018,P0288,2024-11-29,2024-12-12,2024-12-12,940,3195.73,0,On Time
PO004668,S003,P0060,2024-01-07,2024-01-24,2024-01-24,716,10605.51,0,On Time
PO004669,S045,P0462,2024-08-27,2024-09-03,2024-09-03,809,2731.56,0,On Time
PO004670,S021,P0131,2024-05-19,2024-06-27,2024-07-09,400,4912.75,12,Delayed
PO004671,S036,P0073,2025-11-01,2025-11-13,2025-11-26,302,1912.97,13,Delayed
PO004672,S036,P0173,2025-06-20,2025-07-02,2025-07-02,963,2473.25,0,On Time
PO004673,S017,P0412,2024-05-14,2024-06-20,2024-06-20,245,2298.39,0,On Time
PO004674,S009,P0316,2024-07-16,2024-07-31,2024-08-05,860,1179.01,5,Delayed
PO004675,S035,P0207,2024-09-09,2024-10-22,2024-11-05,895,2450.29,14,Delayed
PO004676,S028,P0494,2025-03-04,2025-03-26,2025-03-26,477,2016.68,0,On Time
PO004677,S039,P0087,2025-10-22,2025-11-16,2025-11-16,297,8649.09,0,On Time
PO004678,S042,P0260,2025-11-07,2026-01-01,2026-01-01,450,12993.83,0,On Time
PO004679,S046,P0049,2025-10-01,2025-10-08,2025-10-20,945,7133.71,12,Delayed
PO004680,S017,P0076,2024-10-29,2024-12-05,2024-12-05,442,14208.11,0,On Time
PO004681,S010,P0337,2025-05-24,2025-06-21,2025-06-21,18,4671.73,0,On Time
PO004682,S033,P0270,2024-12-08,2024-12-20,2024-12-20,551,2854.6,0,On Time
PO004683,S020,P0353,2025-05-01,2025-06-11,2025-06-11,565,5697.89,0,On Time
PO004684,S036,P0159,2024-11-03,2024-11-15,2024-11-15,22,15147.26,0,On Time
PO004685,S005,P0455,2024-01-14,2024-03-03,2024-03-03,332,5394.67,0,On Time
PO004686,S024,P0144,2024-11-22,2024-12-21,2024-12-21,327,10766.78,0,On Time
PO004687,S030,P0464,2024-10-08,2024-11-24,2024-11-24,213,2542.03,0,On Time
PO004688,S021,P0226,2025-05-25,2025-07-03,2025-07-03,238,3901.3,0,On Time
PO004689,S013,P0176,2025-07-24,2025-09-10,2025-09-10,874,2893.6,0,On Time
PO004690,S017,P0141,2024-09-22,2024-10-29,2024-10-29,469,9574.18,0,On Time
PO004691,S003,P0323,2024-07-10,2024-07-27,2024-07-30,881,2294.23,3,Delayed
PO004692,S040,P0158,2024-11-17,2024-12-09,2024-12-09,782,2798.16,0,On Time
PO004693,S049,P0190,2025-07-02,2025-08-29,2025-08-29,167,4903.63,0,On Time
PO004694,S018,P0462,2025-05-03,2025-05-16,2025-05-16,131,3851.97,0,On Time
PO004695,S002,P0402,2024-12-30,2025-02-09,2025-02-09,166,4359.93,0,On Time
PO004696,S023,P0034,2024-08-29,2024-10-22,2024-10-22,92,5002.15,0,On Time
PO004697,S012,P0496,2024-06-06,2024-06-30,2024-06-30,960,2749.77,0,On Time
PO004698,S006,P0195,2025-04-19,2025-05-29,2025-06-10,273,52602.04,12,Delayed
PO004699,S029,P0185,2024-10-15,2024-11-12,2024-11-12,573,4023.62,0,On Time
PO004700,S048,P0247,2025-12-12,2025-12-28,2026-01-05,650,61057.79,8,Delayed
PO004701,S019,P0295,2024-11-29,2024-12-11,2024-12-11,306,658.81,0,On Time
PO004702,S035,P0497,2025-09-18,2025-10-31,2025-10-31,233,2740.24,0,On Time
PO004703,S002,P0123,2024-05-11,2024-06-21,2024-06-21,371,9086.69,0,On Time
PO004704,S027,P0341,2025-11-02,2025-12-31,2026-01-12,34,2596.05,12,Delayed
PO004705,S034,P0168,2025-03-16,2025-04-19,2025-04-19,483,4420.17,0,On Time
PO004706,S036,P0438,2025-05-13,2025-05-25,2025-05-25,829,2945.01,0,On Time
PO004707,S014,P0090,2024-06-11,2024-08-04,2024-08-04,295,3004.45,0,On Time
PO004708,S050,P0149,2024-08-29,2024-10-13,2024-10-13,103,2424.26,0,On Time
PO004709,S038,P0261,2024-04-24,2024-06-20,2024-06-22,775,4054.93,2,Delayed
PO004710,S031,P0088,2025-05-23,2025-07-15,2025-07-15,669,9429.42,0,On Time
PO004711,S015,P0203,2024-02-16,2024-04-13,2024-04-13,556,4583.66,0,On Time
PO004712,S015,P0343,2024-11-25,2025-01-21,2025-01-21,656,8207.76,0,On Time
PO004713,S031,P0077,2025-08-14,2025-10-06,2025-10-06,420,1263.92,0,On Time
PO004714,S018,P0329,2025-04-04,2025-04-17,2025-04-17,840,21729.13,0,On Time
PO004715,S036,P0365,2024-06-09,2024-06-21,2024-06-21,353,4326.54,0,On Time
PO004716,S017,P0095,2025-07-10,2025-08-16,2025-08-21,201,3686.89,5,Delayed
PO004717,S038,P0123,2025-07-14,2025-09-09,2025-09-18,94,3177.13,9,Delayed
PO004718,S018,P0071,2024-11-10,2024-11-23,2024-11-23,584,5368.65,0,On Time
PO004719,S049,P0208,2024-06-01,2024-07-29,2024-07-29,236,1980.72,0,On Time
PO004720,S026,P0498,2024-12-04,2024-12-28,2024-12-28,32,2097.58,0,On Time
PO004721,S002,P0329,2024-11-01,2024-12-12,2024-12-16,223,4578.34,4,Delayed
PO004722,S011,P0134,2025-08-09,2025-08-21,2025-08-21,874,38961.7,0,On Time
PO004723,S043,P0078,2024-11-06,2024-12-17,2024-12-31,643,2219.75,14,Delayed
PO004724,S026,P0264,2025-04-13,2025-05-07,2025-05-07,131,832.73,0,On Time
PO004725,S040,P0248,2024-08-26,2024-09-17,2024-10-02,773,4681.91,15,Delayed
PO004726,S021,P0395,2024-02-19,2024-03-29,2024-04-13,846,26090.17,15,Delayed
PO004727,S027,P0234,2024-03-14,2024-05-12,2024-05-12,224,2059.19,0,On Time
PO004728,S012,P0091,2025-04-12,2025-05-06,2025-05-06,255,1521.0,0,On Time
PO004729,S026,P0480,2025-05-23,2025-06-16,2025-06-16,277,478.39,0,On Time
PO004730,S014,P0008,2024-12-26,2025-02-18,2025-02-18,90,1540.92,0,On Time
PO004731,S012,P0142,2025-01-24,2025-02-17,2025-02-17,744,14207.77,0,On Time
PO004732,S008,P0188,2025-07-22,2025-08-09,2025-08-09,648,707.66,0,On Time
PO004733,S036,P0170,2025-08-17,2025-08-29,2025-09-05,345,24452.6,7,Delayed
PO004734,S049,P0262,2025-12-07,2026-02-03,2026-02-03,451,2972.51,0,On Time
PO004735,S025,P0308,2025-12-03,2026-01-31,2026-01-31,522,888.51,0,On Time
PO004736,S008,P0395,2025-06-28,2025-07-16,2025-07-16,519,5934.9,0,On Time
PO004737,S019,P0025,2025-05-21,2025-06-02,2025-06-02,845,6268.65,0,On Time
PO004738,S012,P0041,2025-10-10,2025-11-03,2025-11-03,928,11609.5,0,On Time
PO004739,S047,P0117,2024-09-14,2024-11-01,2024-11-01,221,892.94,0,On Time
PO004740,S008,P0002,2025-09-14,2025-10-02,2025-10-02,490,2211.53,0,On Time
PO004741,S009,P0187,2025-08-13,2025-08-28,2025-08-28,648,5727.23,0,On Time
PO004742,S010,P0446,2025-11-24,2025-12-22,2026-01-06,101,10254.27,15,Delayed
PO004743,S004,P0242,2024-09-21,2024-10-30,2024-11-02,868,1111.23,3,Delayed
PO004744,S024,P0149,2024-01-30,2024-02-28,2024-02-28,524,10122.42,0,On Time
PO004745,S012,P0032,2024-09-04,2024-09-28,2024-09-28,353,3023.4,0,On Time
PO004746,S017,P0268,2024-09-26,2024-11-02,2024-11-02,535,4596.99,0,On Time
PO004747,S027,P0014,2024-09-25,2024-11-23,2024-11-23,439,4267.25,0,On Time
PO004748,S028,P0249,2024-05-11,2024-06-02,2024-06-02,661,5349.12,0,On Time
PO004749,S034,P0227,2025-09-18,2025-10-22,2025-10-22,991,8585.73,0,On Time
PO004750,S022,P0238,2024-06-02,2024-06-17,2024-06-25,391,1651.64,8,Delayed
PO004751,S023,P0431,2025-01-26,2025-03-21,2025-03-21,733,2627.31,0,On Time
PO004752,S019,P0071,2025-05-10,2025-05-22,2025-05-22,634,4922.33,0,On Time
PO004753,S035,P0143,2025-02-12,2025-03-27,2025-03-27,473,4278.06,0,On Time
PO004754,S018,P0161,2025-07-10,2025-07-23,2025-07-23,502,5703.35,0,On Time
PO004755,S001,P0097,2025-03-10,2025-05-03,2025-05-03,89,1453.38,0,On Time
PO004756,S011,P0489,2024-07-08,2024-07-20,2024-07-20,533,2557.64,0,On Time
PO004757,S036,P0040,2025-09-29,2025-10-11,2025-10-11,84,7078.55,0,On Time
PO004758,S041,P0257,2025-06-09,2025-07-02,2025-07-02,779,8952.26,0,On Time
PO004759,S026,P0240,2025-02-28,2025-03-24,2025-03-24,453,9708.34,0,On Time
PO004760,S008,P0472,2024-01-22,2024-02-09,2024-02-09,251,4513.52,0,On Time
PO004761,S020,P0189,2024-04-10,2024-05-21,2024-05-21,642,2287.29,0,On Time
PO004762,S027,P0210,2024-03-21,2024-05-19,2024-05-19,746,1980.8,0,On Time
PO004763,S002,P0099,2024-11-05,2024-12-16,2024-12-16,581,1487.58,0,On Time
PO004764,S043,P0189,2024-11-26,2025-01-06,2025-01-06,655,4538.86,0,On Time
PO004765,S016,P0309,2024-06-15,2024-07-06,2024-07-06,634,5520.75,0,On Time
PO004766,S009,P0051,2024-08-11,2024-08-26,2024-08-26,349,1995.0,0,On Time
PO004767,S046,P0005,2024-11-17,2024-11-24,2024-11-24,556,3501.69,0,On Time
PO004768,S013,P0267,2025-09-01,2025-10-19,2025-10-19,221,3534.43,0,On Time
PO004769,S040,P0472,2025-03-27,2025-04-18,2025-04-18,997,20040.43,0,On Time
PO004770,S026,P0134,2024-05-09,2024-06-02,2024-06-02,253,14147.4,0,On Time
PO004771,S025,P0053,2025-03-06,2025-05-04,2025-05-04,894,4766.57,0,On Time
PO004772,S024,P0174,2024-09-20,2024-10-19,2024-10-19,19,5985.16,0,On Time
PO004773,S017,P0149,2024-08-02,2024-09-08,2024-09-08,305,61844.88,0,On Time
PO004774,S049,P0228,2024-11-15,2025-01-12,2025-01-12,670,2306.05,0,On Time
PO004775,S030,P0167,2025-09-27,2025-11-13,2025-11-13,789,9403.71,0,On Time
PO004776,S005,P0489,2024-05-02,2024-06-20,2024-06-20,194,3243.42,0,On Time
PO004777,S029,P0387,2025-12-13,2026-01-10,2026-01-10,647,2934.75,0,On Time
PO004778,S007,P0039,2024-05-10,2024-06-13,2024-06-26,478,7263.04,13,Delayed
PO004779,S035,P0320,2025-11-01,2025-12-14,2025-12-14,39,18707.99,0,On Time
PO004780,S034,P0041,2024-01-09,2024-02-12,2024-02-17,925,3758.05,5,Delayed
PO004781,S029,P0076,2024-12-11,2025-01-08,2025-01-08,659,3188.5,0,On Time
PO004782,S011,P0439,2025-12-03,2025-12-15,2025-12-15,95,5631.02,0,On Time
PO004783,S047,P0164,2025-03-04,2025-04-21,2025-04-29,604,2387.35,8,Delayed
PO004784,S024,P0435,2024-05-23,2024-06-21,2024-06-21,674,2694.79,0,On Time
PO004785,S047,P0419,2025-11-16,2026-01-03,2026-01-03,828,26039.31,0,On Time
PO004786,S040,P0467,2025-02-23,2025-03-17,2025-03-17,442,9817.99,0,On Time
PO004787,S002,P0016,2025-04-23,2025-06-03,2025-06-09,613,23350.26,6,Delayed
PO004788,S043,P0165,2024-12-20,2025-01-30,2025-01-30,907,22901.67,0,On Time
PO004789,S046,P0037,2024-03-17,2024-03-24,2024-03-24,231,3584.44,0,On Time
PO004790,S011,P0351,2025-02-04,2025-02-16,2025-02-16,886,5478.61,0,On Time
PO004791,S044,P0315,2024-12-26,2025-01-27,2025-01-31,148,33800.05,4,Delayed
PO004792,S026,P0172,2025-12-14,2026-01-07,2026-01-15,517,13532.78,8,Delayed
PO004793,S025,P0445,2024-08-10,2024-10-08,2024-10-08,281,8848.77,0,On Time
PO004794,S029,P0400,2025-12-06,2026-01-03,2026-01-15,626,4464.67,12,Delayed
PO004795,S017,P0289,2025-06-03,2025-07-10,2025-07-10,463,383.56,0,On Time
PO004796,S003,P0040,2025-03-13,2025-03-30,2025-03-30,545,8278.27,0,On Time
PO004797,S022,P0256,2025-05-24,2025-06-08,2025-06-08,105,5133.42,0,On Time
PO004798,S029,P0499,2025-05-20,2025-06-17,2025-06-17,593,2309.23,0,On Time
PO004799,S004,P0071,2025-07-21,2025-08-29,2025-08-29,15,4987.14,0,On Time
PO004800,S009,P0243,2024-09-11,2024-09-26,2024-10-04,693,3997.11,8,Delayed
PO004801,S047,P0423,2025-03-20,2025-05-07,2025-05-07,609,6640.01,0,On Time
PO004802,S041,P0280,2025-09-26,2025-10-19,2025-10-19,233,13251.03,0,On Time
PO004803,S030,P0224,2025-08-22,2025-10-08,2025-10-08,261,4590.78,0,On Time
PO004804,S012,P0068,2024-03-24,2024-04-17,2024-04-17,944,1674.27,0,On Time
PO004805,S050,P0457,2025-01-12,2025-02-26,2025-02-27,302,2054.44,1,Delayed
PO004806,S003,P0439,2024-03-25,2024-04-11,2024-04-11,289,4420.12,0,On Time
PO004807,S019,P0334,2024-12-05,2024-12-17,2024-12-17,735,5597.68,0,On Time
PO004808,S019,P0043,2025-05-06,2025-05-18,2025-05-18,248,2964.01,0,On Time
PO004809,S012,P0246,2025-09-20,2025-10-14,2025-10-14,581,9193.21,0,On Time
PO004810,S018,P0306,2024-10-05,2024-10-18,2024-10-18,665,7032.56,0,On Time
PO004811,S033,P0207,2025-05-30,2025-06-11,2025-06-11,493,8251.89,0,On Time
PO004812,S037,P0405,2025-12-04,2026-01-26,2026-02-07,501,2239.44,12,Delayed
PO004813,S048,P0455,2025-10-04,2025-10-20,2025-10-20,833,720.25,0,On Time
PO004814,S007,P0404,2025-09-26,2025-10-30,2025-11-11,967,1617.13,12,Delayed
PO004815,S027,P0477,2024-03-29,2024-05-27,2024-05-27,93,3112.58,0,On Time
PO004816,S001,P0378,2025-05-20,2025-07-13,2025-07-18,651,7858.04,5,Delayed
PO004817,S011,P0131,2024-10-09,2024-10-21,2024-10-21,372,2530.73,0,On Time
PO004818,S004,P0235,2025-05-13,2025-06-21,2025-06-21,768,21413.31,0,On Time
PO004819,S016,P0290,2024-12-25,2025-01-15,2025-01-15,466,5053.23,0,On Time
PO004820,S034,P0368,2024-04-07,2024-05-11,2024-05-11,73,16842.41,0,On Time
PO004821,S045,P0114,2024-07-08,2024-07-15,2024-07-15,764,25415.14,0,On Time
PO004822,S041,P0301,2024-06-12,2024-07-05,2024-07-05,797,11574.87,0,On Time
PO004823,S038,P0434,2025-01-07,2025-03-05,2025-03-05,324,8769.7,0,On Time
PO004824,S015,P0447,2024-10-22,2024-12-18,2024-12-18,605,13366.25,0,On Time
PO004825,S002,P0243,2024-05-30,2024-07-10,2024-07-10,980,3407.44,0,On Time
PO004826,S027,P0147,2025-03-07,2025-05-05,2025-05-20,154,3956.87,15,Delayed
PO004827,S040,P0216,2024-04-05,2024-04-27,2024-04-27,259,12618.42,0,On Time
PO004828,S007,P0058,2024-12-06,2025-01-09,2025-01-24,684,603.5,15,Delayed
PO004829,S007,P0257,2025-05-11,2025-06-14,2025-06-14,493,8922.48,0,On Time
PO004830,S029,P0055,2025-02-20,2025-03-20,2025-03-25,474,2778.97,5,Delayed
PO004831,S014,P0078,2024-06-17,2024-08-10,2024-08-10,684,30421.03,0,On Time
PO004832,S024,P0057,2024-10-16,2024-11-14,2024-11-14,824,4609.43,0,On Time
PO004833,S023,P0472,2025-02-10,2025-04-05,2025-04-16,891,3185.15,11,Delayed
PO004834,S029,P0458,2024-12-19,2025-01-16,2025-01-23,950,5317.96,7,Delayed
PO004835,S012,P0212,2025-09-06,2025-09-30,2025-09-30,439,16580.63,0,On Time
PO004836,S049,P0218,2024-02-25,2024-04-23,2024-04-23,54,5210.36,0,On Time
PO004837,S007,P0361,2024-11-26,2024-12-30,2024-12-30,724,1828.59,0,On Time
PO004838,S002,P0110,2024-12-31,2025-02-10,2025-02-24,623,5128.59,14,Delayed
PO004839,S023,P0125,2025-11-12,2026-01-05,2026-01-05,663,1312.09,0,On Time
PO004840,S011,P0197,2025-03-09,2025-03-21,2025-03-21,679,7008.55,0,On Time
PO004841,S004,P0083,2024-06-04,2024-07-13,2024-07-13,315,1161.43,0,On Time
PO004842,S013,P0043,2024-11-01,2024-12-19,2024-12-19,47,9756.3,0,On Time
PO004843,S019,P0319,2024-05-24,2024-06-05,2024-06-05,594,2695.45,0,On Time
PO004844,S033,P0498,2025-05-11,2025-05-23,2025-05-23,789,14911.95,0,On Time
PO004845,S034,P0238,2025-06-25,2025-07-29,2025-07-29,311,18641.53,0,On Time
PO004846,S022,P0356,2024-09-20,2024-10-05,2024-10-05,540,16169.06,0,On Time
PO004847,S022,P0088,2025-06-26,2025-07-11,2025-07-21,568,12941.8,10,Delayed
PO004848,S008,P0186,2024-04-30,2024-05-18,2024-05-18,515,9162.03,0,On Time
PO004849,S044,P0281,2025-01-05,2025-02-06,2025-02-06,62,2306.89,0,On Time
PO004850,S010,P0385,2025-07-07,2025-08-04,2025-08-04,180,4126.28,0,On Time
PO004851,S010,P0220,2024-01-21,2024-02-18,2024-02-18,469,1362.31,0,On Time
PO004852,S035,P0276,2025-04-02,2025-05-15,2025-05-15,183,12064.71,0,On Time
PO004853,S049,P0189,2025-12-14,2026-02-10,2026-02-10,785,613.43,0,On Time
PO004854,S032,P0213,2024-10-26,2024-12-18,2024-12-18,642,6592.56,0,On Time
PO004855,S018,P0490,2024-11-11,2024-11-24,2024-11-24,187,1689.71,0,On Time
PO004856,S033,P0419,2025-07-16,2025-07-28,2025-07-28,543,7946.32,0,On Time
PO004857,S045,P0038,2024-08-13,2024-08-20,2024-08-20,741,15191.39,0,On Time
PO004858,S003,P0156,2024-12-27,2025-01-13,2025-01-13,306,1248.12,0,On Time
PO004859,S016,P0283,2024-02-02,2024-02-23,2024-02-23,166,22502.12,0,On Time
PO004860,S016,P0424,2024-02-03,2024-02-24,2024-02-24,400,7190.74,0,On Time
PO004861,S021,P0008,2024-02-28,2024-04-07,2024-04-07,790,9466.89,0,On Time
PO004862,S018,P0378,2024-05-08,2024-05-21,2024-05-21,875,18588.14,0,On Time
PO004863,S037,P0381,2025-03-15,2025-05-07,2025-05-07,745,11993.72,0,On Time
PO004864,S009,P0374,2025-06-21,2025-07-06,2025-07-06,288,4691.41,0,On Time
PO004865,S012,P0238,2024-12-20,2025-01-13,2025-01-13,200,41697.14,0,On Time
PO004866,S038,P0098,2024-11-22,2025-01-18,2025-01-24,56,12634.97,6,Delayed
PO004867,S026,P0464,2024-03-02,2024-03-26,2024-03-26,618,2947.32,0,On Time
PO004868,S029,P0263,2025-10-18,2025-11-15,2025-11-15,267,6033.1,0,On Time
PO004869,S006,P0087,2025-10-19,2025-11-28,2025-11-28,308,4468.11,0,On Time
PO004870,S028,P0118,2024-09-24,2024-10-16,2024-10-16,828,1277.64,0,On Time
PO004871,S003,P0399,2024-01-08,2024-01-25,2024-01-25,59,2419.08,0,On Time
PO004872,S003,P0352,2024-08-26,2024-09-12,2024-09-12,827,2557.71,0,On Time
PO004873,S032,P0240,2025-09-07,2025-10-30,2025-10-30,208,11268.21,0,On Time
PO004874,S020,P0499,2025-08-09,2025-09-19,2025-09-19,645,19827.57,0,On Time
PO004875,S026,P0017,2024-06-19,2024-07-13,2024-07-27,590,5181.35,14,Delayed
PO004876,S043,P0447,2025-08-23,2025-10-03,2025-10-03,759,666.63,0,On Time
PO004877,S041,P0374,2025-03-05,2025-03-28,2025-03-28,826,7000.5,0,On Time
PO004878,S028,P0238,2024-03-25,2024-04-16,2024-04-16,613,6166.03,0,On Time
PO004879,S045,P0378,2024-02-16,2024-02-23,2024-02-23,255,7178.39,0,On Time
PO004880,S007,P0401,2025-06-15,2025-07-19,2025-07-19,658,3919.67,0,On Time
PO004881,S045,P0095,2024-09-26,2024-10-03,2024-10-03,649,24115.34,0,On Time
PO004882,S045,P0027,2024-09-17,2024-09-24,2024-09-24,267,6033.52,0,On Time
PO004883,S024,P0272,2024-03-29,2024-04-27,2024-04-27,895,9076.17,0,On Time
PO004884,S039,P0206,2024-07-10,2024-08-04,2024-08-04,426,6039.92,0,On Time
PO004885,S046,P0409,2024-05-28,2024-06-04,2024-06-04,85,3827.4,0,On Time
PO004886,S022,P0087,2025-07-29,2025-08-13,2025-08-13,136,7283.85,0,On Time
PO004887,S039,P0369,2024-07-04,2024-07-29,2024-08-11,765,4521.46,13,Delayed
PO004888,S018,P0468,2025-01-03,2025-01-16,2025-01-16,300,3867.9,0,On Time
PO004889,S010,P0341,2024-08-10,2024-09-07,2024-09-07,511,963.53,0,On Time
PO004890,S020,P0015,2025-08-07,2025-09-17,2025-09-28,906,4194.74,11,Delayed
PO004891,S031,P0168,2024-10-25,2024-12-17,2024-12-17,146,4168.49,0,On Time
PO004892,S030,P0395,2025-11-12,2025-12-29,2025-12-29,145,18568.26,0,On Time
PO004893,S048,P0459,2025-01-30,2025-02-15,2025-02-15,981,1693.1,0,On Time
PO004894,S027,P0392,2025-10-15,2025-12-13,2025-12-19,63,1924.87,6,Delayed
PO004895,S021,P0433,2024-09-27,2024-11-05,2024-11-15,710,5350.02,10,Delayed
PO004896,S006,P0460,2025-08-20,2025-09-29,2025-09-29,949,4028.51,0,On Time
PO004897,S039,P0062,2025-01-16,2025-02-10,2025-02-10,332,2525.59,0,On Time
PO004898,S014,P0100,2024-07-20,2024-09-12,2024-09-12,168,6625.79,0,On Time
PO004899,S049,P0241,2024-01-06,2024-03-04,2024-03-04,876,7188.67,0,On Time
PO004900,S030,P0432,2024-03-01,2024-04-17,2024-04-17,385,3002.09,0,On Time
PO004901,S001,P0148,2024-04-02,2024-05-26,2024-05-26,54,10916.62,0,On Time
PO004902,S042,P0435,2025-04-18,2025-06-12,2025-06-12,875,1180.53,0,On Time
PO004903,S015,P0087,2025-02-21,2025-04-19,2025-04-19,566,33899.81,0,On Time
PO004904,S035,P0458,2024-02-26,2024-04-09,2024-04-09,433,1742.52,0,On Time
PO004905,S045,P0318,2025-03-11,2025-03-18,2025-03-18,429,2017.5,0,On Time
PO004906,S033,P0169,2025-06-07,2025-06-19,2025-06-19,896,360.42,0,On Time
PO004907,S005,P0340,2024-05-11,2024-06-29,2024-07-04,380,16878.52,5,Delayed
PO004908,S017,P0121,2025-02-08,2025-03-17,2025-03-17,527,6387.03,0,On Time
PO004909,S047,P0270,2025-12-18,2026-02-04,2026-02-04,62,2520.69,0,On Time
PO004910,S020,P0273,2024-09-30,2024-11-10,2024-11-10,74,4821.07,0,On Time
PO004911,S021,P0017,2025-01-09,2025-02-17,2025-02-18,428,5601.13,1,Delayed
PO004912,S002,P0229,2025-02-23,2025-04-05,2025-04-12,29,3650.59,7,Delayed
PO004913,S011,P0140,2024-01-16,2024-01-28,2024-01-28,529,15424.3,0,On Time
PO004914,S014,P0228,2025-06-22,2025-08-15,2025-08-28,228,1415.23,13,Delayed
PO004915,S031,P0373,2025-05-05,2025-06-27,2025-06-27,854,9399.73,0,On Time
PO004916,S007,P0261,2024-01-25,2024-02-28,2024-03-02,830,2428.52,3,Delayed
PO004917,S049,P0012,2024-01-03,2024-03-01,2024-03-01,960,12482.72,0,On Time
PO004918,S049,P0419,2024-10-12,2024-12-09,2024-12-09,813,3096.05,0,On Time
PO004919,S027,P0387,2025-02-17,2025-04-17,2025-04-17,599,5357.96,0,On Time
PO004920,S008,P0031,2025-08-29,2025-09-16,2025-09-20,892,1758.8,4,Delayed
PO004921,S048,P0491,2024-03-06,2024-03-22,2024-03-22,84,7781.31,0,On Time
PO004922,S032,P0153,2025-12-24,2026-02-15,2026-02-15,937,6726.52,0,On Time
PO004923,S031,P0393,2025-06-03,2025-07-26,2025-07-26,790,5730.88,0,On Time
PO004924,S002,P0267,2024-06-04,2024-07-15,2024-07-15,480,4317.28,0,On Time
PO004925,S019,P0439,2025-05-22,2025-06-03,2025-06-13,821,8466.7,10,Delayed
PO004926,S020,P0424,2025-04-24,2025-06-04,2025-06-04,748,4798.54,0,On Time
PO004927,S004,P0033,2025-07-30,2025-09-07,2025-09-07,151,3252.22,0,On Time
PO004928,S030,P0281,2025-07-24,2025-09-09,2025-09-09,605,9631.0,0,On Time
PO004929,S036,P0497,2025-05-27,2025-06-08,2025-06-08,382,28288.95,0,On Time
PO004930,S026,P0228,2025-07-27,2025-08-20,2025-08-20,652,5263.16,0,On Time
PO004931,S047,P0206,2025-01-03,2025-02-20,2025-02-20,356,30043.8,0,On Time
PO004932,S036,P0346,2025-09-17,2025-09-29,2025-10-05,130,10719.41,6,Delayed
PO004933,S028,P0427,2024-10-28,2024-11-19,2024-11-19,592,4454.4,0,On Time
PO004934,S008,P0475,2025-05-14,2025-06-01,2025-06-01,755,10244.51,0,On Time
PO004935,S027,P0064,2024-03-04,2024-05-02,2024-05-02,764,5147.71,0,On Time
PO004936,S038,P0281,2024-07-16,2024-09-11,2024-09-11,684,2834.96,0,On Time
PO004937,S031,P0430,2024-01-24,2024-03-17,2024-03-17,586,3023.08,0,On Time
PO004938,S031,P0288,2025-06-30,2025-08-22,2025-08-29,657,771.3,7,Delayed
PO004939,S022,P0403,2025-10-29,2025-11-13,2025-11-13,519,4721.96,0,On Time
PO004940,S039,P0474,2025-01-11,2025-02-05,2025-02-05,943,2224.34,0,On Time
PO004941,S018,P0138,2025-10-18,2025-10-31,2025-10-31,20,1419.12,0,On Time
PO004942,S030,P0125,2025-01-05,2025-02-21,2025-02-21,691,26304.04,0,On Time
PO004943,S031,P0381,2024-09-26,2024-11-18,2024-11-18,543,2047.18,0,On Time
PO004944,S007,P0321,2024-06-17,2024-07-21,2024-08-03,509,10186.6,13,Delayed
PO004945,S018,P0468,2025-02-16,2025-03-01,2025-03-01,752,14321.66,0,On Time
PO004946,S029,P0344,2024-06-02,2024-06-30,2024-06-30,284,7322.64,0,On Time
PO004947,S024,P0060,2024-05-29,2024-06-27,2024-06-27,239,1730.39,0,On Time
PO004948,S041,P0371,2024-10-18,2024-11-10,2024-11-10,471,15014.15,0,On Time
PO004949,S027,P0468,2024-01-08,2024-03-07,2024-03-07,578,1850.4,0,On Time
PO004950,S006,P0161,2024-10-08,2024-11-17,2024-11-17,242,4541.54,0,On Time
PO004951,S021,P0302,2025-08-01,2025-09-09,2025-09-09,786,6577.54,0,On Time
PO004952,S038,P0118,2025-06-23,2025-08-19,2025-08-19,138,9751.29,0,On Time
PO004953,S028,P0284,2024-05-27,2024-06-18,2024-06-18,789,3416.61,0,On Time
PO004954,S023,P0269,2025-12-22,2026-02-14,2026-02-14,729,2252.47,0,On Time
PO004955,S009,P0288,2025-02-26,2025-03-13,2025-03-27,192,10790.72,14,Delayed
PO004956,S016,P0105,2024-10-22,2024-11-12,2024-11-12,618,1757.94,0,On Time
PO004957,S018,P0210,2024-11-02,2024-11-15,2024-11-15,696,1960.75,0,On Time
PO004958,S050,P0047,2024-10-06,2024-11-20,2024-12-05,114,5139.82,15,Delayed
PO004959,S005,P0040,2024-06-15,2024-08-03,2024-08-03,530,11247.74,0,On Time
PO004960,S027,P0466,2025-06-05,2025-08-03,2025-08-03,980,6881.86,0,On Time
PO004961,S005,P0364,2024-04-23,2024-06-11,2024-06-11,884,7974.8,0,On Time
PO004962,S010,P0121,2025-12-28,2026-01-25,2026-01-25,951,647.51,0,On Time
PO004963,S009,P0011,2024-04-25,2024-05-10,2024-05-14,548,4857.37,4,Delayed
PO004964,S038,P0380,2025-01-09,2025-03-07,2025-03-07,948,6262.53,0,On Time
PO004965,S046,P0364,2025-12-29,2026-01-05,2026-01-05,532,8289.25,0,On Time
PO004966,S011,P0495,2024-10-01,2024-10-13,2024-10-13,554,11707.4,0,On Time
PO004967,S030,P0062,2025-11-25,2026-01-11,2026-01-11,48,3730.08,0,On Time
PO004968,S034,P0041,2025-04-04,2025-05-08,2025-05-08,597,22656.63,0,On Time
PO004969,S015,P0480,2024-07-09,2024-09-04,2024-09-04,735,3354.42,0,On Time
PO004970,S040,P0402,2024-03-02,2024-03-24,2024-03-24,135,69201.66,0,On Time
PO004971,S022,P0027,2025-12-02,2025-12-17,2025-12-19,904,2698.88,2,Delayed
PO004972,S003,P0091,2025-03-20,2025-04-06,2025-04-19,893,23236.87,13,Delayed
PO004973,S037,P0172,2025-10-04,2025-11-26,2025-11-26,963,6547.33,0,On Time
PO004974,S045,P0036,2024-08-13,2024-08-20,2024-08-20,194,2616.04,0,On Time
PO004975,S020,P0134,2024-06-30,2024-08-10,2024-08-10,528,12640.09,0,On Time
PO004976,S036,P0485,2025-10-16,2025-10-28,2025-10-30,941,2515.23,2,Delayed
PO004977,S042,P0089,2025-06-26,2025-08-20,2025-08-20,282,1178.65,0,On Time
PO004978,S001,P0440,2025-06-13,2025-08-06,2025-08-06,430,4090.74,0,On Time
PO004979,S004,P0100,2025-03-06,2025-04-14,2025-04-14,926,12591.03,0,On Time
PO004980,S042,P0398,2025-02-13,2025-04-09,2025-04-09,304,5252.83,0,On Time
PO004981,S014,P0163,2025-07-06,2025-08-29,2025-09-03,926,1355.55,5,Delayed
PO004982,S031,P0452,2024-08-04,2024-09-26,2024-10-08,481,7821.27,12,Delayed
PO004983,S003,P0085,2024-04-09,2024-04-26,2024-04-26,109,1146.78,0,On Time
PO004984,S015,P0028,2025-07-19,2025-09-14,2025-09-14,498,4712.46,0,On Time
PO004985,S010,P0060,2025-05-26,2025-06-23,2025-06-23,56,10004.16,0,On Time
PO004986,S031,P0102,2024-01-13,2024-03-06,2024-03-06,872,5564.65,0,On Time
PO004987,S044,P0168,2025-08-02,2025-09-03,2025-09-03,601,32282.24,0,On Time
PO004988,S010,P0452,2024-02-03,2024-03-02,2024-03-02,75,5096.72,0,On Time
PO004989,S044,P0079,2025-05-19,2025-06-20,2025-06-22,997,4227.44,2,Delayed
PO004990,S043,P0138,2025-03-21,2025-05-01,2025-05-01,625,10550.83,0,On Time
PO004991,S002,P0263,2024-05-26,2024-07-06,2024-07-06,466,5128.74,0,On Time
PO004992,S007,P0282,2025-12-24,2026-01-27,2026-01-27,384,3403.05,0,On Time
PO004993,S031,P0247,2024-05-20,2024-07-12,2024-07-12,50,6074.65,0,On Time
PO004994,S033,P0128,2024-05-12,2024-05-24,2024-05-24,995,5650.33,0,On Time
PO004995,S049,P0265,2024-02-09,2024-04-07,2024-04-07,668,6501.26,0,On Time
PO004996,S014,P0254,2025-10-27,2025-12-20,2025-12-20,434,5524.23,0,On Time
PO004997,S002,P0132,2024-12-23,2025-02-02,2025-02-02,549,4711.28,0,On Time
PO004998,S007,P0386,2025-11-07,2025-12-11,2025-12-11,829,4479.89,0,On Time
PO004999,S012,P0403,2025-06-21,2025-07-15,2025-07-15,494,6032.48,0,On Time
PO005000,S021,P0361,2025-03-12,2025-04-20,2025-04-20,750,6333.0,0,On Time
